table_size
322,400
356
33,32,31,1.79769e+308,1.79769e+308,1.79769e+308,27,26,1.79769e+308,24,23,1.79769e+308,1.79769e+308,1.79769e+308,1.79769e+308,20,19,1.79769e+308,21,20,1.79769e+308,31,30,29,28,1.79769e+308,26,25,24,23,22,21,1.79769e+308,1.79769e+308,18,19,18,1.79769e+308,1.79769e+308,19,31,30,29,28,27,26,25,1.79769e+308,1.79769e+308,22,21,20,19,18,17,1.79769e+308,17,16,17,18,1.79769e+308,1.79769e+308,28,27,26,25,24,23,22,1.79769e+308,20,19,18,17,16,17,16,15,16,17,29,28,27,26,25,24,23,22,21,1.79769e+308,19,20,1.79769e+308,1.79769e+308,15,16,1.79769e+308,14,15,1.79769e+308,30,1.79769e+308,26,25,24,23,22,21,20,19,18,1.79769e+308,1.79769e+308,15,14,15,14,13,1.79769e+308,15,1.79769e+308,26,25,24,23,22,21,20,19,18,17,16,15,1.79769e+308,13,1.79769e+308,1.79769e+308,12,13,14,26,25,1.79769e+308,23,22,1.79769e+308,20,19,18,1.79769e+308,16,15,14,13,12,11,10,11,12,13,25,24,23,1.79769e+308,21,20,19,18,17,16,1.79769e+308,16,15,1.79769e+308,11,10,9,1.79769e+308,11,1.79769e+308,24,1.79769e+308,22,21,20,1.79769e+308,18,17,16,15,14,15,16,17,1.79769e+308,9,8,9,10,11,23,22,1.79769e+308,20,19,20,19,1.79769e+308,15,14,13,1.79769e+308,1.79769e+308,1.79769e+308,1.79769e+308,8,7,1.79769e+308,9,10,1.79769e+308,21,20,19,18,19,1.79769e+308,15,14,13,12,1.79769e+308,10,9,8,7,6,7,8,9,21,1.79769e+308,19,18,17,18,1.79769e+308,14,13,12,11,1.79769e+308,9,8,7,6,5,6,7,8,20,19,18,1.79769e+308,16,1.79769e+308,14,13,12,11,10,1.79769e+308,1.79769e+308,7,6,5,4,5,6,7,19,18,17,16,15,14,13,12,11,10,9,1.79769e+308,1.79769e+308,6,1.79769e+308,4,3,4,5,6,20,19,18,17,16,15,14,13,1.79769e+308,9,8,7,6,5,4,3,2,3,4,5,19,1.79769e+308,1.79769e+308,16,15,14,13,12,11,10,9,8,7,1.79769e+308,3,2,1,2,3,4,18,17,16,15,14,13,12,11,1.79769e+308,9,8,7,6,1.79769e+308,2,1,0,1,2,3,1.79769e+308,18,1.79769e+308,14,13,12,11,10,9,8,7,6,5,4,3,2,1.79769e+308,1.79769e+308,1.79769e+308,4,1.79769e+308,1.79769e+308,16,15,14,13,12,11,10,9,8,7,6,5,4,3,4,5,6,5,
147
14,13,12,1.79769e+308,1.79769e+308,1.79769e+308,8,9,1.79769e+308,11,10,1.79769e+308,1.79769e+308,1.79769e+308,1.79769e+308,15,16,1.79769e+308,20,19,1.79769e+308,12,11,10,9,1.79769e+308,7,8,9,10,9,10,1.79769e+308,1.79769e+308,13,14,15,1.79769e+308,1.79769e+308,18,12,11,10,9,8,7,6,1.79769e+308,1.79769e+308,9,8,9,10,11,12,1.79769e+308,14,15,16,17,1.79769e+308,1.79769e+308,9,8,7,6,5,4,5,1.79769e+308,7,8,9,10,11,12,13,14,15,16,10,9,8,7,6,5,4,3,4,1.79769e+308,6,7,1.79769e+308,1.79769e+308,12,13,1.79769e+308,15,16,1.79769e+308,11,1.79769e+308,7,6,5,4,3,2,3,4,5,1.79769e+308,1.79769e+308,12,11,12,13,14,1.79769e+308,16,1.79769e+308,7,6,5,4,3,2,1,2,3,4,5,6,1.79769e+308,10,1.79769e+308,1.79769e+308,13,14,15,9,8,1.79769e+308,6,5,1.79769e+308,1,0,1,1.79769e+308,5,6,7,8,9,10,11,12,13,14,10,9,8,1.79769e+308,4,3,2,1,2,3,1.79769e+308,7,8,1.79769e+308,10,11,12,1.79769e+308,14,1.79769e+308,11,1.79769e+308,7,6,5,1.79769e+308,3,2,3,4,5,6,7,8,1.79769e+308,12,13,14,15,16,12,11,1.79769e+308,7,6,5,4,1.79769e+308,4,5,6,1.79769e+308,1.79769e+308,1.79769e+308,1.79769e+308,13,14,1.79769e+308,16,17,1.79769e+308,10,9,8,7,6,1.79769e+308,6,5,6,7,1.79769e+308,17,16,15,14,15,16,17,18,14,1.79769e+308,10,9,8,7,1.79769e+308,7,6,7,8,1.79769e+308,18,17,16,15,16,17,18,19,13,12,11,1.79769e+308,9,1.79769e+308,9,8,7,8,9,1.79769e+308,1.79769e+308,16,17,16,17,18,19,20,14,13,12,11,10,11,10,9,8,9,10,1.79769e+308,1.79769e+308,15,1.79769e+308,17,18,19,20,21,15,14,13,12,11,12,11,10,1.79769e+308,10,11,12,13,14,15,16,17,18,19,20,16,1.79769e+308,1.79769e+308,13,12,13,12,11,12,11,12,13,14,1.79769e+308,16,17,18,19,20,21,17,16,15,14,13,14,13,12,1.79769e+308,12,13,14,15,1.79769e+308,17,18,19,20,21,22,1.79769e+308,17,1.79769e+308,15,14,15,14,13,14,13,14,15,16,17,18,19,1.79769e+308,1.79769e+308,1.79769e+308,23,1.79769e+308,1.79769e+308,17,16,15,16,15,14,15,14,15,16,17,18,19,20,21,22,23,24,
313
28,27,26,1.79769e+308,1.79769e+308,1.79769e+308,22,23,1.79769e+308,21,20,1.79769e+308,1.79769e+308,1.79769e+308,1.79769e+308,19,20,1.79769e+308,22,21,1.79769e+308,26,25,24,23,1.79769e+308,21,22,21,20,19,20,1.79769e+308,1.79769e+308,17,18,19,1.79769e+308,1.79769e+308,20,26,25,24,23,22,21,20,1.79769e+308,1.79769e+308,19,18,19,18,17,16,1.79769e+308,18,17,18,19,1.79769e+308,1.79769e+308,23,22,21,20,19,18,17,1.79769e+308,17,18,17,16,15,16,17,16,17,18,24,23,22,21,20,19,18,17,16,1.79769e+308,16,17,1.79769e+308,1.79769e+308,14,15,1.79769e+308,15,16,1.79769e+308,25,1.79769e+308,21,20,19,18,17,16,15,16,15,1.79769e+308,1.79769e+308,14,13,14,15,14,1.79769e+308,16,1.79769e+308,21,20,19,18,17,16,15,14,15,14,13,14,1.79769e+308,12,1.79769e+308,1.79769e+308,13,14,15,21,20,1.79769e+308,18,17,1.79769e+308,15,14,13,1.79769e+308,13,12,13,12,11,10,11,12,13,14,20,19,18,1.79769e+308,16,15,14,13,12,11,1.79769e+308,11,12,1.79769e+308,10,9,10,1.79769e+308,12,1.79769e+308,19,1.79769e+308,17,16,15,1.79769e+308,13,12,11,10,9,10,11,12,1.79769e+308,8,9,10,11,12,18,17,1.79769e+308,15,14,15,14,1.79769e+308,10,9,8,1.79769e+308,1.79769e+308,1.79769e+308,1.79769e+308,7,8,1.79769e+308,10,11,1.79769e+308,16,15,14,13,14,1.79769e+308,10,9,8,7,1.79769e+308,5,4,5,6,7,8,9,10,16,1.79769e+308,14,13,12,13,1.79769e+308,9,8,7,6,1.79769e+308,4,3,4,5,6,7,8,9,15,14,13,1.79769e+308,11,1.79769e+308,9,8,7,6,5,1.79769e+308,1.79769e+308,2,3,4,5,6,7,8,14,13,12,11,10,9,8,7,6,5,4,1.79769e+308,1.79769e+308,1,1.79769e+308,3,4,5,6,7,15,14,13,12,11,10,9,8,1.79769e+308,4,3,2,1,0,1,2,3,4,5,6,16,1.79769e+308,1.79769e+308,11,10,9,8,7,6,5,4,3,2,1.79769e+308,2,3,4,5,6,7,15,14,13,12,11,10,9,8,1.79769e+308,6,5,4,3,1.79769e+308,3,4,5,6,7,8,1.79769e+308,15,1.79769e+308,13,12,11,10,9,8,7,6,5,4,5,4,5,1.79769e+308,1.79769e+308,1.79769e+308,9,1.79769e+308,1.79769e+308,15,14,13,12,11,10,9,8,7,6,5,6,5,6,7,8,9,10,
327
23,22,21,1.79769e+308,1.79769e+308,1.79769e+308,19,20,1.79769e+308,20,19,1.79769e+308,1.79769e+308,1.79769e+308,1.79769e+308,24,25,1.79769e+308,29,28,1.79769e+308,21,20,19,18,1.79769e+308,18,19,20,19,18,19,1.79769e+308,1.79769e+308,22,23,24,1.79769e+308,1.79769e+308,27,21,20,19,18,17,18,17,1.79769e+308,1.79769e+308,18,17,18,19,20,21,1.79769e+308,23,24,25,26,1.79769e+308,1.79769e+308,18,17,16,17,16,15,14,1.79769e+308,16,17,18,19,20,21,22,23,24,25,19,18,17,16,15,16,15,14,13,1.79769e+308,15,16,1.79769e+308,1.79769e+308,19,20,1.79769e+308,22,23,1.79769e+308,20,1.79769e+308,16,15,14,15,14,13,12,13,14,1.79769e+308,1.79769e+308,19,18,19,20,21,1.79769e+308,23,1.79769e+308,16,15,14,13,14,13,12,11,12,13,14,15,1.79769e+308,17,1.79769e+308,1.79769e+308,20,21,22,16,15,1.79769e+308,13,12,1.79769e+308,12,11,10,1.79769e+308,14,13,14,15,16,17,18,19,20,21,15,14,13,1.79769e+308,11,12,11,10,9,10,1.79769e+308,12,13,1.79769e+308,17,16,17,1.79769e+308,19,1.79769e+308,14,1.79769e+308,12,11,10,1.79769e+308,10,9,8,9,10,11,12,13,1.79769e+308,15,16,17,18,19,13,12,1.79769e+308,10,9,10,11,1.79769e+308,7,8,9,1.79769e+308,1.79769e+308,1.79769e+308,1.79769e+308,14,15,1.79769e+308,17,18,1.79769e+308,11,10,9,8,9,1.79769e+308,5,6,7,8,1.79769e+308,12,11,12,13,14,15,16,17,11,1.79769e+308,9,8,7,8,1.79769e+308,4,5,6,7,1.79769e+308,11,10,11,12,13,14,15,16,10,9,8,1.79769e+308,6,1.79769e+308,4,3,4,5,6,1.79769e+308,1.79769e+308,9,10,11,12,13,14,15,9,8,7,6,5,4,3,2,3,4,5,1.79769e+308,1.79769e+308,8,1.79769e+308,10,11,12,13,14,8,7,6,5,4,3,2,1,1.79769e+308,3,4,5,6,7,8,9,10,11,12,13,9,1.79769e+308,1.79769e+308,4,3,2,1,0,1,2,3,4,5,1.79769e+308,9,10,11,12,13,14,8,7,6,5,4,3,2,1,1.79769e+308,3,4,5,6,1.79769e+308,10,11,12,13,14,15,1.79769e+308,8,1.79769e+308,6,5,4,3,2,3,4,5,6,7,8,9,10,1.79769e+308,1.79769e+308,1.79769e+308,16,1.79769e+308,1.79769e+308,8,7,6,5,4,3,4,5,6,7,8,9,10,11,12,13,14,15,
337
33,32,31,1.79769e+308,1.79769e+308,1.79769e+308,27,26,1.79769e+308,24,23,1.79769e+308,1.79769e+308,1.79769e+308,1.79769e+308,20,19,1.79769e+308,21,20,1.79769e+308,31,30,29,28,1.79769e+308,26,25,24,23,22,21,1.79769e+308,1.79769e+308,18,19,18,1.79769e+308,1.79769e+308,19,31,30,29,28,27,26,25,1.79769e+308,1.79769e+308,22,21,20,19,18,17,1.79769e+308,17,16,17,18,1.79769e+308,1.79769e+308,28,27,26,25,24,23,22,1.79769e+308,20,19,18,17,16,17,16,15,16,17,29,28,27,26,25,24,23,22,21,1.79769e+308,19,20,1.79769e+308,1.79769e+308,15,16,1.79769e+308,14,15,1.79769e+308,30,1.79769e+308,26,25,24,23,22,21,20,19,18,1.79769e+308,1.79769e+308,15,14,15,14,13,1.79769e+308,13,1.79769e+308,26,25,24,23,22,21,20,19,18,17,16,15,1.79769e+308,13,1.79769e+308,1.79769e+308,12,11,12,26,25,1.79769e+308,23,22,1.79769e+308,20,19,18,1.79769e+308,16,15,14,13,12,11,10,11,10,11,25,24,23,1.79769e+308,21,20,19,18,17,16,1.79769e+308,16,15,1.79769e+308,11,10,9,1.79769e+308,9,1.79769e+308,24,1.79769e+308,22,21,20,1.79769e+308,18,17,16,15,14,15,16,17,1.79769e+308,9,8,9,8,9,23,22,1.79769e+308,20,19,20,19,1.79769e+308,15,14,13,1.79769e+308,1.79769e+308,1.79769e+308,1.79769e+308,8,7,1.79769e+308,7,8,1.79769e+308,21,20,19,18,19,1.79769e+308,15,14,13,12,1.79769e+308,10,9,8,7,6,5,6,7,21,1.79769e+308,19,18,17,18,1.79769e+308,14,13,12,11,1.79769e+308,9,8,7,6,5,4,5,6,20,19,18,1.79769e+308,16,1.79769e+308,14,13,12,11,10,1.79769e+308,1.79769e+308,7,6,5,4,3,4,5,19,18,17,16,15,14,13,12,11,10,9,1.79769e+308,1.79769e+308,6,1.79769e+308,4,3,2,3,4,20,19,18,17,16,15,14,13,1.79769e+308,9,8,7,6,5,4,3,2,1,2,3,21,1.79769e+308,1.79769e+308,16,15,14,13,12,11,10,9,8,7,1.79769e+308,3,2,1,0,1,2,20,19,18,17,16,15,14,13,1.79769e+308,11,10,9,8,1.79769e+308,4,3,2,1,2,3,1.79769e+308,20,1.79769e+308,16,15,14,13,12,11,10,9,8,7,6,5,4,1.79769e+308,1.79769e+308,1.79769e+308,4,1.79769e+308,1.79769e+308,18,17,16,15,14,13,12,11,10,9,8,7,6,5,6,7,6,5,
347
24,23,22,1.79769e+308,1.79769e+308,1.79769e+308,20,21,1.79769e+308,21,20,1.79769e+308,1.79769e+308,1.79769e+308,1.79769e+308,25,26,1.79769e+308,30,29,1.79769e+308,22,21,20,19,1.79769e+308,19,20,21,20,19,20,1.79769e+308,1.79769e+308,23,24,25,1.79769e+308,1.79769e+308,28,22,21,20,19,18,19,18,1.79769e+308,1.79769e+308,19,18,19,20,21,22,1.79769e+308,24,25,26,27,1.79769e+308,1.79769e+308,19,18,17,18,17,16,15,1.79769e+308,17,18,19,20,21,22,23,24,25,26,20,19,18,17,16,17,16,15,14,1.79769e+308,16,17,1.79769e+308,1.79769e+308,20,21,1.79769e+308,23,24,1.79769e+308,21,1.79769e+308,17,16,15,16,15,14,13,14,15,1.79769e+308,1.79769e+308,20,19,20,21,22,1.79769e+308,24,1.79769e+308,17,16,15,14,15,14,13,12,13,14,15,16,1.79769e+308,18,1.79769e+308,1.79769e+308,21,22,23,17,16,1.79769e+308,14,13,1.79769e+308,13,12,11,1.79769e+308,15,14,15,16,17,18,19,20,21,22,16,15,14,1.79769e+308,12,13,12,11,10,11,1.79769e+308,13,14,1.79769e+308,18,17,18,1.79769e+308,20,1.79769e+308,15,1.79769e+308,13,12,11,1.79769e+308,11,10,9,10,11,12,13,14,1.79769e+308,16,17,18,19,20,14,13,1.79769e+308,11,10,11,12,1.79769e+308,8,9,10,1.79769e+308,1.79769e+308,1.79769e+308,1.79769e+308,15,16,1.79769e+308,18,19,1.79769e+308,12,11,10,9,10,1.79769e+308,6,7,8,9,1.79769e+308,13,12,13,14,15,16,17,18,12,1.79769e+308,10,9,8,9,1.79769e+308,5,6,7,8,1.79769e+308,12,11,12,13,14,15,16,17,11,10,9,1.79769e+308,7,1.79769e+308,5,4,5,6,7,1.79769e+308,1.79769e+308,10,11,12,13,14,15,16,10,9,8,7,6,5,4,3,4,5,6,1.79769e+308,1.79769e+308,9,1.79769e+308,11,12,13,14,15,9,8,7,6,5,4,3,2,1.79769e+308,4,5,6,7,8,9,10,11,12,13,14,8,1.79769e+308,1.79769e+308,5,4,3,2,1,2,3,4,5,6,1.79769e+308,10,11,12,13,14,15,7,6,5,4,3,2,1,0,1.79769e+308,4,5,6,7,1.79769e+308,9,10,11,12,13,14,1.79769e+308,7,1.79769e+308,5,4,3,2,1,2,3,4,5,6,7,8,9,1.79769e+308,1.79769e+308,1.79769e+308,15,1.79769e+308,1.79769e+308,7,6,5,4,3,2,3,4,5,6,7,8,9,10,11,12,13,14,
107
12,11,10,1.79769e+308,1.79769e+308,1.79769e+308,6,7,1.79769e+308,9,8,1.79769e+308,1.79769e+308,1.79769e+308,1.79769e+308,13,14,1.79769e+308,18,17,1.79769e+308,10,9,8,7,1.79769e+308,5,6,7,8,7,8,1.79769e+308,1.79769e+308,11,12,13,1.79769e+308,1.79769e+308,16,10,9,8,7,6,5,4,1.79769e+308,1.79769e+308,7,6,7,8,9,10,1.79769e+308,12,13,14,15,1.79769e+308,1.79769e+308,7,6,5,4,3,2,3,1.79769e+308,5,6,7,8,9,10,11,12,13,14,8,7,6,5,4,3,2,1,2,1.79769e+308,4,5,1.79769e+308,1.79769e+308,10,11,1.79769e+308,13,14,1.79769e+308,9,1.79769e+308,5,4,3,2,1,0,1,2,3,1.79769e+308,1.79769e+308,12,11,12,13,14,1.79769e+308,16,1.79769e+308,7,6,5,4,3,2,1,2,3,4,5,6,1.79769e+308,10,1.79769e+308,1.79769e+308,13,14,15,9,8,1.79769e+308,6,5,1.79769e+308,3,2,3,1.79769e+308,5,6,7,8,9,10,11,12,13,14,10,9,10,1.79769e+308,6,5,4,3,4,5,1.79769e+308,7,8,1.79769e+308,10,11,12,1.79769e+308,14,1.79769e+308,11,1.79769e+308,9,8,7,1.79769e+308,5,4,5,6,7,8,9,10,1.79769e+308,12,13,14,15,16,12,13,1.79769e+308,9,8,7,6,1.79769e+308,6,7,8,1.79769e+308,1.79769e+308,1.79769e+308,1.79769e+308,13,14,1.79769e+308,16,17,1.79769e+308,12,11,10,9,8,1.79769e+308,8,7,8,9,1.79769e+308,17,16,15,14,15,16,17,18,16,1.79769e+308,12,11,10,9,1.79769e+308,9,8,9,10,1.79769e+308,18,17,16,15,16,17,18,19,15,14,13,1.79769e+308,11,1.79769e+308,11,10,9,10,11,1.79769e+308,1.79769e+308,18,17,16,17,18,19,20,16,15,14,13,12,13,12,11,10,11,12,1.79769e+308,1.79769e+308,17,1.79769e+308,17,18,19,20,21,17,16,15,14,13,14,13,12,1.79769e+308,12,13,14,15,16,17,18,19,20,21,22,18,1.79769e+308,1.79769e+308,15,14,15,14,13,14,13,14,15,16,1.79769e+308,18,19,20,21,22,23,19,18,17,16,15,16,15,14,1.79769e+308,14,15,16,17,1.79769e+308,19,20,21,22,23,24,1.79769e+308,19,1.79769e+308,17,16,17,16,15,16,15,16,17,18,19,20,21,1.79769e+308,1.79769e+308,1.79769e+308,25,1.79769e+308,1.79769e+308,19,18,17,18,17,16,17,16,17,18,19,20,21,22,23,24,25,26,
388
27,26,25,1.79769e+308,1.79769e+308,1.79769e+308,23,24,1.79769e+308,24,23,1.79769e+308,1.79769e+308,1.79769e+308,1.79769e+308,26,27,1.79769e+308,31,30,1.79769e+308,25,24,23,22,1.79769e+308,22,23,24,23,22,23,1.79769e+308,1.79769e+308,24,25,26,1.79769e+308,1.79769e+308,29,25,24,23,22,21,22,21,1.79769e+308,1.79769e+308,22,21,22,23,24,23,1.79769e+308,25,26,27,28,1.79769e+308,1.79769e+308,22,21,20,21,20,19,18,1.79769e+308,20,21,22,23,22,23,24,25,26,27,23,22,21,20,19,20,19,18,17,1.79769e+308,19,20,1.79769e+308,1.79769e+308,21,22,1.79769e+308,24,25,1.79769e+308,24,1.79769e+308,20,19,18,19,18,17,16,17,18,1.79769e+308,1.79769e+308,21,20,21,22,23,1.79769e+308,25,1.79769e+308,20,19,18,17,18,17,16,15,16,17,16,17,1.79769e+308,19,1.79769e+308,1.79769e+308,22,23,24,20,19,1.79769e+308,17,16,1.79769e+308,16,15,14,1.79769e+308,16,15,16,17,18,19,20,21,22,23,19,18,17,1.79769e+308,15,16,15,14,13,12,1.79769e+308,14,15,1.79769e+308,19,18,19,1.79769e+308,21,1.79769e+308,18,1.79769e+308,16,15,14,1.79769e+308,14,13,12,11,12,13,14,15,1.79769e+308,17,18,19,20,21,17,16,1.79769e+308,14,13,14,15,1.79769e+308,11,10,11,1.79769e+308,1.79769e+308,1.79769e+308,1.79769e+308,16,17,1.79769e+308,19,20,1.79769e+308,15,14,13,12,13,1.79769e+308,9,10,9,10,1.79769e+308,14,13,14,15,16,17,18,19,15,1.79769e+308,13,12,11,12,1.79769e+308,8,9,8,9,1.79769e+308,13,12,13,14,15,16,17,18,14,13,12,1.79769e+308,10,1.79769e+308,8,7,8,7,8,1.79769e+308,1.79769e+308,11,12,13,14,15,16,17,13,12,11,10,9,8,7,6,7,6,7,1.79769e+308,1.79769e+308,10,1.79769e+308,12,13,14,15,16,12,11,10,9,8,7,6,5,1.79769e+308,5,6,7,8,9,10,11,12,13,14,15,11,1.79769e+308,1.79769e+308,8,7,6,5,4,5,4,5,6,7,1.79769e+308,9,10,11,12,13,14,10,9,8,7,6,5,4,3,1.79769e+308,3,4,5,6,1.79769e+308,8,9,10,11,12,13,1.79769e+308,10,1.79769e+308,6,5,4,3,2,1,2,3,4,5,6,7,8,1.79769e+308,1.79769e+308,1.79769e+308,12,1.79769e+308,1.79769e+308,6,5,4,3,2,1,0,1,2,3,4,5,6,7,8,9,10,11,
129
15,14,13,1.79769e+308,1.79769e+308,1.79769e+308,9,10,1.79769e+308,8,7,1.79769e+308,1.79769e+308,1.79769e+308,1.79769e+308,12,13,1.79769e+308,17,16,1.79769e+308,13,12,11,10,1.79769e+308,8,9,8,7,6,7,1.79769e+308,1.79769e+308,10,11,12,1.79769e+308,1.79769e+308,15,13,12,11,10,9,8,7,1.79769e+308,1.79769e+308,6,5,6,7,8,9,1.79769e+308,11,12,13,14,1.79769e+308,1.79769e+308,10,9,8,7,6,5,4,1.79769e+308,4,5,6,7,8,9,10,11,12,13,11,10,9,8,7,6,5,4,3,1.79769e+308,3,4,1.79769e+308,1.79769e+308,9,10,1.79769e+308,12,13,1.79769e+308,12,1.79769e+308,8,7,6,5,4,3,2,1,2,1.79769e+308,1.79769e+308,9,8,9,10,11,1.79769e+308,13,1.79769e+308,8,7,6,5,4,3,2,1,0,1,2,3,1.79769e+308,7,1.79769e+308,1.79769e+308,10,11,12,10,9,1.79769e+308,7,6,1.79769e+308,4,3,2,1.79769e+308,2,3,4,5,6,7,8,9,10,11,11,10,11,1.79769e+308,7,6,5,4,3,4,1.79769e+308,4,5,1.79769e+308,7,8,9,1.79769e+308,11,1.79769e+308,12,1.79769e+308,10,9,8,1.79769e+308,6,5,4,5,6,5,6,7,1.79769e+308,9,10,11,12,13,13,14,1.79769e+308,10,9,8,7,1.79769e+308,5,6,7,1.79769e+308,1.79769e+308,1.79769e+308,1.79769e+308,10,11,1.79769e+308,13,14,1.79769e+308,13,12,11,10,9,1.79769e+308,7,6,7,8,1.79769e+308,14,13,12,11,12,13,14,15,17,1.79769e+308,13,12,11,10,1.79769e+308,8,7,8,9,1.79769e+308,15,14,13,12,13,14,15,16,16,15,14,1.79769e+308,12,1.79769e+308,10,9,8,9,10,1.79769e+308,1.79769e+308,15,14,13,14,15,16,17,17,16,15,14,13,12,11,10,9,10,11,1.79769e+308,1.79769e+308,16,1.79769e+308,14,15,16,17,18,18,17,16,15,14,13,12,11,1.79769e+308,11,12,13,14,15,16,15,16,17,18,19,19,1.79769e+308,1.79769e+308,16,15,14,13,12,13,12,13,14,15,1.79769e+308,17,16,17,18,19,20,20,19,18,17,16,15,14,13,1.79769e+308,13,14,15,16,1.79769e+308,18,17,18,19,20,21,1.79769e+308,20,1.79769e+308,18,17,16,15,14,15,14,15,16,17,18,19,18,1.79769e+308,1.79769e+308,1.79769e+308,22,1.79769e+308,1.79769e+308,20,19,18,17,16,15,16,15,16,17,18,19,20,19,20,21,22,23,
373
31,30,29,1.79769e+308,1.79769e+308,1.79769e+308,25,26,1.79769e+308,24,23,1.79769e+308,1.79769e+308,1.79769e+308,1.79769e+308,22,23,1.79769e+308,25,24,1.79769e+308,29,28,27,26,1.79769e+308,24,25,24,23,22,23,1.79769e+308,1.79769e+308,20,21,22,1.79769e+308,1.79769e+308,23,29,28,27,26,25,24,23,1.79769e+308,1.79769e+308,22,21,22,21,20,19,1.79769e+308,21,20,21,22,1.79769e+308,1.79769e+308,26,25,24,23,22,21,20,1.79769e+308,20,21,20,19,18,19,20,19,20,21,27,26,25,24,23,22,21,20,19,1.79769e+308,19,20,1.79769e+308,1.79769e+308,17,18,1.79769e+308,18,19,1.79769e+308,28,1.79769e+308,24,23,22,21,20,19,18,19,18,1.79769e+308,1.79769e+308,17,16,17,18,17,1.79769e+308,19,1.79769e+308,24,23,22,21,20,19,18,17,18,17,16,17,1.79769e+308,15,1.79769e+308,1.79769e+308,16,17,18,24,23,1.79769e+308,21,20,1.79769e+308,18,17,16,1.79769e+308,16,15,16,15,14,13,14,15,16,17,23,22,21,1.79769e+308,19,18,17,16,15,14,1.79769e+308,14,15,1.79769e+308,13,12,13,1.79769e+308,15,1.79769e+308,22,1.79769e+308,20,19,18,1.79769e+308,16,15,14,13,12,13,14,15,1.79769e+308,11,12,13,14,15,21,20,1.79769e+308,18,17,18,17,1.79769e+308,13,12,11,1.79769e+308,1.79769e+308,1.79769e+308,1.79769e+308,10,11,1.79769e+308,13,14,1.79769e+308,19,18,17,16,17,1.79769e+308,13,12,11,10,1.79769e+308,10,9,10,9,10,11,12,13,19,1.79769e+308,17,16,15,16,1.79769e+308,12,11,10,9,1.79769e+308,9,8,9,8,9,10,11,12,18,17,16,1.79769e+308,14,1.79769e+308,12,11,10,9,8,1.79769e+308,1.79769e+308,7,8,7,8,9,10,11,17,16,15,14,13,12,11,10,9,8,7,1.79769e+308,1.79769e+308,6,1.79769e+308,6,7,8,9,10,16,15,14,13,12,11,10,9,1.79769e+308,7,6,5,4,5,4,5,6,7,8,9,15,1.79769e+308,1.79769e+308,12,11,10,9,8,7,6,5,4,3,1.79769e+308,3,4,5,6,7,8,14,13,12,11,10,9,8,7,1.79769e+308,5,4,3,2,1.79769e+308,2,3,4,5,6,7,1.79769e+308,14,1.79769e+308,10,9,8,7,6,5,4,3,2,1,0,1,2,1.79769e+308,1.79769e+308,1.79769e+308,8,1.79769e+308,1.79769e+308,12,11,10,9,8,7,6,5,4,3,2,1,2,3,4,5,6,7,
223
16,15,14,1.79769e+308,1.79769e+308,1.79769e+308,14,15,1.79769e+308,17,18,1.79769e+308,1.79769e+308,1.79769e+308,1.79769e+308,23,24,1.79769e+308,28,27,1.79769e+308,14,13,12,11,1.79769e+308,13,14,15,16,17,18,1.79769e+308,1.79769e+308,21,22,23,1.79769e+308,1.79769e+308,26,14,13,12,11,10,11,12,1.79769e+308,1.79769e+308,17,16,17,18,19,20,1.79769e+308,22,23,24,25,1.79769e+308,1.79769e+308,11,10,9,10,11,12,13,1.79769e+308,15,16,17,18,19,20,21,22,23,24,12,11,10,9,8,9,10,11,12,1.79769e+308,14,15,1.79769e+308,1.79769e+308,18,19,1.79769e+308,21,22,1.79769e+308,13,1.79769e+308,9,8,7,8,9,10,11,12,13,1.79769e+308,1.79769e+308,18,17,18,19,20,1.79769e+308,22,1.79769e+308,7,8,7,6,7,8,9,10,11,12,13,14,1.79769e+308,16,1.79769e+308,1.79769e+308,19,20,21,7,6,1.79769e+308,6,5,1.79769e+308,7,8,9,1.79769e+308,13,12,13,14,15,16,17,18,19,20,6,5,4,1.79769e+308,4,5,6,7,8,9,1.79769e+308,11,12,1.79769e+308,16,17,18,1.79769e+308,20,1.79769e+308,5,1.79769e+308,3,2,3,1.79769e+308,5,6,7,8,9,10,11,12,1.79769e+308,18,19,20,21,22,4,3,1.79769e+308,1,2,3,4,1.79769e+308,8,9,10,1.79769e+308,1.79769e+308,1.79769e+308,1.79769e+308,19,20,1.79769e+308,22,23,1.79769e+308,2,1,0,1,2,1.79769e+308,10,9,10,11,1.79769e+308,19,18,19,20,21,22,23,24,6,1.79769e+308,2,1,2,3,1.79769e+308,9,10,11,12,1.79769e+308,18,17,18,19,20,21,22,23,5,4,3,1.79769e+308,3,1.79769e+308,7,8,9,10,11,1.79769e+308,1.79769e+308,16,17,18,19,20,21,22,6,5,4,5,4,5,6,7,8,9,10,1.79769e+308,1.79769e+308,15,1.79769e+308,17,18,19,20,21,7,6,5,6,5,6,7,8,1.79769e+308,10,11,12,13,14,15,16,17,18,19,20,8,1.79769e+308,1.79769e+308,7,6,7,8,9,10,11,12,13,14,1.79769e+308,16,17,18,19,20,21,9,10,9,8,7,8,9,10,1.79769e+308,12,13,14,15,1.79769e+308,17,18,19,20,21,22,1.79769e+308,11,1.79769e+308,9,8,9,10,11,12,13,14,15,16,17,18,19,1.79769e+308,1.79769e+308,1.79769e+308,23,1.79769e+308,1.79769e+308,11,10,9,10,11,12,13,14,15,16,17,18,19,20,21,22,23,24,
350
27,26,25,1.79769e+308,1.79769e+308,1.79769e+308,21,22,1.79769e+308,20,19,1.79769e+308,1.79769e+308,1.79769e+308,1.79769e+308,22,23,1.79769e+308,27,26,1.79769e+308,25,24,23,22,1.79769e+308,20,21,20,19,18,19,1.79769e+308,1.79769e+308,20,21,22,1.79769e+308,1.79769e+308,25,25,24,23,22,21,20,19,1.79769e+308,1.79769e+308,18,17,18,19,20,19,1.79769e+308,21,22,23,24,1.79769e+308,1.79769e+308,22,21,20,19,18,17,16,1.79769e+308,16,17,18,19,18,19,20,21,22,23,23,22,21,20,19,18,17,16,15,1.79769e+308,15,16,1.79769e+308,1.79769e+308,17,18,1.79769e+308,20,21,1.79769e+308,24,1.79769e+308,20,19,18,17,16,15,14,15,14,1.79769e+308,1.79769e+308,17,16,17,18,19,1.79769e+308,21,1.79769e+308,20,19,18,17,16,15,14,13,14,13,12,13,1.79769e+308,15,1.79769e+308,1.79769e+308,18,19,20,20,19,1.79769e+308,17,16,1.79769e+308,14,13,12,1.79769e+308,12,11,12,13,14,15,16,17,18,19,19,18,17,1.79769e+308,15,14,13,12,11,10,1.79769e+308,10,11,1.79769e+308,15,14,15,1.79769e+308,17,1.79769e+308,18,1.79769e+308,16,15,14,1.79769e+308,12,11,10,9,8,9,10,11,1.79769e+308,13,14,15,16,17,17,16,1.79769e+308,14,13,14,13,1.79769e+308,9,8,7,1.79769e+308,1.79769e+308,1.79769e+308,1.79769e+308,12,13,1.79769e+308,15,16,1.79769e+308,15,14,13,12,13,1.79769e+308,9,8,7,6,1.79769e+308,10,9,10,11,12,13,14,15,15,1.79769e+308,13,12,11,12,1.79769e+308,8,7,6,5,1.79769e+308,9,8,9,10,11,12,13,14,14,13,12,1.79769e+308,10,1.79769e+308,8,7,6,5,4,1.79769e+308,1.79769e+308,7,8,9,10,11,12,13,13,12,11,10,9,8,7,6,5,4,3,1.79769e+308,1.79769e+308,6,1.79769e+308,8,9,10,11,12,12,11,10,9,8,7,6,5,1.79769e+308,3,2,3,4,5,6,7,8,9,10,11,13,1.79769e+308,1.79769e+308,8,7,6,5,4,3,2,1,2,3,1.79769e+308,7,8,9,10,11,12,12,11,10,9,8,7,6,5,1.79769e+308,1,0,1,2,1.79769e+308,6,7,8,9,10,11,1.79769e+308,12,1.79769e+308,8,7,6,5,4,3,2,1,2,3,4,5,6,1.79769e+308,1.79769e+308,1.79769e+308,12,1.79769e+308,1.79769e+308,10,9,8,7,6,5,4,3,2,3,4,5,6,7,8,9,10,11,
83
7,6,5,1.79769e+308,1.79769e+308,1.79769e+308,7,8,1.79769e+308,10,11,1.79769e+308,1.79769e+308,1.79769e+308,1.79769e+308,18,19,1.79769e+308,23,22,1.79769e+308,5,4,3,4,1.79769e+308,6,7,8,9,10,11,1.79769e+308,1.79769e+308,16,17,18,1.79769e+308,1.79769e+308,21,5,4,3,2,3,4,5,1.79769e+308,1.79769e+308,10,11,12,13,14,15,1.79769e+308,17,18,19,20,1.79769e+308,1.79769e+308,2,1,2,3,4,5,6,1.79769e+308,10,11,12,13,14,15,16,17,18,19,3,2,1,0,1,2,3,4,5,1.79769e+308,9,10,1.79769e+308,1.79769e+308,15,16,1.79769e+308,18,19,1.79769e+308,4,1.79769e+308,2,1,2,3,4,5,6,7,8,1.79769e+308,1.79769e+308,17,16,17,18,19,1.79769e+308,21,1.79769e+308,4,3,2,3,4,5,6,7,8,9,10,11,1.79769e+308,15,1.79769e+308,1.79769e+308,18,19,20,6,5,1.79769e+308,3,4,1.79769e+308,6,7,8,1.79769e+308,10,11,12,13,14,15,16,17,18,19,7,6,7,1.79769e+308,5,6,7,8,9,10,1.79769e+308,12,13,1.79769e+308,15,16,17,1.79769e+308,19,1.79769e+308,8,1.79769e+308,8,7,6,1.79769e+308,8,9,10,11,12,13,14,15,1.79769e+308,17,18,19,20,21,9,10,1.79769e+308,8,7,8,9,1.79769e+308,11,12,13,1.79769e+308,1.79769e+308,1.79769e+308,1.79769e+308,18,19,1.79769e+308,21,22,1.79769e+308,11,10,9,8,9,1.79769e+308,13,12,13,14,1.79769e+308,22,21,20,19,20,21,22,23,15,1.79769e+308,11,10,9,10,1.79769e+308,14,13,14,15,1.79769e+308,23,22,21,20,21,22,23,24,14,13,12,1.79769e+308,10,1.79769e+308,14,15,14,15,16,1.79769e+308,1.79769e+308,23,22,21,22,23,24,25,15,14,13,12,11,12,13,14,15,16,17,1.79769e+308,1.79769e+308,22,1.79769e+308,22,23,24,25,26,16,15,14,13,12,13,14,15,1.79769e+308,17,18,19,20,21,22,23,24,25,26,27,17,1.79769e+308,1.79769e+308,14,13,14,15,16,17,18,19,20,21,1.79769e+308,23,24,25,26,27,28,18,17,16,15,14,15,16,17,1.79769e+308,19,20,21,22,1.79769e+308,24,25,26,27,28,29,1.79769e+308,18,1.79769e+308,16,15,16,17,18,19,20,21,22,23,24,25,26,1.79769e+308,1.79769e+308,1.79769e+308,30,1.79769e+308,1.79769e+308,18,17,16,17,18,19,20,21,22,23,24,25,26,27,28,29,30,31,
359
36,35,34,1.79769e+308,1.79769e+308,1.79769e+308,30,29,1.79769e+308,27,26,1.79769e+308,1.79769e+308,1.79769e+308,1.79769e+308,21,20,1.79769e+308,22,21,1.79769e+308,34,33,32,31,1.79769e+308,29,28,27,26,25,24,1.79769e+308,1.79769e+308,21,20,19,1.79769e+308,1.79769e+308,20,34,33,32,31,30,29,28,1.79769e+308,1.79769e+308,25,24,23,22,21,20,1.79769e+308,18,17,18,19,1.79769e+308,1.79769e+308,31,30,29,28,27,26,25,1.79769e+308,23,22,21,20,19,18,17,16,17,18,32,31,30,29,28,27,26,25,24,1.79769e+308,22,23,1.79769e+308,1.79769e+308,18,17,1.79769e+308,15,16,1.79769e+308,33,1.79769e+308,29,28,27,26,25,24,23,22,21,1.79769e+308,1.79769e+308,18,17,16,15,14,1.79769e+308,14,1.79769e+308,29,28,27,26,25,24,23,22,21,20,19,18,1.79769e+308,16,1.79769e+308,1.79769e+308,13,12,13,29,28,1.79769e+308,26,25,1.79769e+308,23,22,21,1.79769e+308,19,18,17,16,15,14,13,12,11,12,28,27,26,1.79769e+308,24,23,22,21,20,19,1.79769e+308,19,18,1.79769e+308,14,13,12,1.79769e+308,10,1.79769e+308,27,1.79769e+308,25,24,23,1.79769e+308,21,20,19,18,17,18,19,20,1.79769e+308,12,11,10,9,8,26,25,1.79769e+308,23,22,23,22,1.79769e+308,18,17,16,1.79769e+308,1.79769e+308,1.79769e+308,1.79769e+308,11,10,1.79769e+308,8,7,1.79769e+308,24,23,22,21,22,1.79769e+308,18,17,16,15,1.79769e+308,13,12,11,10,9,8,7,6,24,1.79769e+308,22,21,20,21,1.79769e+308,17,16,15,14,1.79769e+308,12,11,10,9,8,7,6,5,23,22,21,1.79769e+308,19,1.79769e+308,17,16,15,14,13,1.79769e+308,1.79769e+308,10,9,8,7,6,5,4,22,21,20,19,18,17,16,15,14,13,12,1.79769e+308,1.79769e+308,9,1.79769e+308,7,6,5,4,3,23,22,21,20,19,18,17,16,1.79769e+308,12,11,10,9,8,7,6,5,4,3,2,22,1.79769e+308,1.79769e+308,19,18,17,16,15,14,13,12,11,10,1.79769e+308,6,5,4,3,2,1,21,20,19,18,17,16,15,14,1.79769e+308,12,11,10,9,1.79769e+308,5,4,3,2,1,0,1.79769e+308,21,1.79769e+308,17,16,15,14,13,12,11,10,9,8,7,6,5,1.79769e+308,1.79769e+308,1.79769e+308,1,1.79769e+308,1.79769e+308,19,18,17,16,15,14,13,12,11,10,9,8,7,6,5,4,3,2,
148
15,14,13,1.79769e+308,1.79769e+308,1.79769e+308,9,10,1.79769e+308,10,9,1.79769e+308,1.79769e+308,1.79769e+308,1.79769e+308,14,15,1.79769e+308,19,18,1.79769e+308,13,12,11,10,1.79769e+308,8,9,10,9,8,9,1.79769e+308,1.79769e+308,12,13,14,1.79769e+308,1.79769e+308,17,13,12,11,10,9,8,7,1.79769e+308,1.79769e+308,8,7,8,9,10,11,1.79769e+308,13,14,15,16,1.79769e+308,1.79769e+308,10,9,8,7,6,5,4,1.79769e+308,6,7,8,9,10,11,12,13,14,15,11,10,9,8,7,6,5,4,3,1.79769e+308,5,6,1.79769e+308,1.79769e+308,11,12,1.79769e+308,14,15,1.79769e+308,12,1.79769e+308,8,7,6,5,4,3,2,3,4,1.79769e+308,1.79769e+308,11,10,11,12,13,1.79769e+308,15,1.79769e+308,8,7,6,5,4,3,2,1,2,3,4,5,1.79769e+308,9,1.79769e+308,1.79769e+308,12,13,14,10,9,1.79769e+308,7,6,1.79769e+308,2,1,0,1.79769e+308,4,5,6,7,8,9,10,11,12,13,11,10,9,1.79769e+308,5,4,3,2,1,2,1.79769e+308,6,7,1.79769e+308,9,10,11,1.79769e+308,13,1.79769e+308,12,1.79769e+308,8,7,6,1.79769e+308,4,3,2,3,4,5,6,7,1.79769e+308,11,12,13,14,15,13,12,1.79769e+308,8,7,6,5,1.79769e+308,3,4,5,1.79769e+308,1.79769e+308,1.79769e+308,1.79769e+308,12,13,1.79769e+308,15,16,1.79769e+308,11,10,9,8,7,1.79769e+308,5,4,5,6,1.79769e+308,16,15,14,13,14,15,16,17,15,1.79769e+308,11,10,9,8,1.79769e+308,6,5,6,7,1.79769e+308,17,16,15,14,15,16,17,18,14,13,12,1.79769e+308,10,1.79769e+308,8,7,6,7,8,1.79769e+308,1.79769e+308,15,16,15,16,17,18,19,15,14,13,12,11,10,9,8,7,8,9,1.79769e+308,1.79769e+308,14,1.79769e+308,16,17,18,19,20,16,15,14,13,12,11,10,9,1.79769e+308,9,10,11,12,13,14,15,16,17,18,19,17,1.79769e+308,1.79769e+308,14,13,12,11,10,11,10,11,12,13,1.79769e+308,15,16,17,18,19,20,18,17,16,15,14,13,12,11,1.79769e+308,11,12,13,14,1.79769e+308,16,17,18,19,20,21,1.79769e+308,18,1.79769e+308,16,15,14,13,12,13,12,13,14,15,16,17,18,1.79769e+308,1.79769e+308,1.79769e+308,22,1.79769e+308,1.79769e+308,18,17,16,15,14,13,14,13,14,15,16,17,18,19,20,21,22,23,
115
22,21,20,1.79769e+308,1.79769e+308,1.79769e+308,14,13,1.79769e+308,11,10,1.79769e+308,1.79769e+308,1.79769e+308,1.79769e+308,7,6,1.79769e+308,10,9,1.79769e+308,20,19,18,17,1.79769e+308,13,12,11,10,9,8,1.79769e+308,1.79769e+308,5,6,5,1.79769e+308,1.79769e+308,8,20,19,18,17,16,15,14,1.79769e+308,1.79769e+308,9,8,7,6,5,4,1.79769e+308,4,5,6,7,1.79769e+308,1.79769e+308,19,18,17,16,15,14,13,1.79769e+308,7,6,5,4,3,2,3,4,5,6,20,19,18,17,16,15,14,13,12,1.79769e+308,8,7,1.79769e+308,1.79769e+308,2,1,1.79769e+308,3,4,1.79769e+308,21,1.79769e+308,17,16,15,14,13,12,11,10,9,1.79769e+308,1.79769e+308,2,1,0,1,2,1.79769e+308,6,1.79769e+308,17,16,15,14,13,12,11,10,9,8,7,6,1.79769e+308,2,1.79769e+308,1.79769e+308,3,4,5,19,18,1.79769e+308,16,15,1.79769e+308,13,12,11,1.79769e+308,7,6,5,4,3,4,5,4,5,6,20,19,20,1.79769e+308,16,15,14,13,12,11,1.79769e+308,7,6,1.79769e+308,4,5,6,1.79769e+308,6,1.79769e+308,21,1.79769e+308,19,18,17,1.79769e+308,13,12,11,10,9,8,7,8,1.79769e+308,6,7,8,7,8,22,21,1.79769e+308,17,16,15,14,1.79769e+308,12,11,10,1.79769e+308,1.79769e+308,1.79769e+308,1.79769e+308,7,8,1.79769e+308,8,9,1.79769e+308,20,19,18,17,16,1.79769e+308,14,13,12,11,1.79769e+308,11,10,9,8,9,10,9,10,24,1.79769e+308,20,19,18,17,1.79769e+308,15,14,13,12,1.79769e+308,12,11,10,9,10,11,10,11,23,22,21,1.79769e+308,19,1.79769e+308,17,16,15,14,13,1.79769e+308,1.79769e+308,12,11,10,11,12,11,12,24,23,22,21,20,19,18,17,16,15,14,1.79769e+308,1.79769e+308,13,1.79769e+308,11,12,13,12,13,25,24,23,22,21,20,19,18,1.79769e+308,16,15,16,15,14,13,12,13,14,13,14,26,1.79769e+308,1.79769e+308,23,22,21,20,19,18,17,16,17,16,1.79769e+308,14,13,14,15,14,15,27,26,25,24,23,22,21,20,1.79769e+308,18,17,18,17,1.79769e+308,15,14,15,16,15,16,1.79769e+308,27,1.79769e+308,25,24,23,22,21,20,19,18,19,18,17,16,15,1.79769e+308,1.79769e+308,1.79769e+308,17,1.79769e+308,1.79769e+308,27,26,25,24,23,22,21,20,19,20,19,18,17,16,17,18,19,18,
128
14,13,12,1.79769e+308,1.79769e+308,1.79769e+308,8,9,1.79769e+308,9,8,1.79769e+308,1.79769e+308,1.79769e+308,1.79769e+308,13,14,1.79769e+308,18,17,1.79769e+308,12,11,10,9,1.79769e+308,7,8,9,8,7,8,1.79769e+308,1.79769e+308,11,12,13,1.79769e+308,1.79769e+308,16,12,11,10,9,8,7,6,1.79769e+308,1.79769e+308,7,6,7,8,9,10,1.79769e+308,12,13,14,15,1.79769e+308,1.79769e+308,9,8,7,6,5,4,3,1.79769e+308,5,6,7,8,9,10,11,12,13,14,10,9,8,7,6,5,4,3,2,1.79769e+308,4,5,1.79769e+308,1.79769e+308,10,11,1.79769e+308,13,14,1.79769e+308,11,1.79769e+308,7,6,5,4,3,2,1,2,3,1.79769e+308,1.79769e+308,10,9,10,11,12,1.79769e+308,14,1.79769e+308,7,6,5,4,3,2,1,0,1,2,3,4,1.79769e+308,8,1.79769e+308,1.79769e+308,11,12,13,9,8,1.79769e+308,6,5,1.79769e+308,3,2,1,1.79769e+308,3,4,5,6,7,8,9,10,11,12,10,9,10,1.79769e+308,6,5,4,3,2,3,1.79769e+308,5,6,1.79769e+308,8,9,10,1.79769e+308,12,1.79769e+308,11,1.79769e+308,9,8,7,1.79769e+308,5,4,3,4,5,6,7,8,1.79769e+308,10,11,12,13,14,12,13,1.79769e+308,9,8,7,6,1.79769e+308,4,5,6,1.79769e+308,1.79769e+308,1.79769e+308,1.79769e+308,11,12,1.79769e+308,14,15,1.79769e+308,12,11,10,9,8,1.79769e+308,6,5,6,7,1.79769e+308,15,14,13,12,13,14,15,16,16,1.79769e+308,12,11,10,9,1.79769e+308,7,6,7,8,1.79769e+308,16,15,14,13,14,15,16,17,15,14,13,1.79769e+308,11,1.79769e+308,9,8,7,8,9,1.79769e+308,1.79769e+308,16,15,14,15,16,17,18,16,15,14,13,12,11,10,9,8,9,10,1.79769e+308,1.79769e+308,15,1.79769e+308,15,16,17,18,19,17,16,15,14,13,12,11,10,1.79769e+308,10,11,12,13,14,15,16,17,18,19,20,18,1.79769e+308,1.79769e+308,15,14,13,12,11,12,11,12,13,14,1.79769e+308,16,17,18,19,20,21,19,18,17,16,15,14,13,12,1.79769e+308,12,13,14,15,1.79769e+308,17,18,19,20,21,22,1.79769e+308,19,1.79769e+308,17,16,15,14,13,14,13,14,15,16,17,18,19,1.79769e+308,1.79769e+308,1.79769e+308,23,1.79769e+308,1.79769e+308,19,18,17,16,15,14,15,14,15,16,17,18,19,20,21,22,23,24,
86
10,9,8,1.79769e+308,1.79769e+308,1.79769e+308,4,5,1.79769e+308,7,8,1.79769e+308,1.79769e+308,1.79769e+308,1.79769e+308,15,16,1.79769e+308,20,19,1.79769e+308,8,7,6,5,1.79769e+308,3,4,5,6,7,8,1.79769e+308,1.79769e+308,13,14,15,1.79769e+308,1.79769e+308,18,8,7,6,5,4,3,2,1.79769e+308,1.79769e+308,7,8,9,10,11,12,1.79769e+308,14,15,16,17,1.79769e+308,1.79769e+308,5,4,3,2,1,2,3,1.79769e+308,7,8,9,10,11,12,13,14,15,16,6,5,4,3,2,1,0,1,2,1.79769e+308,6,7,1.79769e+308,1.79769e+308,12,13,1.79769e+308,15,16,1.79769e+308,7,1.79769e+308,5,4,3,2,1,2,3,4,5,1.79769e+308,1.79769e+308,14,13,14,15,16,1.79769e+308,18,1.79769e+308,7,6,5,4,3,2,3,4,5,6,7,8,1.79769e+308,12,1.79769e+308,1.79769e+308,15,16,17,9,8,1.79769e+308,6,5,1.79769e+308,3,4,5,1.79769e+308,7,8,9,10,11,12,13,14,15,16,10,9,10,1.79769e+308,6,5,4,5,6,7,1.79769e+308,9,10,1.79769e+308,12,13,14,1.79769e+308,16,1.79769e+308,11,1.79769e+308,9,8,7,1.79769e+308,5,6,7,8,9,10,11,12,1.79769e+308,14,15,16,17,18,12,13,1.79769e+308,9,8,7,6,1.79769e+308,8,9,10,1.79769e+308,1.79769e+308,1.79769e+308,1.79769e+308,15,16,1.79769e+308,18,19,1.79769e+308,12,11,10,9,8,1.79769e+308,10,9,10,11,1.79769e+308,19,18,17,16,17,18,19,20,16,1.79769e+308,12,11,10,9,1.79769e+308,11,10,11,12,1.79769e+308,20,19,18,17,18,19,20,21,15,14,13,1.79769e+308,11,1.79769e+308,13,12,11,12,13,1.79769e+308,1.79769e+308,20,19,18,19,20,21,22,16,15,14,13,12,13,14,13,12,13,14,1.79769e+308,1.79769e+308,19,1.79769e+308,19,20,21,22,23,17,16,15,14,13,14,15,14,1.79769e+308,14,15,16,17,18,19,20,21,22,23,24,18,1.79769e+308,1.79769e+308,15,14,15,16,15,16,15,16,17,18,1.79769e+308,20,21,22,23,24,25,19,18,17,16,15,16,17,16,1.79769e+308,16,17,18,19,1.79769e+308,21,22,23,24,25,26,1.79769e+308,19,1.79769e+308,17,16,17,18,17,18,17,18,19,20,21,22,23,1.79769e+308,1.79769e+308,1.79769e+308,27,1.79769e+308,1.79769e+308,19,18,17,18,19,18,19,18,19,20,21,22,23,24,25,26,27,28,
36
21,20,19,1.79769e+308,1.79769e+308,1.79769e+308,13,12,1.79769e+308,10,9,1.79769e+308,1.79769e+308,1.79769e+308,1.79769e+308,2,1,1.79769e+308,7,6,1.79769e+308,19,18,17,16,1.79769e+308,12,11,10,9,8,7,1.79769e+308,1.79769e+308,2,1,0,1.79769e+308,1.79769e+308,5,19,18,17,16,15,14,13,1.79769e+308,1.79769e+308,8,7,6,5,4,3,1.79769e+308,1,2,3,4,1.79769e+308,1.79769e+308,18,17,16,15,14,15,14,1.79769e+308,8,7,6,5,4,3,2,3,4,5,21,20,19,18,17,16,15,14,13,1.79769e+308,9,8,1.79769e+308,1.79769e+308,5,4,1.79769e+308,4,5,1.79769e+308,22,1.79769e+308,18,17,16,15,14,13,12,11,10,1.79769e+308,1.79769e+308,7,6,5,6,5,1.79769e+308,9,1.79769e+308,20,19,18,17,16,15,14,13,12,11,12,11,1.79769e+308,7,1.79769e+308,1.79769e+308,6,7,8,22,21,1.79769e+308,19,18,1.79769e+308,16,15,14,1.79769e+308,12,11,10,9,8,9,8,7,8,9,23,22,23,1.79769e+308,19,18,17,16,15,16,1.79769e+308,12,11,1.79769e+308,9,10,9,1.79769e+308,9,1.79769e+308,24,1.79769e+308,22,21,20,1.79769e+308,18,17,16,15,14,13,12,13,1.79769e+308,11,10,11,10,11,25,26,1.79769e+308,22,21,20,19,1.79769e+308,17,16,15,1.79769e+308,1.79769e+308,1.79769e+308,1.79769e+308,12,11,1.79769e+308,11,12,1.79769e+308,25,24,23,22,21,1.79769e+308,19,18,17,16,1.79769e+308,16,15,14,13,12,13,12,13,29,1.79769e+308,25,24,23,22,1.79769e+308,20,19,18,17,1.79769e+308,17,16,15,14,13,14,13,14,28,27,26,1.79769e+308,24,1.79769e+308,22,21,20,19,18,1.79769e+308,1.79769e+308,17,16,15,14,15,14,15,29,28,27,26,25,24,23,22,21,20,19,1.79769e+308,1.79769e+308,18,1.79769e+308,16,15,16,15,16,30,29,28,27,26,25,24,23,1.79769e+308,21,20,21,20,19,18,17,16,17,16,17,31,1.79769e+308,1.79769e+308,28,27,26,25,24,23,22,21,22,21,1.79769e+308,19,18,17,18,17,18,32,31,30,29,28,27,26,25,1.79769e+308,23,22,23,22,1.79769e+308,20,19,18,19,18,19,1.79769e+308,32,1.79769e+308,30,29,28,27,26,25,24,23,24,23,22,21,20,1.79769e+308,1.79769e+308,1.79769e+308,20,1.79769e+308,1.79769e+308,32,31,30,29,28,27,26,25,24,25,24,23,22,21,22,23,22,21,
394
33,32,31,1.79769e+308,1.79769e+308,1.79769e+308,27,28,1.79769e+308,26,25,1.79769e+308,1.79769e+308,1.79769e+308,1.79769e+308,22,23,1.79769e+308,25,24,1.79769e+308,31,30,29,28,1.79769e+308,26,27,26,25,24,23,1.79769e+308,1.79769e+308,20,21,22,1.79769e+308,1.79769e+308,23,31,30,29,28,27,26,25,1.79769e+308,1.79769e+308,24,23,22,21,20,19,1.79769e+308,21,20,21,22,1.79769e+308,1.79769e+308,28,27,26,25,24,23,22,1.79769e+308,22,21,20,19,18,19,20,19,20,21,29,28,27,26,25,24,23,22,21,1.79769e+308,21,22,1.79769e+308,1.79769e+308,17,18,1.79769e+308,18,19,1.79769e+308,30,1.79769e+308,26,25,24,23,22,21,20,21,20,1.79769e+308,1.79769e+308,17,16,17,18,17,1.79769e+308,19,1.79769e+308,26,25,24,23,22,21,20,19,20,19,18,17,1.79769e+308,15,1.79769e+308,1.79769e+308,16,17,18,26,25,1.79769e+308,23,22,1.79769e+308,20,19,18,1.79769e+308,18,17,16,15,14,13,14,15,16,17,25,24,23,1.79769e+308,21,20,19,18,17,16,1.79769e+308,16,17,1.79769e+308,13,12,13,1.79769e+308,15,1.79769e+308,24,1.79769e+308,22,21,20,1.79769e+308,18,17,16,15,14,15,16,17,1.79769e+308,11,12,13,14,15,23,22,1.79769e+308,20,19,20,19,1.79769e+308,15,14,13,1.79769e+308,1.79769e+308,1.79769e+308,1.79769e+308,10,11,1.79769e+308,13,14,1.79769e+308,21,20,19,18,19,1.79769e+308,15,14,13,12,1.79769e+308,10,9,10,9,10,11,12,13,21,1.79769e+308,19,18,17,18,1.79769e+308,14,13,12,11,1.79769e+308,9,8,9,8,9,10,11,12,20,19,18,1.79769e+308,16,1.79769e+308,14,13,12,11,10,1.79769e+308,1.79769e+308,7,8,7,8,9,10,11,19,18,17,16,15,14,13,12,11,10,9,1.79769e+308,1.79769e+308,6,1.79769e+308,6,7,8,9,10,18,17,16,15,14,13,12,11,1.79769e+308,9,8,7,6,5,4,5,6,7,8,9,17,1.79769e+308,1.79769e+308,14,13,12,11,10,9,8,7,6,5,1.79769e+308,3,4,5,6,7,8,16,15,14,13,12,11,10,9,1.79769e+308,7,6,5,4,1.79769e+308,2,3,4,5,6,7,1.79769e+308,16,1.79769e+308,12,11,10,9,8,7,6,5,4,3,2,1,2,1.79769e+308,1.79769e+308,1.79769e+308,6,1.79769e+308,1.79769e+308,12,11,10,9,8,7,6,5,4,3,2,1,0,1,2,3,4,5,
218
28,27,26,1.79769e+308,1.79769e+308,1.79769e+308,22,21,1.79769e+308,19,18,1.79769e+308,1.79769e+308,1.79769e+308,1.79769e+308,13,12,1.79769e+308,14,13,1.79769e+308,26,25,24,23,1.79769e+308,21,20,19,18,17,16,1.79769e+308,1.79769e+308,13,12,11,1.79769e+308,1.79769e+308,12,26,25,24,23,22,21,20,1.79769e+308,1.79769e+308,17,16,15,14,13,12,1.79769e+308,10,9,10,11,1.79769e+308,1.79769e+308,23,22,21,20,19,18,17,1.79769e+308,15,14,13,12,11,10,9,8,9,10,24,23,22,21,20,19,18,17,16,1.79769e+308,14,15,1.79769e+308,1.79769e+308,10,9,1.79769e+308,7,8,1.79769e+308,25,1.79769e+308,21,20,19,18,17,16,15,14,13,1.79769e+308,1.79769e+308,10,9,8,7,6,1.79769e+308,6,1.79769e+308,21,20,19,18,17,16,15,14,13,12,11,10,1.79769e+308,8,1.79769e+308,1.79769e+308,5,4,5,23,22,1.79769e+308,20,19,1.79769e+308,17,16,15,1.79769e+308,11,10,9,8,7,6,5,4,3,4,24,23,24,1.79769e+308,20,19,18,17,16,15,1.79769e+308,11,10,1.79769e+308,6,5,4,1.79769e+308,2,1.79769e+308,25,1.79769e+308,23,22,21,1.79769e+308,17,16,15,14,13,12,11,12,1.79769e+308,4,3,2,1,2,26,25,1.79769e+308,21,20,19,18,1.79769e+308,16,15,14,1.79769e+308,1.79769e+308,1.79769e+308,1.79769e+308,5,4,1.79769e+308,0,1,1.79769e+308,24,23,22,21,20,1.79769e+308,18,17,16,15,1.79769e+308,7,6,5,4,3,2,1,2,26,1.79769e+308,24,23,22,21,1.79769e+308,19,18,17,16,1.79769e+308,8,7,6,5,4,3,2,3,25,24,23,1.79769e+308,21,1.79769e+308,19,18,17,16,15,1.79769e+308,1.79769e+308,8,7,6,5,4,3,4,24,23,22,21,20,19,18,17,16,15,14,1.79769e+308,1.79769e+308,9,1.79769e+308,7,6,5,4,5,25,24,23,22,21,20,19,18,1.79769e+308,14,13,12,11,10,9,8,7,6,5,6,26,1.79769e+308,1.79769e+308,21,20,19,18,17,16,15,14,13,12,1.79769e+308,10,9,8,7,6,7,25,24,23,22,21,20,19,18,1.79769e+308,16,15,14,13,1.79769e+308,11,10,9,8,7,8,1.79769e+308,25,1.79769e+308,23,22,21,20,19,18,17,16,15,14,13,12,11,1.79769e+308,1.79769e+308,1.79769e+308,9,1.79769e+308,1.79769e+308,25,24,23,22,21,20,19,18,17,16,15,14,13,12,13,12,11,10,
30
13,12,11,1.79769e+308,1.79769e+308,1.79769e+308,5,4,1.79769e+308,2,1,1.79769e+308,1.79769e+308,1.79769e+308,1.79769e+308,8,9,1.79769e+308,15,14,1.79769e+308,11,10,9,8,1.79769e+308,4,3,2,1,0,1,1.79769e+308,1.79769e+308,6,7,8,1.79769e+308,1.79769e+308,13,11,10,9,8,7,6,5,1.79769e+308,1.79769e+308,2,1,2,3,4,5,1.79769e+308,9,10,11,12,1.79769e+308,1.79769e+308,10,9,8,7,6,7,8,1.79769e+308,2,3,4,5,6,7,8,9,10,11,13,12,11,10,9,8,7,8,7,1.79769e+308,3,4,1.79769e+308,1.79769e+308,7,8,1.79769e+308,10,11,1.79769e+308,14,1.79769e+308,12,11,10,9,8,7,6,5,4,1.79769e+308,1.79769e+308,9,8,9,10,11,1.79769e+308,15,1.79769e+308,14,13,12,11,10,9,8,7,6,5,6,7,1.79769e+308,9,1.79769e+308,1.79769e+308,12,13,14,16,15,1.79769e+308,13,12,1.79769e+308,10,9,8,1.79769e+308,6,7,8,9,10,11,12,13,14,15,17,16,17,1.79769e+308,13,12,11,10,9,10,1.79769e+308,8,9,1.79769e+308,11,12,13,1.79769e+308,15,1.79769e+308,18,1.79769e+308,16,15,14,1.79769e+308,12,11,10,11,10,9,10,11,1.79769e+308,13,14,15,16,17,19,20,1.79769e+308,16,15,14,13,1.79769e+308,11,12,11,1.79769e+308,1.79769e+308,1.79769e+308,1.79769e+308,14,15,1.79769e+308,17,18,1.79769e+308,19,18,17,16,15,1.79769e+308,13,12,13,12,1.79769e+308,18,17,16,15,16,17,18,19,23,1.79769e+308,19,18,17,16,1.79769e+308,14,13,14,13,1.79769e+308,19,18,17,16,17,18,19,20,22,21,20,1.79769e+308,18,1.79769e+308,16,15,14,15,14,1.79769e+308,1.79769e+308,19,18,17,18,19,20,21,23,22,21,20,19,18,17,16,15,16,15,1.79769e+308,1.79769e+308,20,1.79769e+308,18,19,20,21,22,24,23,22,21,20,19,18,17,1.79769e+308,17,16,17,18,19,20,19,20,21,22,23,25,1.79769e+308,1.79769e+308,22,21,20,19,18,19,18,17,18,19,1.79769e+308,21,20,21,22,23,24,26,25,24,23,22,21,20,19,1.79769e+308,19,18,19,20,1.79769e+308,22,21,22,23,24,25,1.79769e+308,26,1.79769e+308,24,23,22,21,20,21,20,19,20,21,22,23,22,1.79769e+308,1.79769e+308,1.79769e+308,26,1.79769e+308,1.79769e+308,26,25,24,23,22,21,22,21,20,21,22,23,24,23,24,25,26,27,
198
27,26,25,1.79769e+308,1.79769e+308,1.79769e+308,21,20,1.79769e+308,18,17,1.79769e+308,1.79769e+308,1.79769e+308,1.79769e+308,12,11,1.79769e+308,13,12,1.79769e+308,25,24,23,22,1.79769e+308,20,19,18,17,16,15,1.79769e+308,1.79769e+308,12,11,10,1.79769e+308,1.79769e+308,11,25,24,23,22,21,20,19,1.79769e+308,1.79769e+308,16,15,14,13,12,11,1.79769e+308,9,8,9,10,1.79769e+308,1.79769e+308,22,21,20,19,18,17,16,1.79769e+308,14,13,12,11,10,9,8,7,8,9,23,22,21,20,19,18,17,16,15,1.79769e+308,13,14,1.79769e+308,1.79769e+308,9,8,1.79769e+308,6,7,1.79769e+308,24,1.79769e+308,20,19,18,17,16,15,14,13,12,1.79769e+308,1.79769e+308,9,8,7,6,5,1.79769e+308,5,1.79769e+308,20,19,18,17,16,15,14,13,12,11,10,9,1.79769e+308,7,1.79769e+308,1.79769e+308,4,3,4,22,21,1.79769e+308,19,18,1.79769e+308,16,15,14,1.79769e+308,10,9,8,7,6,5,4,3,2,3,23,22,23,1.79769e+308,19,18,17,16,15,14,1.79769e+308,10,9,1.79769e+308,5,4,3,1.79769e+308,1,1.79769e+308,24,1.79769e+308,22,21,20,1.79769e+308,16,15,14,13,12,11,10,11,1.79769e+308,3,2,1,0,1,25,24,1.79769e+308,20,19,18,17,1.79769e+308,15,14,13,1.79769e+308,1.79769e+308,1.79769e+308,1.79769e+308,4,3,1.79769e+308,1,2,1.79769e+308,23,22,21,20,19,1.79769e+308,17,16,15,14,1.79769e+308,8,7,6,5,4,3,2,3,27,1.79769e+308,23,22,21,20,1.79769e+308,18,17,16,15,1.79769e+308,9,8,7,6,5,4,3,4,26,25,24,1.79769e+308,22,1.79769e+308,20,19,18,17,16,1.79769e+308,1.79769e+308,9,8,7,6,5,4,5,25,24,23,22,21,20,19,18,17,16,15,1.79769e+308,1.79769e+308,10,1.79769e+308,8,7,6,5,6,26,25,24,23,22,21,20,19,1.79769e+308,15,14,13,12,11,10,9,8,7,6,7,27,1.79769e+308,1.79769e+308,22,21,20,19,18,17,16,15,14,13,1.79769e+308,11,10,9,8,7,8,26,25,24,23,22,21,20,19,1.79769e+308,17,16,15,14,1.79769e+308,12,11,10,9,8,9,1.79769e+308,26,1.79769e+308,24,23,22,21,20,19,18,17,16,15,14,13,12,1.79769e+308,1.79769e+308,1.79769e+308,10,1.79769e+308,1.79769e+308,26,25,24,23,22,21,20,19,18,17,16,15,14,13,14,13,12,11,
71
16,15,14,1.79769e+308,1.79769e+308,1.79769e+308,8,7,1.79769e+308,5,4,1.79769e+308,1.79769e+308,1.79769e+308,1.79769e+308,7,8,1.79769e+308,12,11,1.79769e+308,14,13,12,11,1.79769e+308,7,6,5,4,3,2,1.79769e+308,1.79769e+308,5,6,7,1.79769e+308,1.79769e+308,10,14,13,12,11,10,9,8,1.79769e+308,1.79769e+308,3,2,1,2,3,4,1.79769e+308,6,7,8,9,1.79769e+308,1.79769e+308,13,12,11,10,9,8,7,1.79769e+308,1,0,1,2,3,4,5,6,7,8,14,13,12,11,10,9,8,7,6,1.79769e+308,2,1,1.79769e+308,1.79769e+308,4,5,1.79769e+308,7,8,1.79769e+308,15,1.79769e+308,11,10,9,8,7,6,5,4,3,1.79769e+308,1.79769e+308,6,5,6,7,8,1.79769e+308,12,1.79769e+308,13,12,11,10,9,8,7,6,5,4,5,6,1.79769e+308,6,1.79769e+308,1.79769e+308,9,10,11,15,14,1.79769e+308,12,11,1.79769e+308,9,8,7,1.79769e+308,5,6,7,8,7,8,9,10,11,12,16,15,16,1.79769e+308,12,11,10,9,8,9,1.79769e+308,7,8,1.79769e+308,8,9,10,1.79769e+308,12,1.79769e+308,17,1.79769e+308,15,14,13,1.79769e+308,11,10,9,10,9,8,9,10,1.79769e+308,10,11,12,13,14,18,19,1.79769e+308,15,14,13,12,1.79769e+308,10,11,10,1.79769e+308,1.79769e+308,1.79769e+308,1.79769e+308,11,12,1.79769e+308,14,15,1.79769e+308,18,17,16,15,14,1.79769e+308,12,11,12,11,1.79769e+308,15,14,13,12,13,14,15,16,22,1.79769e+308,18,17,16,15,1.79769e+308,13,12,13,12,1.79769e+308,16,15,14,13,14,15,16,17,21,20,19,1.79769e+308,17,1.79769e+308,15,14,13,14,13,1.79769e+308,1.79769e+308,16,15,14,15,16,17,18,22,21,20,19,18,17,16,15,14,15,14,1.79769e+308,1.79769e+308,17,1.79769e+308,15,16,17,18,19,23,22,21,20,19,18,17,16,1.79769e+308,16,15,16,17,18,17,16,17,18,19,20,24,1.79769e+308,1.79769e+308,21,20,19,18,17,18,17,16,17,18,1.79769e+308,18,17,18,19,20,21,25,24,23,22,21,20,19,18,1.79769e+308,18,17,18,19,1.79769e+308,19,18,19,20,21,22,1.79769e+308,25,1.79769e+308,23,22,21,20,19,20,19,18,19,20,21,20,19,1.79769e+308,1.79769e+308,1.79769e+308,23,1.79769e+308,1.79769e+308,25,24,23,22,21,20,21,20,19,20,21,22,21,20,21,22,23,24,
236
27,26,25,1.79769e+308,1.79769e+308,1.79769e+308,21,20,1.79769e+308,18,17,1.79769e+308,1.79769e+308,1.79769e+308,1.79769e+308,14,13,1.79769e+308,15,14,1.79769e+308,25,24,23,22,1.79769e+308,20,19,18,17,16,15,1.79769e+308,1.79769e+308,12,13,12,1.79769e+308,1.79769e+308,13,25,24,23,22,21,20,19,1.79769e+308,1.79769e+308,16,15,14,13,12,11,1.79769e+308,11,10,11,12,1.79769e+308,1.79769e+308,22,21,20,19,18,17,16,1.79769e+308,14,13,12,11,10,11,10,9,10,11,23,22,21,20,19,18,17,16,15,1.79769e+308,13,14,1.79769e+308,1.79769e+308,9,10,1.79769e+308,8,9,1.79769e+308,24,1.79769e+308,20,19,18,17,16,15,14,13,12,1.79769e+308,1.79769e+308,9,8,9,8,7,1.79769e+308,9,1.79769e+308,20,19,18,17,16,15,14,13,12,11,10,9,1.79769e+308,7,1.79769e+308,1.79769e+308,6,7,8,22,21,1.79769e+308,19,18,1.79769e+308,16,15,14,1.79769e+308,10,9,8,7,6,5,4,5,6,7,23,22,23,1.79769e+308,19,18,17,16,15,14,1.79769e+308,10,9,1.79769e+308,5,4,3,1.79769e+308,5,1.79769e+308,24,1.79769e+308,22,21,20,1.79769e+308,16,15,14,13,12,11,10,11,1.79769e+308,3,2,3,4,5,25,24,1.79769e+308,20,19,18,17,1.79769e+308,15,14,13,1.79769e+308,1.79769e+308,1.79769e+308,1.79769e+308,2,1,1.79769e+308,3,4,1.79769e+308,23,22,21,20,19,1.79769e+308,17,16,15,14,1.79769e+308,4,3,2,1,0,1,2,3,23,1.79769e+308,21,20,19,20,1.79769e+308,16,15,14,13,1.79769e+308,5,4,3,2,1,2,3,4,22,21,20,1.79769e+308,18,1.79769e+308,16,15,14,13,12,1.79769e+308,1.79769e+308,5,4,3,2,3,4,5,21,20,19,18,17,16,15,14,13,12,11,1.79769e+308,1.79769e+308,6,1.79769e+308,4,3,4,5,6,22,21,20,19,18,17,16,15,1.79769e+308,11,10,9,8,7,6,5,4,5,6,7,23,1.79769e+308,1.79769e+308,18,17,16,15,14,13,12,11,10,9,1.79769e+308,7,6,5,6,7,8,22,21,20,19,18,17,16,15,1.79769e+308,13,12,11,10,1.79769e+308,8,7,6,7,8,9,1.79769e+308,22,1.79769e+308,20,19,18,17,16,15,14,13,12,11,10,9,8,1.79769e+308,1.79769e+308,1.79769e+308,10,1.79769e+308,1.79769e+308,22,21,20,19,18,17,16,15,14,13,12,11,10,9,10,11,12,11,
325
21,20,19,1.79769e+308,1.79769e+308,1.79769e+308,19,20,1.79769e+308,22,21,1.79769e+308,1.79769e+308,1.79769e+308,1.79769e+308,26,27,1.79769e+308,31,30,1.79769e+308,19,18,17,16,1.79769e+308,18,19,20,21,20,21,1.79769e+308,1.79769e+308,24,25,26,1.79769e+308,1.79769e+308,29,19,18,17,16,15,16,17,1.79769e+308,1.79769e+308,20,19,20,21,22,23,1.79769e+308,25,26,27,28,1.79769e+308,1.79769e+308,16,15,14,15,16,17,16,1.79769e+308,18,19,20,21,22,23,24,25,26,27,17,16,15,14,13,14,15,16,15,1.79769e+308,17,18,1.79769e+308,1.79769e+308,21,22,1.79769e+308,24,25,1.79769e+308,18,1.79769e+308,14,13,12,13,14,15,14,15,16,1.79769e+308,1.79769e+308,21,20,21,22,23,1.79769e+308,25,1.79769e+308,14,13,12,11,12,13,14,13,14,15,16,17,1.79769e+308,19,1.79769e+308,1.79769e+308,22,23,24,14,13,1.79769e+308,11,10,1.79769e+308,12,13,12,1.79769e+308,16,15,16,17,18,19,20,21,22,23,13,12,11,1.79769e+308,9,10,11,12,11,12,1.79769e+308,14,15,1.79769e+308,19,18,19,1.79769e+308,21,1.79769e+308,12,1.79769e+308,10,9,8,1.79769e+308,10,11,10,11,12,13,14,15,1.79769e+308,17,18,19,20,21,11,10,1.79769e+308,8,7,8,9,1.79769e+308,9,10,11,1.79769e+308,1.79769e+308,1.79769e+308,1.79769e+308,16,17,1.79769e+308,19,20,1.79769e+308,9,8,7,6,7,1.79769e+308,7,8,9,10,1.79769e+308,14,13,14,15,16,17,18,19,9,1.79769e+308,7,6,5,6,1.79769e+308,6,7,8,9,1.79769e+308,13,12,13,14,15,16,17,18,8,7,6,1.79769e+308,4,1.79769e+308,4,5,6,7,8,1.79769e+308,1.79769e+308,11,12,13,14,15,16,17,7,6,5,4,3,2,3,4,5,6,7,1.79769e+308,1.79769e+308,10,1.79769e+308,12,13,14,15,16,6,5,4,3,2,1,2,3,1.79769e+308,5,6,7,8,9,10,11,12,13,14,15,7,1.79769e+308,1.79769e+308,2,1,0,1,2,3,4,5,6,7,1.79769e+308,11,12,13,14,15,16,6,5,4,3,2,1,2,3,1.79769e+308,5,6,7,8,1.79769e+308,12,13,14,15,16,17,1.79769e+308,6,1.79769e+308,4,3,2,3,4,5,6,7,8,9,10,11,12,1.79769e+308,1.79769e+308,1.79769e+308,18,1.79769e+308,1.79769e+308,6,5,4,3,4,5,6,7,8,9,10,11,12,13,14,15,16,17,
184
13,12,11,1.79769e+308,1.79769e+308,1.79769e+308,11,12,1.79769e+308,14,15,1.79769e+308,1.79769e+308,1.79769e+308,1.79769e+308,20,21,1.79769e+308,25,24,1.79769e+308,11,10,9,8,1.79769e+308,10,11,12,13,14,15,1.79769e+308,1.79769e+308,18,19,20,1.79769e+308,1.79769e+308,23,11,10,9,8,7,8,9,1.79769e+308,1.79769e+308,14,13,14,15,16,17,1.79769e+308,19,20,21,22,1.79769e+308,1.79769e+308,8,7,6,7,8,9,10,1.79769e+308,12,13,14,15,16,17,18,19,20,21,9,8,7,6,5,6,7,8,9,1.79769e+308,11,12,1.79769e+308,1.79769e+308,17,18,1.79769e+308,20,21,1.79769e+308,10,1.79769e+308,6,5,4,5,6,7,8,9,10,1.79769e+308,1.79769e+308,17,16,17,18,19,1.79769e+308,21,1.79769e+308,6,5,4,3,4,5,6,7,8,9,10,11,1.79769e+308,15,1.79769e+308,1.79769e+308,18,19,20,6,5,1.79769e+308,3,2,1.79769e+308,4,5,6,1.79769e+308,10,11,12,13,14,15,16,17,18,19,5,4,3,1.79769e+308,1,2,3,4,5,6,1.79769e+308,10,11,1.79769e+308,15,16,17,1.79769e+308,19,1.79769e+308,6,1.79769e+308,2,1,0,1.79769e+308,4,5,6,7,8,9,10,11,1.79769e+308,17,18,19,20,21,7,6,1.79769e+308,2,1,2,3,1.79769e+308,7,8,9,1.79769e+308,1.79769e+308,1.79769e+308,1.79769e+308,18,19,1.79769e+308,21,22,1.79769e+308,5,4,3,2,3,1.79769e+308,9,8,9,10,1.79769e+308,20,19,20,19,20,21,22,23,9,1.79769e+308,5,4,3,4,1.79769e+308,10,9,10,11,1.79769e+308,19,18,19,20,21,22,23,24,8,7,6,1.79769e+308,4,1.79769e+308,8,9,10,11,12,1.79769e+308,1.79769e+308,17,18,19,20,21,22,23,9,8,7,6,5,6,7,8,9,10,11,1.79769e+308,1.79769e+308,16,1.79769e+308,18,19,20,21,22,10,9,8,7,6,7,8,9,1.79769e+308,11,12,13,14,15,16,17,18,19,20,21,11,1.79769e+308,1.79769e+308,8,7,8,9,10,11,12,13,14,15,1.79769e+308,17,18,19,20,21,22,12,11,10,9,8,9,10,11,1.79769e+308,13,14,15,16,1.79769e+308,18,19,20,21,22,23,1.79769e+308,12,1.79769e+308,10,9,10,11,12,13,14,15,16,17,18,19,20,1.79769e+308,1.79769e+308,1.79769e+308,24,1.79769e+308,1.79769e+308,12,11,10,11,12,13,14,15,16,17,18,19,20,21,22,23,24,25,
110
15,14,13,1.79769e+308,1.79769e+308,1.79769e+308,9,8,1.79769e+308,6,5,1.79769e+308,1.79769e+308,1.79769e+308,1.79769e+308,10,11,1.79769e+308,15,14,1.79769e+308,13,12,11,10,1.79769e+308,8,7,6,5,4,5,1.79769e+308,1.79769e+308,8,9,10,1.79769e+308,1.79769e+308,13,13,12,11,10,9,8,7,1.79769e+308,1.79769e+308,4,3,4,5,6,7,1.79769e+308,9,10,11,12,1.79769e+308,1.79769e+308,10,9,8,7,6,5,4,1.79769e+308,2,3,4,5,6,7,8,9,10,11,11,10,9,8,7,6,5,4,3,1.79769e+308,1,2,1.79769e+308,1.79769e+308,7,8,1.79769e+308,10,11,1.79769e+308,12,1.79769e+308,8,7,6,5,4,3,2,1,0,1.79769e+308,1.79769e+308,9,8,9,10,11,1.79769e+308,13,1.79769e+308,10,9,8,7,6,5,4,3,2,1,2,3,1.79769e+308,7,1.79769e+308,1.79769e+308,10,11,12,12,11,1.79769e+308,9,8,1.79769e+308,6,5,4,1.79769e+308,2,3,4,5,6,7,8,9,10,11,13,12,13,1.79769e+308,9,8,7,6,5,6,1.79769e+308,4,5,1.79769e+308,7,8,9,1.79769e+308,11,1.79769e+308,14,1.79769e+308,12,11,10,1.79769e+308,8,7,6,7,6,5,6,7,1.79769e+308,9,10,11,12,13,15,16,1.79769e+308,12,11,10,9,1.79769e+308,7,8,7,1.79769e+308,1.79769e+308,1.79769e+308,1.79769e+308,10,11,1.79769e+308,13,14,1.79769e+308,15,14,13,12,11,1.79769e+308,9,8,9,8,1.79769e+308,14,13,12,11,12,13,14,15,19,1.79769e+308,15,14,13,12,1.79769e+308,10,9,10,9,1.79769e+308,15,14,13,12,13,14,15,16,18,17,16,1.79769e+308,14,1.79769e+308,12,11,10,11,10,1.79769e+308,1.79769e+308,15,14,13,14,15,16,17,19,18,17,16,15,14,13,12,11,12,11,1.79769e+308,1.79769e+308,16,1.79769e+308,14,15,16,17,18,20,19,18,17,16,15,14,13,1.79769e+308,13,12,13,14,15,16,15,16,17,18,19,21,1.79769e+308,1.79769e+308,18,17,16,15,14,15,14,13,14,15,1.79769e+308,17,16,17,18,19,20,22,21,20,19,18,17,16,15,1.79769e+308,15,14,15,16,1.79769e+308,18,17,18,19,20,21,1.79769e+308,22,1.79769e+308,20,19,18,17,16,17,16,15,16,17,18,19,18,1.79769e+308,1.79769e+308,1.79769e+308,22,1.79769e+308,1.79769e+308,22,21,20,19,18,17,18,17,16,17,18,19,20,19,20,21,22,23,
370
28,27,26,1.79769e+308,1.79769e+308,1.79769e+308,22,23,1.79769e+308,21,20,1.79769e+308,1.79769e+308,1.79769e+308,1.79769e+308,23,24,1.79769e+308,28,27,1.79769e+308,26,25,24,23,1.79769e+308,21,22,21,20,19,20,1.79769e+308,1.79769e+308,21,22,23,1.79769e+308,1.79769e+308,26,26,25,24,23,22,21,20,1.79769e+308,1.79769e+308,19,18,19,20,21,20,1.79769e+308,22,23,24,25,1.79769e+308,1.79769e+308,23,22,21,20,19,18,17,1.79769e+308,17,18,19,20,19,20,21,22,23,24,24,23,22,21,20,19,18,17,16,1.79769e+308,16,17,1.79769e+308,1.79769e+308,18,19,1.79769e+308,21,22,1.79769e+308,25,1.79769e+308,21,20,19,18,17,16,15,16,15,1.79769e+308,1.79769e+308,18,17,18,19,20,1.79769e+308,22,1.79769e+308,21,20,19,18,17,16,15,14,15,14,13,14,1.79769e+308,16,1.79769e+308,1.79769e+308,19,20,21,21,20,1.79769e+308,18,17,1.79769e+308,15,14,13,1.79769e+308,13,12,13,14,15,16,17,18,19,20,20,19,18,1.79769e+308,16,15,14,13,12,11,1.79769e+308,11,12,1.79769e+308,16,15,16,1.79769e+308,18,1.79769e+308,19,1.79769e+308,17,16,15,1.79769e+308,13,12,11,10,9,10,11,12,1.79769e+308,14,15,16,17,18,18,17,1.79769e+308,15,14,15,14,1.79769e+308,10,9,8,1.79769e+308,1.79769e+308,1.79769e+308,1.79769e+308,13,14,1.79769e+308,16,17,1.79769e+308,16,15,14,13,14,1.79769e+308,10,9,8,7,1.79769e+308,11,10,11,12,13,14,15,16,16,1.79769e+308,14,13,12,13,1.79769e+308,9,8,7,6,1.79769e+308,10,9,10,11,12,13,14,15,15,14,13,1.79769e+308,11,1.79769e+308,9,8,7,6,5,1.79769e+308,1.79769e+308,8,9,10,11,12,13,14,14,13,12,11,10,9,8,7,6,5,4,1.79769e+308,1.79769e+308,7,1.79769e+308,9,10,11,12,13,13,12,11,10,9,8,7,6,1.79769e+308,4,3,4,5,6,7,8,9,10,11,12,12,1.79769e+308,1.79769e+308,9,8,7,6,5,4,3,2,3,4,1.79769e+308,6,7,8,9,10,11,11,10,9,8,7,6,5,4,1.79769e+308,2,1,2,3,1.79769e+308,5,6,7,8,9,10,1.79769e+308,11,1.79769e+308,7,6,5,4,3,2,1,0,1,2,3,4,5,1.79769e+308,1.79769e+308,1.79769e+308,11,1.79769e+308,1.79769e+308,9,8,7,6,5,4,3,2,1,2,3,4,5,6,7,8,9,10,
205
15,14,13,1.79769e+308,1.79769e+308,1.79769e+308,11,12,1.79769e+308,14,15,1.79769e+308,1.79769e+308,1.79769e+308,1.79769e+308,20,21,1.79769e+308,25,24,1.79769e+308,13,12,11,10,1.79769e+308,10,11,12,13,14,15,1.79769e+308,1.79769e+308,18,19,20,1.79769e+308,1.79769e+308,23,13,12,11,10,9,10,9,1.79769e+308,1.79769e+308,14,13,14,15,16,17,1.79769e+308,19,20,21,22,1.79769e+308,1.79769e+308,10,9,8,9,8,9,10,1.79769e+308,12,13,14,15,16,17,18,19,20,21,11,10,9,8,7,8,7,8,9,1.79769e+308,11,12,1.79769e+308,1.79769e+308,15,16,1.79769e+308,18,19,1.79769e+308,12,1.79769e+308,8,7,6,7,6,7,8,9,10,1.79769e+308,1.79769e+308,15,14,15,16,17,1.79769e+308,19,1.79769e+308,8,7,6,5,6,5,6,7,8,9,10,11,1.79769e+308,13,1.79769e+308,1.79769e+308,16,17,18,8,7,1.79769e+308,5,4,1.79769e+308,4,5,6,1.79769e+308,10,9,10,11,12,13,14,15,16,17,7,6,5,1.79769e+308,3,4,3,4,5,6,1.79769e+308,8,9,1.79769e+308,13,14,15,1.79769e+308,17,1.79769e+308,8,1.79769e+308,4,3,2,1.79769e+308,2,3,4,5,6,7,8,9,1.79769e+308,15,16,17,18,19,7,6,1.79769e+308,2,1,0,1,1.79769e+308,5,6,7,1.79769e+308,1.79769e+308,1.79769e+308,1.79769e+308,16,17,1.79769e+308,19,20,1.79769e+308,5,4,3,2,1,1.79769e+308,7,6,7,8,1.79769e+308,20,19,18,17,18,19,20,21,9,1.79769e+308,5,4,3,2,1.79769e+308,8,7,8,9,1.79769e+308,19,18,19,18,19,20,21,22,8,7,6,1.79769e+308,4,1.79769e+308,8,9,8,9,10,1.79769e+308,1.79769e+308,17,18,19,20,21,22,23,9,8,7,6,5,6,7,8,9,10,11,1.79769e+308,1.79769e+308,16,1.79769e+308,18,19,20,21,22,10,9,8,7,6,7,8,9,1.79769e+308,11,12,13,14,15,16,17,18,19,20,21,11,1.79769e+308,1.79769e+308,8,7,8,9,10,11,12,13,14,15,1.79769e+308,17,18,19,20,21,22,12,11,10,9,8,9,10,11,1.79769e+308,13,14,15,16,1.79769e+308,18,19,20,21,22,23,1.79769e+308,12,1.79769e+308,10,9,10,11,12,13,14,15,16,17,18,19,20,1.79769e+308,1.79769e+308,1.79769e+308,24,1.79769e+308,1.79769e+308,12,11,10,11,12,13,14,15,16,17,18,19,20,21,22,23,24,25,
309
24,23,22,1.79769e+308,1.79769e+308,1.79769e+308,18,19,1.79769e+308,19,18,1.79769e+308,1.79769e+308,1.79769e+308,1.79769e+308,21,22,1.79769e+308,26,25,1.79769e+308,22,21,20,19,1.79769e+308,17,18,19,18,17,18,1.79769e+308,1.79769e+308,19,20,21,1.79769e+308,1.79769e+308,24,22,21,20,19,18,17,16,1.79769e+308,1.79769e+308,17,16,17,18,19,18,1.79769e+308,20,21,22,23,1.79769e+308,1.79769e+308,19,18,17,16,15,14,13,1.79769e+308,15,16,17,18,17,18,19,20,21,22,20,19,18,17,16,15,14,13,12,1.79769e+308,14,15,1.79769e+308,1.79769e+308,16,17,1.79769e+308,19,20,1.79769e+308,21,1.79769e+308,17,16,15,14,13,12,11,12,13,1.79769e+308,1.79769e+308,16,15,16,17,18,1.79769e+308,20,1.79769e+308,17,16,15,14,13,12,11,10,11,12,11,12,1.79769e+308,14,1.79769e+308,1.79769e+308,17,18,19,17,16,1.79769e+308,14,13,1.79769e+308,11,10,9,1.79769e+308,11,10,11,12,13,14,15,16,17,18,16,15,14,1.79769e+308,12,11,10,9,8,7,1.79769e+308,9,10,1.79769e+308,14,13,14,1.79769e+308,16,1.79769e+308,15,1.79769e+308,13,12,11,1.79769e+308,9,8,7,6,7,8,9,10,1.79769e+308,12,13,14,15,16,14,13,1.79769e+308,11,10,11,10,1.79769e+308,6,5,6,1.79769e+308,1.79769e+308,1.79769e+308,1.79769e+308,11,12,1.79769e+308,14,15,1.79769e+308,12,11,10,9,10,1.79769e+308,6,5,4,5,1.79769e+308,9,8,9,10,11,12,13,14,12,1.79769e+308,10,9,8,9,1.79769e+308,5,4,3,4,1.79769e+308,8,7,8,9,10,11,12,13,11,10,9,1.79769e+308,7,1.79769e+308,5,4,3,2,3,1.79769e+308,1.79769e+308,6,7,8,9,10,11,12,10,9,8,7,6,5,4,3,2,1,2,1.79769e+308,1.79769e+308,5,1.79769e+308,7,8,9,10,11,11,10,9,8,7,6,5,4,1.79769e+308,0,1,2,3,4,5,6,7,8,9,10,12,1.79769e+308,1.79769e+308,7,6,5,4,3,2,1,2,3,4,1.79769e+308,6,7,8,9,10,11,11,10,9,8,7,6,5,4,1.79769e+308,2,3,4,5,1.79769e+308,7,8,9,10,11,12,1.79769e+308,11,1.79769e+308,9,8,7,6,5,4,3,4,5,6,7,8,9,1.79769e+308,1.79769e+308,1.79769e+308,13,1.79769e+308,1.79769e+308,11,10,9,8,7,6,5,4,5,6,7,8,9,10,11,12,13,14,
367
25,24,23,1.79769e+308,1.79769e+308,1.79769e+308,21,22,1.79769e+308,22,21,1.79769e+308,1.79769e+308,1.79769e+308,1.79769e+308,26,27,1.79769e+308,31,30,1.79769e+308,23,22,21,20,1.79769e+308,20,21,22,21,20,21,1.79769e+308,1.79769e+308,24,25,26,1.79769e+308,1.79769e+308,29,23,22,21,20,19,20,19,1.79769e+308,1.79769e+308,20,19,20,21,22,23,1.79769e+308,25,26,27,28,1.79769e+308,1.79769e+308,20,19,18,19,18,17,16,1.79769e+308,18,19,20,21,22,23,24,25,26,27,21,20,19,18,17,18,17,16,15,1.79769e+308,17,18,1.79769e+308,1.79769e+308,21,22,1.79769e+308,24,25,1.79769e+308,22,1.79769e+308,18,17,16,17,16,15,14,15,16,1.79769e+308,1.79769e+308,21,20,21,22,23,1.79769e+308,25,1.79769e+308,18,17,16,15,16,15,14,13,14,15,16,17,1.79769e+308,19,1.79769e+308,1.79769e+308,22,23,24,18,17,1.79769e+308,15,14,1.79769e+308,14,13,12,1.79769e+308,16,15,16,17,18,19,20,21,22,23,17,16,15,1.79769e+308,13,14,13,12,11,12,1.79769e+308,14,15,1.79769e+308,19,18,19,1.79769e+308,21,1.79769e+308,16,1.79769e+308,14,13,12,1.79769e+308,12,11,10,11,12,13,14,15,1.79769e+308,17,18,19,20,21,15,14,1.79769e+308,12,11,12,13,1.79769e+308,9,10,11,1.79769e+308,1.79769e+308,1.79769e+308,1.79769e+308,16,17,1.79769e+308,19,20,1.79769e+308,13,12,11,10,11,1.79769e+308,7,8,9,10,1.79769e+308,14,13,14,15,16,17,18,19,13,1.79769e+308,11,10,9,10,1.79769e+308,6,7,8,9,1.79769e+308,13,12,13,14,15,16,17,18,12,11,10,1.79769e+308,8,1.79769e+308,6,5,6,7,8,1.79769e+308,1.79769e+308,11,12,13,14,15,16,17,11,10,9,8,7,6,5,4,5,6,7,1.79769e+308,1.79769e+308,10,1.79769e+308,12,13,14,15,16,10,9,8,7,6,5,4,3,1.79769e+308,5,6,7,8,9,10,11,12,13,14,15,9,1.79769e+308,1.79769e+308,6,5,4,3,2,3,4,5,6,7,1.79769e+308,9,10,11,12,13,14,8,7,6,5,4,3,2,1,1.79769e+308,3,4,5,6,1.79769e+308,8,9,10,11,12,13,1.79769e+308,8,1.79769e+308,4,3,2,1,0,1,2,3,4,5,6,7,8,1.79769e+308,1.79769e+308,1.79769e+308,14,1.79769e+308,1.79769e+308,6,5,4,3,2,1,2,3,4,5,6,7,8,9,10,11,12,13,
261
20,19,18,1.79769e+308,1.79769e+308,1.79769e+308,18,19,1.79769e+308,21,22,1.79769e+308,1.79769e+308,1.79769e+308,1.79769e+308,27,28,1.79769e+308,32,31,1.79769e+308,18,17,16,15,1.79769e+308,17,18,19,20,21,22,1.79769e+308,1.79769e+308,25,26,27,1.79769e+308,1.79769e+308,30,18,17,16,15,14,15,16,1.79769e+308,1.79769e+308,21,20,21,22,23,24,1.79769e+308,26,27,28,29,1.79769e+308,1.79769e+308,15,14,13,14,15,16,17,1.79769e+308,19,20,21,22,23,24,25,26,27,28,16,15,14,13,12,13,14,15,16,1.79769e+308,18,19,1.79769e+308,1.79769e+308,22,23,1.79769e+308,25,26,1.79769e+308,17,1.79769e+308,13,12,11,12,13,14,15,16,17,1.79769e+308,1.79769e+308,22,21,22,23,24,1.79769e+308,26,1.79769e+308,11,12,11,10,11,12,13,14,15,16,17,18,1.79769e+308,20,1.79769e+308,1.79769e+308,23,24,25,9,10,1.79769e+308,10,9,1.79769e+308,11,12,13,1.79769e+308,17,16,17,18,19,20,21,22,23,24,8,9,8,1.79769e+308,8,9,10,11,12,13,1.79769e+308,15,16,1.79769e+308,20,21,22,1.79769e+308,24,1.79769e+308,7,1.79769e+308,7,6,7,1.79769e+308,9,10,11,12,13,14,15,16,1.79769e+308,22,23,24,25,26,6,5,1.79769e+308,5,6,7,8,1.79769e+308,12,13,14,1.79769e+308,1.79769e+308,1.79769e+308,1.79769e+308,21,22,1.79769e+308,24,25,1.79769e+308,4,3,4,5,6,1.79769e+308,10,11,12,13,1.79769e+308,19,18,19,20,21,22,23,24,2,1.79769e+308,2,3,4,5,1.79769e+308,9,10,11,12,1.79769e+308,18,17,18,19,20,21,22,23,1,0,1,1.79769e+308,5,1.79769e+308,7,8,9,10,11,1.79769e+308,1.79769e+308,16,17,18,19,20,21,22,2,1,2,3,4,5,6,7,8,9,10,1.79769e+308,1.79769e+308,15,1.79769e+308,17,18,19,20,21,3,2,3,4,5,6,7,8,1.79769e+308,10,11,12,13,14,15,16,17,18,19,20,4,1.79769e+308,1.79769e+308,5,6,7,8,9,10,11,12,13,14,1.79769e+308,16,17,18,19,20,21,5,6,7,6,7,8,9,10,1.79769e+308,12,13,14,15,1.79769e+308,17,18,19,20,21,22,1.79769e+308,7,1.79769e+308,7,8,9,10,11,12,13,14,15,16,17,18,19,1.79769e+308,1.79769e+308,1.79769e+308,23,1.79769e+308,1.79769e+308,9,8,9,10,11,12,13,14,15,16,17,18,19,20,21,22,23,24,
73
18,17,16,1.79769e+308,1.79769e+308,1.79769e+308,10,9,1.79769e+308,7,6,1.79769e+308,1.79769e+308,1.79769e+308,1.79769e+308,5,6,1.79769e+308,10,9,1.79769e+308,16,15,14,13,1.79769e+308,9,8,7,6,5,4,1.79769e+308,1.79769e+308,3,4,5,1.79769e+308,1.79769e+308,8,16,15,14,13,12,11,10,1.79769e+308,1.79769e+308,5,4,3,2,1,2,1.79769e+308,4,5,6,7,1.79769e+308,1.79769e+308,15,14,13,12,11,10,9,1.79769e+308,3,2,1,0,1,2,3,4,5,6,16,15,14,13,12,11,10,9,8,1.79769e+308,4,3,1.79769e+308,1.79769e+308,2,3,1.79769e+308,5,6,1.79769e+308,17,1.79769e+308,13,12,11,10,9,8,7,6,5,1.79769e+308,1.79769e+308,4,3,4,5,6,1.79769e+308,10,1.79769e+308,15,14,13,12,11,10,9,8,7,6,7,8,1.79769e+308,4,1.79769e+308,1.79769e+308,7,8,9,17,16,1.79769e+308,14,13,1.79769e+308,11,10,9,1.79769e+308,7,8,7,6,5,6,7,8,9,10,18,17,18,1.79769e+308,14,13,12,11,10,11,1.79769e+308,9,8,1.79769e+308,6,7,8,1.79769e+308,10,1.79769e+308,19,1.79769e+308,17,16,15,1.79769e+308,13,12,11,12,11,10,9,10,1.79769e+308,8,9,10,11,12,20,21,1.79769e+308,17,16,15,14,1.79769e+308,12,13,12,1.79769e+308,1.79769e+308,1.79769e+308,1.79769e+308,9,10,1.79769e+308,12,13,1.79769e+308,20,19,18,17,16,1.79769e+308,14,13,14,13,1.79769e+308,13,12,11,10,11,12,13,14,24,1.79769e+308,20,19,18,17,1.79769e+308,15,14,15,14,1.79769e+308,14,13,12,11,12,13,14,15,23,22,21,1.79769e+308,19,1.79769e+308,17,16,15,16,15,1.79769e+308,1.79769e+308,14,13,12,13,14,15,16,24,23,22,21,20,19,18,17,16,17,16,1.79769e+308,1.79769e+308,15,1.79769e+308,13,14,15,16,17,25,24,23,22,21,20,19,18,1.79769e+308,18,17,18,17,16,15,14,15,16,17,18,26,1.79769e+308,1.79769e+308,23,22,21,20,19,20,19,18,19,18,1.79769e+308,16,15,16,17,18,19,27,26,25,24,23,22,21,20,1.79769e+308,20,19,20,19,1.79769e+308,17,16,17,18,19,20,1.79769e+308,27,1.79769e+308,25,24,23,22,21,22,21,20,21,20,19,18,17,1.79769e+308,1.79769e+308,1.79769e+308,21,1.79769e+308,1.79769e+308,27,26,25,24,23,22,23,22,21,22,21,20,19,18,19,20,21,22,
208
18,17,16,1.79769e+308,1.79769e+308,1.79769e+308,12,13,1.79769e+308,13,12,1.79769e+308,1.79769e+308,1.79769e+308,1.79769e+308,17,18,1.79769e+308,22,21,1.79769e+308,16,15,14,13,1.79769e+308,11,12,13,12,11,12,1.79769e+308,1.79769e+308,15,16,17,1.79769e+308,1.79769e+308,20,16,15,14,13,12,11,10,1.79769e+308,1.79769e+308,11,10,11,12,13,14,1.79769e+308,16,17,18,19,1.79769e+308,1.79769e+308,13,12,11,10,9,8,7,1.79769e+308,9,10,11,12,13,14,15,16,17,18,14,13,12,11,10,9,8,7,6,1.79769e+308,8,9,1.79769e+308,1.79769e+308,12,13,1.79769e+308,15,16,1.79769e+308,15,1.79769e+308,11,10,9,8,7,6,5,6,7,1.79769e+308,1.79769e+308,12,11,12,13,14,1.79769e+308,16,1.79769e+308,11,10,9,8,7,6,5,4,5,6,7,8,1.79769e+308,10,1.79769e+308,1.79769e+308,13,14,15,13,12,1.79769e+308,8,7,1.79769e+308,5,4,3,1.79769e+308,7,6,7,8,9,10,11,12,13,14,12,11,10,1.79769e+308,6,5,4,3,2,3,1.79769e+308,5,6,1.79769e+308,10,11,12,1.79769e+308,14,1.79769e+308,13,1.79769e+308,9,8,7,1.79769e+308,3,2,1,2,3,4,5,6,1.79769e+308,12,13,14,15,16,12,11,1.79769e+308,7,6,5,4,1.79769e+308,0,1,2,1.79769e+308,1.79769e+308,1.79769e+308,1.79769e+308,13,14,1.79769e+308,16,17,1.79769e+308,10,9,8,7,6,1.79769e+308,2,1,2,3,1.79769e+308,15,14,15,14,15,16,17,18,14,1.79769e+308,10,9,8,7,1.79769e+308,3,2,3,4,1.79769e+308,14,13,14,15,16,17,18,19,13,12,11,1.79769e+308,9,1.79769e+308,5,4,3,4,5,1.79769e+308,1.79769e+308,12,13,14,15,16,17,18,12,11,10,9,8,7,6,5,4,5,6,1.79769e+308,1.79769e+308,11,1.79769e+308,13,14,15,16,17,13,12,11,10,9,8,7,6,1.79769e+308,6,7,8,9,10,11,12,13,14,15,16,14,1.79769e+308,1.79769e+308,11,10,9,8,7,8,7,8,9,10,1.79769e+308,12,13,14,15,16,17,15,14,13,12,11,10,9,8,1.79769e+308,8,9,10,11,1.79769e+308,13,14,15,16,17,18,1.79769e+308,15,1.79769e+308,13,12,11,10,9,10,9,10,11,12,13,14,15,1.79769e+308,1.79769e+308,1.79769e+308,19,1.79769e+308,1.79769e+308,15,14,13,12,11,10,11,10,11,12,13,14,15,16,17,18,19,20,
97
23,22,21,1.79769e+308,1.79769e+308,1.79769e+308,15,14,1.79769e+308,12,11,1.79769e+308,1.79769e+308,1.79769e+308,1.79769e+308,6,5,1.79769e+308,7,6,1.79769e+308,21,20,19,18,1.79769e+308,14,13,12,11,10,9,1.79769e+308,1.79769e+308,6,5,4,1.79769e+308,1.79769e+308,5,21,20,19,18,17,16,15,1.79769e+308,1.79769e+308,10,9,8,7,6,5,1.79769e+308,3,2,3,4,1.79769e+308,1.79769e+308,20,19,18,17,16,15,14,1.79769e+308,8,7,6,5,4,3,2,1,2,3,21,20,19,18,17,16,15,14,13,1.79769e+308,9,8,1.79769e+308,1.79769e+308,5,4,1.79769e+308,0,1,1.79769e+308,22,1.79769e+308,18,17,16,15,14,13,12,11,10,1.79769e+308,1.79769e+308,5,4,3,2,1,1.79769e+308,5,1.79769e+308,20,19,18,17,16,15,14,13,12,11,10,9,1.79769e+308,5,1.79769e+308,1.79769e+308,2,3,4,22,21,1.79769e+308,19,18,1.79769e+308,16,15,14,1.79769e+308,10,9,8,7,6,5,4,3,4,5,23,22,23,1.79769e+308,19,18,17,16,15,14,1.79769e+308,10,9,1.79769e+308,7,6,5,1.79769e+308,5,1.79769e+308,24,1.79769e+308,22,21,20,1.79769e+308,16,15,14,13,12,11,10,11,1.79769e+308,7,6,7,6,7,25,24,1.79769e+308,20,19,18,17,1.79769e+308,15,14,13,1.79769e+308,1.79769e+308,1.79769e+308,1.79769e+308,8,7,1.79769e+308,7,8,1.79769e+308,23,22,21,20,19,1.79769e+308,17,16,15,14,1.79769e+308,12,11,10,9,8,9,8,9,27,1.79769e+308,23,22,21,20,1.79769e+308,18,17,16,15,1.79769e+308,13,12,11,10,9,10,9,10,26,25,24,1.79769e+308,22,1.79769e+308,20,19,18,17,16,1.79769e+308,1.79769e+308,13,12,11,10,11,10,11,27,26,25,24,23,22,21,20,19,18,17,1.79769e+308,1.79769e+308,14,1.79769e+308,12,11,12,11,12,28,27,26,25,24,23,22,21,1.79769e+308,19,18,17,16,15,14,13,12,13,12,13,29,1.79769e+308,1.79769e+308,26,25,24,23,22,21,20,19,18,17,1.79769e+308,15,14,13,14,13,14,30,29,28,27,26,25,24,23,1.79769e+308,21,20,19,18,1.79769e+308,16,15,14,15,14,15,1.79769e+308,30,1.79769e+308,28,27,26,25,24,23,22,21,20,19,18,17,16,1.79769e+308,1.79769e+308,1.79769e+308,16,1.79769e+308,1.79769e+308,30,29,28,27,26,25,24,23,22,21,20,19,18,17,18,19,18,17,
56
22,21,20,1.79769e+308,1.79769e+308,1.79769e+308,14,13,1.79769e+308,11,10,1.79769e+308,1.79769e+308,1.79769e+308,1.79769e+308,3,2,1.79769e+308,6,5,1.79769e+308,20,19,18,17,1.79769e+308,13,12,11,10,9,8,1.79769e+308,1.79769e+308,3,2,1,1.79769e+308,1.79769e+308,4,20,19,18,17,16,15,14,1.79769e+308,1.79769e+308,9,8,7,6,5,4,1.79769e+308,0,1,2,3,1.79769e+308,1.79769e+308,19,18,17,16,15,14,13,1.79769e+308,7,6,5,4,3,2,1,2,3,4,20,19,18,17,16,15,14,13,12,1.79769e+308,8,7,1.79769e+308,1.79769e+308,4,3,1.79769e+308,3,4,1.79769e+308,21,1.79769e+308,17,16,15,14,13,12,11,10,9,1.79769e+308,1.79769e+308,6,5,4,5,4,1.79769e+308,8,1.79769e+308,19,18,17,16,15,14,13,12,11,10,11,10,1.79769e+308,6,1.79769e+308,1.79769e+308,5,6,7,21,20,1.79769e+308,18,17,1.79769e+308,15,14,13,1.79769e+308,11,10,9,8,7,8,7,6,7,8,22,21,22,1.79769e+308,18,17,16,15,14,15,1.79769e+308,11,10,1.79769e+308,8,9,8,1.79769e+308,8,1.79769e+308,23,1.79769e+308,21,20,19,1.79769e+308,17,16,15,14,13,12,11,12,1.79769e+308,10,9,10,9,10,24,25,1.79769e+308,21,20,19,18,1.79769e+308,16,15,14,1.79769e+308,1.79769e+308,1.79769e+308,1.79769e+308,11,10,1.79769e+308,10,11,1.79769e+308,24,23,22,21,20,1.79769e+308,18,17,16,15,1.79769e+308,15,14,13,12,11,12,11,12,28,1.79769e+308,24,23,22,21,1.79769e+308,19,18,17,16,1.79769e+308,16,15,14,13,12,13,12,13,27,26,25,1.79769e+308,23,1.79769e+308,21,20,19,18,17,1.79769e+308,1.79769e+308,16,15,14,13,14,13,14,28,27,26,25,24,23,22,21,20,19,18,1.79769e+308,1.79769e+308,17,1.79769e+308,15,14,15,14,15,29,28,27,26,25,24,23,22,1.79769e+308,20,19,20,19,18,17,16,15,16,15,16,30,1.79769e+308,1.79769e+308,27,26,25,24,23,22,21,20,21,20,1.79769e+308,18,17,16,17,16,17,31,30,29,28,27,26,25,24,1.79769e+308,22,21,22,21,1.79769e+308,19,18,17,18,17,18,1.79769e+308,31,1.79769e+308,29,28,27,26,25,24,23,22,23,22,21,20,19,1.79769e+308,1.79769e+308,1.79769e+308,19,1.79769e+308,1.79769e+308,31,30,29,28,27,26,25,24,23,24,23,22,21,20,21,22,21,20,
311
26,25,24,1.79769e+308,1.79769e+308,1.79769e+308,20,21,1.79769e+308,19,18,1.79769e+308,1.79769e+308,1.79769e+308,1.79769e+308,21,22,1.79769e+308,24,23,1.79769e+308,24,23,22,21,1.79769e+308,19,20,19,18,17,18,1.79769e+308,1.79769e+308,19,20,21,1.79769e+308,1.79769e+308,22,24,23,22,21,20,19,18,1.79769e+308,1.79769e+308,17,16,17,18,19,18,1.79769e+308,20,19,20,21,1.79769e+308,1.79769e+308,21,20,19,18,17,16,15,1.79769e+308,15,16,17,18,17,18,19,18,19,20,22,21,20,19,18,17,16,15,14,1.79769e+308,14,15,1.79769e+308,1.79769e+308,16,17,1.79769e+308,17,18,1.79769e+308,23,1.79769e+308,19,18,17,16,15,14,13,14,13,1.79769e+308,1.79769e+308,16,15,16,17,16,1.79769e+308,18,1.79769e+308,19,18,17,16,15,14,13,12,13,12,11,12,1.79769e+308,14,1.79769e+308,1.79769e+308,15,16,17,19,18,1.79769e+308,16,15,1.79769e+308,13,12,11,1.79769e+308,11,10,11,12,13,12,13,14,15,16,18,17,16,1.79769e+308,14,13,12,11,10,9,1.79769e+308,9,10,1.79769e+308,12,11,12,1.79769e+308,14,1.79769e+308,17,1.79769e+308,15,14,13,1.79769e+308,11,10,9,8,7,8,9,10,1.79769e+308,10,11,12,13,14,16,15,1.79769e+308,13,12,13,12,1.79769e+308,8,7,6,1.79769e+308,1.79769e+308,1.79769e+308,1.79769e+308,9,10,1.79769e+308,12,13,1.79769e+308,14,13,12,11,12,1.79769e+308,8,7,6,5,1.79769e+308,7,6,7,8,9,10,11,12,14,1.79769e+308,12,11,10,11,1.79769e+308,7,6,5,4,1.79769e+308,6,5,6,7,8,9,10,11,13,12,11,1.79769e+308,9,1.79769e+308,7,6,5,4,3,1.79769e+308,1.79769e+308,4,5,6,7,8,9,10,12,11,10,9,8,7,6,5,4,3,2,1.79769e+308,1.79769e+308,3,1.79769e+308,5,6,7,8,9,13,12,11,10,9,8,7,6,1.79769e+308,2,1,0,1,2,3,4,5,6,7,8,14,1.79769e+308,1.79769e+308,9,8,7,6,5,4,3,2,1,2,1.79769e+308,4,5,6,7,8,9,13,12,11,10,9,8,7,6,1.79769e+308,4,3,2,3,1.79769e+308,5,6,7,8,9,10,1.79769e+308,13,1.79769e+308,11,10,9,8,7,6,5,4,3,4,5,6,7,1.79769e+308,1.79769e+308,1.79769e+308,11,1.79769e+308,1.79769e+308,13,12,11,10,9,8,7,6,5,4,5,6,7,8,9,10,11,12,
249
21,20,19,1.79769e+308,1.79769e+308,1.79769e+308,15,16,1.79769e+308,16,15,1.79769e+308,1.79769e+308,1.79769e+308,1.79769e+308,18,19,1.79769e+308,23,22,1.79769e+308,19,18,17,16,1.79769e+308,14,15,16,15,14,15,1.79769e+308,1.79769e+308,16,17,18,1.79769e+308,1.79769e+308,21,19,18,17,16,15,14,13,1.79769e+308,1.79769e+308,14,13,14,15,16,15,1.79769e+308,17,18,19,20,1.79769e+308,1.79769e+308,16,15,14,13,12,11,10,1.79769e+308,12,13,14,15,14,15,16,17,18,19,17,16,15,14,13,12,11,10,9,1.79769e+308,11,12,1.79769e+308,1.79769e+308,13,14,1.79769e+308,16,17,1.79769e+308,18,1.79769e+308,14,13,12,11,10,9,8,9,10,1.79769e+308,1.79769e+308,13,12,13,14,15,1.79769e+308,17,1.79769e+308,14,13,12,11,10,9,8,7,8,9,8,9,1.79769e+308,11,1.79769e+308,1.79769e+308,14,15,16,16,15,1.79769e+308,11,10,1.79769e+308,8,7,6,1.79769e+308,8,7,8,9,10,11,12,13,14,15,15,14,13,1.79769e+308,9,8,7,6,5,4,1.79769e+308,6,7,1.79769e+308,11,12,13,1.79769e+308,15,1.79769e+308,16,1.79769e+308,12,11,10,1.79769e+308,6,5,4,3,4,5,6,7,1.79769e+308,13,14,15,16,17,15,14,1.79769e+308,10,9,8,7,1.79769e+308,3,2,3,1.79769e+308,1.79769e+308,1.79769e+308,1.79769e+308,14,15,1.79769e+308,17,18,1.79769e+308,13,12,11,10,9,1.79769e+308,3,2,1,2,1.79769e+308,12,11,12,13,14,15,16,17,13,1.79769e+308,11,10,9,10,1.79769e+308,2,1,0,1,1.79769e+308,11,10,11,12,13,14,15,16,12,11,10,1.79769e+308,8,1.79769e+308,4,3,2,1,2,1.79769e+308,1.79769e+308,9,10,11,12,13,14,15,11,10,9,8,7,6,5,4,3,2,3,1.79769e+308,1.79769e+308,8,1.79769e+308,10,11,12,13,14,12,11,10,9,8,7,6,5,1.79769e+308,3,4,5,6,7,8,9,10,11,12,13,13,1.79769e+308,1.79769e+308,10,9,8,7,6,5,4,5,6,7,1.79769e+308,9,10,11,12,13,14,14,13,12,11,10,9,8,7,1.79769e+308,5,6,7,8,1.79769e+308,10,11,12,13,14,15,1.79769e+308,14,1.79769e+308,12,11,10,9,8,7,6,7,8,9,10,11,12,1.79769e+308,1.79769e+308,1.79769e+308,16,1.79769e+308,1.79769e+308,14,13,12,11,10,9,8,7,8,9,10,11,12,13,14,15,16,17,
154
21,20,19,1.79769e+308,1.79769e+308,1.79769e+308,15,14,1.79769e+308,12,11,1.79769e+308,1.79769e+308,1.79769e+308,1.79769e+308,8,9,1.79769e+308,13,12,1.79769e+308,19,18,17,16,1.79769e+308,14,13,12,11,10,9,1.79769e+308,1.79769e+308,6,7,8,1.79769e+308,1.79769e+308,11,19,18,17,16,15,14,13,1.79769e+308,1.79769e+308,10,9,8,7,6,5,1.79769e+308,7,8,9,10,1.79769e+308,1.79769e+308,16,15,14,13,12,11,10,1.79769e+308,8,7,6,5,4,5,6,7,8,9,17,16,15,14,13,12,11,10,9,1.79769e+308,7,8,1.79769e+308,1.79769e+308,3,4,1.79769e+308,6,7,1.79769e+308,18,1.79769e+308,14,13,12,11,10,9,8,7,6,1.79769e+308,1.79769e+308,3,2,3,4,5,1.79769e+308,7,1.79769e+308,14,13,12,11,10,9,8,7,6,5,4,3,1.79769e+308,1,1.79769e+308,1.79769e+308,4,5,6,16,15,1.79769e+308,13,12,1.79769e+308,10,9,8,1.79769e+308,4,3,2,1,0,1,2,3,4,5,17,16,17,1.79769e+308,13,12,11,10,9,8,1.79769e+308,4,3,1.79769e+308,1,2,3,1.79769e+308,5,1.79769e+308,18,1.79769e+308,16,15,14,1.79769e+308,10,9,8,7,6,5,4,5,1.79769e+308,3,4,5,6,7,19,18,1.79769e+308,14,13,12,11,1.79769e+308,9,8,7,1.79769e+308,1.79769e+308,1.79769e+308,1.79769e+308,4,5,1.79769e+308,7,8,1.79769e+308,17,16,15,14,13,1.79769e+308,11,10,9,8,1.79769e+308,8,7,6,5,6,7,8,9,21,1.79769e+308,17,16,15,14,1.79769e+308,12,11,10,9,1.79769e+308,9,8,7,6,7,8,9,10,20,19,18,1.79769e+308,16,1.79769e+308,14,13,12,11,10,1.79769e+308,1.79769e+308,9,8,7,8,9,10,11,21,20,19,18,17,16,15,14,13,12,11,1.79769e+308,1.79769e+308,10,1.79769e+308,8,9,10,11,12,22,21,20,19,18,17,16,15,1.79769e+308,13,12,13,12,11,10,9,10,11,12,13,23,1.79769e+308,1.79769e+308,20,19,18,17,16,15,14,13,14,13,1.79769e+308,11,10,11,12,13,14,24,23,22,21,20,19,18,17,1.79769e+308,15,14,15,14,1.79769e+308,12,11,12,13,14,15,1.79769e+308,24,1.79769e+308,22,21,20,19,18,17,16,15,16,15,14,13,12,1.79769e+308,1.79769e+308,1.79769e+308,16,1.79769e+308,1.79769e+308,24,23,22,21,20,19,18,17,16,17,16,15,14,13,14,15,16,17,
284
18,17,16,1.79769e+308,1.79769e+308,1.79769e+308,16,17,1.79769e+308,19,20,1.79769e+308,1.79769e+308,1.79769e+308,1.79769e+308,25,26,1.79769e+308,30,29,1.79769e+308,16,15,14,13,1.79769e+308,15,16,17,18,19,20,1.79769e+308,1.79769e+308,23,24,25,1.79769e+308,1.79769e+308,28,16,15,14,13,12,13,14,1.79769e+308,1.79769e+308,19,18,19,20,21,22,1.79769e+308,24,25,26,27,1.79769e+308,1.79769e+308,13,12,11,12,13,14,15,1.79769e+308,17,18,19,20,21,22,23,24,25,26,14,13,12,11,10,11,12,13,14,1.79769e+308,16,17,1.79769e+308,1.79769e+308,20,21,1.79769e+308,23,24,1.79769e+308,15,1.79769e+308,11,10,9,10,11,12,13,14,15,1.79769e+308,1.79769e+308,20,19,20,21,22,1.79769e+308,24,1.79769e+308,11,10,9,8,9,10,11,12,13,14,15,16,1.79769e+308,18,1.79769e+308,1.79769e+308,21,22,23,11,10,1.79769e+308,8,7,1.79769e+308,9,10,11,1.79769e+308,15,14,15,16,17,18,19,20,21,22,10,9,8,1.79769e+308,6,7,8,9,10,11,1.79769e+308,13,14,1.79769e+308,18,19,20,1.79769e+308,22,1.79769e+308,9,1.79769e+308,7,6,5,1.79769e+308,7,8,9,10,11,12,13,14,1.79769e+308,18,19,20,21,22,8,7,1.79769e+308,5,4,5,6,1.79769e+308,8,9,10,1.79769e+308,1.79769e+308,1.79769e+308,1.79769e+308,17,18,1.79769e+308,20,21,1.79769e+308,6,5,4,3,4,1.79769e+308,6,7,8,9,1.79769e+308,15,14,15,16,17,18,19,20,6,1.79769e+308,4,3,2,3,1.79769e+308,5,6,7,8,1.79769e+308,14,13,14,15,16,17,18,19,5,4,3,1.79769e+308,1,1.79769e+308,3,4,5,6,7,1.79769e+308,1.79769e+308,12,13,14,15,16,17,18,4,3,2,1,0,1,2,3,4,5,6,1.79769e+308,1.79769e+308,11,1.79769e+308,13,14,15,16,17,5,4,3,2,1,2,3,4,1.79769e+308,6,7,8,9,10,11,12,13,14,15,16,6,1.79769e+308,1.79769e+308,3,2,3,4,5,6,7,8,9,10,1.79769e+308,12,13,14,15,16,17,7,6,5,4,3,4,5,6,1.79769e+308,8,9,10,11,1.79769e+308,13,14,15,16,17,18,1.79769e+308,7,1.79769e+308,5,4,5,6,7,8,9,10,11,12,13,14,15,1.79769e+308,1.79769e+308,1.79769e+308,19,1.79769e+308,1.79769e+308,7,6,5,6,7,8,9,10,11,12,13,14,15,16,17,18,19,20,
257
29,28,27,1.79769e+308,1.79769e+308,1.79769e+308,23,22,1.79769e+308,20,19,1.79769e+308,1.79769e+308,1.79769e+308,1.79769e+308,16,15,1.79769e+308,17,16,1.79769e+308,27,26,25,24,1.79769e+308,22,21,20,19,18,17,1.79769e+308,1.79769e+308,14,15,14,1.79769e+308,1.79769e+308,15,27,26,25,24,23,22,21,1.79769e+308,1.79769e+308,18,17,16,15,14,13,1.79769e+308,13,12,13,14,1.79769e+308,1.79769e+308,24,23,22,21,20,19,18,1.79769e+308,16,15,14,13,12,13,12,11,12,13,25,24,23,22,21,20,19,18,17,1.79769e+308,15,16,1.79769e+308,1.79769e+308,11,12,1.79769e+308,10,11,1.79769e+308,26,1.79769e+308,22,21,20,19,18,17,16,15,14,1.79769e+308,1.79769e+308,11,10,11,10,9,1.79769e+308,9,1.79769e+308,22,21,20,19,18,17,16,15,14,13,12,11,1.79769e+308,9,1.79769e+308,1.79769e+308,8,7,8,24,23,1.79769e+308,21,20,1.79769e+308,18,17,16,1.79769e+308,12,11,10,9,8,7,6,7,6,7,25,24,25,1.79769e+308,21,20,19,18,17,16,1.79769e+308,12,11,1.79769e+308,7,6,5,1.79769e+308,5,1.79769e+308,26,1.79769e+308,24,23,22,1.79769e+308,18,17,16,15,14,13,12,13,1.79769e+308,5,4,5,4,5,25,24,1.79769e+308,22,21,20,19,1.79769e+308,17,16,15,1.79769e+308,1.79769e+308,1.79769e+308,1.79769e+308,4,3,1.79769e+308,3,4,1.79769e+308,23,22,21,20,21,1.79769e+308,17,16,15,14,1.79769e+308,6,5,4,3,2,1,2,3,23,1.79769e+308,21,20,19,20,1.79769e+308,16,15,14,13,1.79769e+308,5,4,3,2,1,0,1,2,22,21,20,1.79769e+308,18,1.79769e+308,16,15,14,13,12,1.79769e+308,1.79769e+308,5,4,3,2,1,2,3,21,20,19,18,17,16,15,14,13,12,11,1.79769e+308,1.79769e+308,6,1.79769e+308,4,3,2,3,4,22,21,20,19,18,17,16,15,1.79769e+308,11,10,9,8,7,6,5,4,3,4,5,23,1.79769e+308,1.79769e+308,18,17,16,15,14,13,12,11,10,9,1.79769e+308,7,6,5,4,5,6,22,21,20,19,18,17,16,15,1.79769e+308,13,12,11,10,1.79769e+308,8,7,6,5,6,7,1.79769e+308,22,1.79769e+308,20,19,18,17,16,15,14,13,12,11,10,9,8,1.79769e+308,1.79769e+308,1.79769e+308,8,1.79769e+308,1.79769e+308,22,21,20,19,18,17,16,15,14,13,12,11,10,9,10,11,10,9,
52
16,15,14,1.79769e+308,1.79769e+308,1.79769e+308,8,7,1.79769e+308,5,4,1.79769e+308,1.79769e+308,1.79769e+308,1.79769e+308,5,6,1.79769e+308,12,11,1.79769e+308,14,13,12,11,1.79769e+308,7,6,5,4,3,2,1.79769e+308,1.79769e+308,3,4,5,1.79769e+308,1.79769e+308,10,14,13,12,11,10,9,8,1.79769e+308,1.79769e+308,3,2,1,0,1,2,1.79769e+308,6,7,8,9,1.79769e+308,1.79769e+308,13,12,11,10,9,10,9,1.79769e+308,3,2,1,2,3,4,5,6,7,8,16,15,14,13,12,11,10,9,8,1.79769e+308,4,3,1.79769e+308,1.79769e+308,4,5,1.79769e+308,7,8,1.79769e+308,17,1.79769e+308,13,12,11,10,9,8,7,6,5,1.79769e+308,1.79769e+308,6,5,6,7,8,1.79769e+308,12,1.79769e+308,15,14,13,12,11,10,9,8,7,6,7,8,1.79769e+308,6,1.79769e+308,1.79769e+308,9,10,11,17,16,1.79769e+308,14,13,1.79769e+308,11,10,9,1.79769e+308,7,8,9,8,7,8,9,10,11,12,18,17,18,1.79769e+308,14,13,12,11,10,11,1.79769e+308,9,10,1.79769e+308,8,9,10,1.79769e+308,12,1.79769e+308,19,1.79769e+308,17,16,15,1.79769e+308,13,12,11,12,11,10,11,12,1.79769e+308,10,11,12,13,14,20,21,1.79769e+308,17,16,15,14,1.79769e+308,12,13,12,1.79769e+308,1.79769e+308,1.79769e+308,1.79769e+308,11,12,1.79769e+308,14,15,1.79769e+308,20,19,18,17,16,1.79769e+308,14,13,14,13,1.79769e+308,15,14,13,12,13,14,15,16,24,1.79769e+308,20,19,18,17,1.79769e+308,15,14,15,14,1.79769e+308,16,15,14,13,14,15,16,17,23,22,21,1.79769e+308,19,1.79769e+308,17,16,15,16,15,1.79769e+308,1.79769e+308,16,15,14,15,16,17,18,24,23,22,21,20,19,18,17,16,17,16,1.79769e+308,1.79769e+308,17,1.79769e+308,15,16,17,18,19,25,24,23,22,21,20,19,18,1.79769e+308,18,17,18,19,18,17,16,17,18,19,20,26,1.79769e+308,1.79769e+308,23,22,21,20,19,20,19,18,19,20,1.79769e+308,18,17,18,19,20,21,27,26,25,24,23,22,21,20,1.79769e+308,20,19,20,21,1.79769e+308,19,18,19,20,21,22,1.79769e+308,27,1.79769e+308,25,24,23,22,21,22,21,20,21,22,21,20,19,1.79769e+308,1.79769e+308,1.79769e+308,23,1.79769e+308,1.79769e+308,27,26,25,24,23,22,23,22,21,22,23,22,21,20,21,22,23,24,
196
25,24,23,1.79769e+308,1.79769e+308,1.79769e+308,19,18,1.79769e+308,16,15,1.79769e+308,1.79769e+308,1.79769e+308,1.79769e+308,12,11,1.79769e+308,13,12,1.79769e+308,23,22,21,20,1.79769e+308,18,17,16,15,14,13,1.79769e+308,1.79769e+308,10,11,10,1.79769e+308,1.79769e+308,11,23,22,21,20,19,18,17,1.79769e+308,1.79769e+308,14,13,12,11,10,9,1.79769e+308,9,8,9,10,1.79769e+308,1.79769e+308,20,19,18,17,16,15,14,1.79769e+308,12,11,10,9,8,9,8,7,8,9,21,20,19,18,17,16,15,14,13,1.79769e+308,11,12,1.79769e+308,1.79769e+308,7,8,1.79769e+308,6,7,1.79769e+308,22,1.79769e+308,18,17,16,15,14,13,12,11,10,1.79769e+308,1.79769e+308,7,6,7,6,5,1.79769e+308,7,1.79769e+308,18,17,16,15,14,13,12,11,10,9,8,7,1.79769e+308,5,1.79769e+308,1.79769e+308,4,5,6,20,19,1.79769e+308,17,16,1.79769e+308,14,13,12,1.79769e+308,8,7,6,5,4,3,2,3,4,5,21,20,21,1.79769e+308,17,16,15,14,13,12,1.79769e+308,8,7,1.79769e+308,3,2,1,1.79769e+308,3,1.79769e+308,22,1.79769e+308,20,19,18,1.79769e+308,14,13,12,11,10,9,8,9,1.79769e+308,1,0,1,2,3,23,22,1.79769e+308,18,17,16,15,1.79769e+308,13,12,11,1.79769e+308,1.79769e+308,1.79769e+308,1.79769e+308,2,1,1.79769e+308,3,4,1.79769e+308,21,20,19,18,17,1.79769e+308,15,14,13,12,1.79769e+308,6,5,4,3,2,3,4,5,25,1.79769e+308,21,20,19,18,1.79769e+308,16,15,14,13,1.79769e+308,7,6,5,4,3,4,5,6,24,23,22,1.79769e+308,20,1.79769e+308,18,17,16,15,14,1.79769e+308,1.79769e+308,7,6,5,4,5,6,7,23,22,21,20,19,18,17,16,15,14,13,1.79769e+308,1.79769e+308,8,1.79769e+308,6,5,6,7,8,24,23,22,21,20,19,18,17,1.79769e+308,13,12,11,10,9,8,7,6,7,8,9,25,1.79769e+308,1.79769e+308,20,19,18,17,16,15,14,13,12,11,1.79769e+308,9,8,7,8,9,10,24,23,22,21,20,19,18,17,1.79769e+308,15,14,13,12,1.79769e+308,10,9,8,9,10,11,1.79769e+308,24,1.79769e+308,22,21,20,19,18,17,16,15,14,13,12,11,10,1.79769e+308,1.79769e+308,1.79769e+308,12,1.79769e+308,1.79769e+308,24,23,22,21,20,19,18,17,16,15,14,13,12,11,12,13,14,13,
126
12,11,10,1.79769e+308,1.79769e+308,1.79769e+308,6,7,1.79769e+308,9,10,1.79769e+308,1.79769e+308,1.79769e+308,1.79769e+308,15,16,1.79769e+308,20,19,1.79769e+308,10,9,8,7,1.79769e+308,5,6,7,8,9,10,1.79769e+308,1.79769e+308,13,14,15,1.79769e+308,1.79769e+308,18,10,9,8,7,6,5,4,1.79769e+308,1.79769e+308,9,8,9,10,11,12,1.79769e+308,14,15,16,17,1.79769e+308,1.79769e+308,7,6,5,4,3,4,5,1.79769e+308,7,8,9,10,11,12,13,14,15,16,8,7,6,5,4,3,2,3,4,1.79769e+308,6,7,1.79769e+308,1.79769e+308,12,13,1.79769e+308,15,16,1.79769e+308,9,1.79769e+308,5,4,3,2,1,2,3,4,5,1.79769e+308,1.79769e+308,12,11,12,13,14,1.79769e+308,16,1.79769e+308,5,4,3,2,1,0,1,2,3,4,5,6,1.79769e+308,10,1.79769e+308,1.79769e+308,13,14,15,7,6,1.79769e+308,4,3,1.79769e+308,1,2,3,1.79769e+308,5,6,7,8,9,10,11,12,13,14,8,7,8,1.79769e+308,4,3,2,3,4,5,1.79769e+308,7,8,1.79769e+308,10,11,12,1.79769e+308,14,1.79769e+308,9,1.79769e+308,7,6,5,1.79769e+308,3,4,5,6,7,8,9,10,1.79769e+308,12,13,14,15,16,10,11,1.79769e+308,7,6,5,4,1.79769e+308,6,7,8,1.79769e+308,1.79769e+308,1.79769e+308,1.79769e+308,13,14,1.79769e+308,16,17,1.79769e+308,10,9,8,7,6,1.79769e+308,8,7,8,9,1.79769e+308,17,16,15,14,15,16,17,18,14,1.79769e+308,10,9,8,7,1.79769e+308,9,8,9,10,1.79769e+308,18,17,16,15,16,17,18,19,13,12,11,1.79769e+308,9,1.79769e+308,11,10,9,10,11,1.79769e+308,1.79769e+308,18,17,16,17,18,19,20,14,13,12,11,10,11,12,11,10,11,12,1.79769e+308,1.79769e+308,17,1.79769e+308,17,18,19,20,21,15,14,13,12,11,12,13,12,1.79769e+308,12,13,14,15,16,17,18,19,20,21,22,16,1.79769e+308,1.79769e+308,13,12,13,14,13,14,13,14,15,16,1.79769e+308,18,19,20,21,22,23,17,16,15,14,13,14,15,14,1.79769e+308,14,15,16,17,1.79769e+308,19,20,21,22,23,24,1.79769e+308,17,1.79769e+308,15,14,15,16,15,16,15,16,17,18,19,20,21,1.79769e+308,1.79769e+308,1.79769e+308,25,1.79769e+308,1.79769e+308,17,16,15,16,17,16,17,16,17,18,19,20,21,22,23,24,25,26,
277
30,29,28,1.79769e+308,1.79769e+308,1.79769e+308,24,23,1.79769e+308,21,20,1.79769e+308,1.79769e+308,1.79769e+308,1.79769e+308,17,16,1.79769e+308,18,17,1.79769e+308,28,27,26,25,1.79769e+308,23,22,21,20,19,18,1.79769e+308,1.79769e+308,15,16,15,1.79769e+308,1.79769e+308,16,28,27,26,25,24,23,22,1.79769e+308,1.79769e+308,19,18,17,16,15,14,1.79769e+308,14,13,14,15,1.79769e+308,1.79769e+308,25,24,23,22,21,20,19,1.79769e+308,17,16,15,14,13,14,13,12,13,14,26,25,24,23,22,21,20,19,18,1.79769e+308,16,17,1.79769e+308,1.79769e+308,12,13,1.79769e+308,11,12,1.79769e+308,27,1.79769e+308,23,22,21,20,19,18,17,16,15,1.79769e+308,1.79769e+308,12,11,12,11,10,1.79769e+308,10,1.79769e+308,23,22,21,20,19,18,17,16,15,14,13,12,1.79769e+308,10,1.79769e+308,1.79769e+308,9,8,9,25,24,1.79769e+308,22,21,1.79769e+308,19,18,17,1.79769e+308,13,12,11,10,9,8,7,8,7,8,26,25,24,1.79769e+308,22,21,20,19,18,17,1.79769e+308,13,12,1.79769e+308,8,7,6,1.79769e+308,6,1.79769e+308,25,1.79769e+308,23,22,21,1.79769e+308,19,18,17,16,15,14,13,14,1.79769e+308,6,5,6,5,6,24,23,1.79769e+308,21,20,21,20,1.79769e+308,16,15,14,1.79769e+308,1.79769e+308,1.79769e+308,1.79769e+308,5,4,1.79769e+308,4,5,1.79769e+308,22,21,20,19,20,1.79769e+308,16,15,14,13,1.79769e+308,7,6,5,4,3,2,3,4,22,1.79769e+308,20,19,18,19,1.79769e+308,15,14,13,12,1.79769e+308,6,5,4,3,2,1,2,3,21,20,19,1.79769e+308,17,1.79769e+308,15,14,13,12,11,1.79769e+308,1.79769e+308,4,3,2,1,0,1,2,20,19,18,17,16,15,14,13,12,11,10,1.79769e+308,1.79769e+308,5,1.79769e+308,3,2,1,2,3,21,20,19,18,17,16,15,14,1.79769e+308,10,9,8,7,6,5,4,3,2,3,4,22,1.79769e+308,1.79769e+308,17,16,15,14,13,12,11,10,9,8,1.79769e+308,6,5,4,3,4,5,21,20,19,18,17,16,15,14,1.79769e+308,12,11,10,9,1.79769e+308,7,6,5,4,5,6,1.79769e+308,21,1.79769e+308,19,18,17,16,15,14,13,12,11,10,9,8,7,1.79769e+308,1.79769e+308,1.79769e+308,7,1.79769e+308,1.79769e+308,21,20,19,18,17,16,15,14,13,12,11,10,9,8,9,10,9,8,
183
14,13,12,1.79769e+308,1.79769e+308,1.79769e+308,12,13,1.79769e+308,15,16,1.79769e+308,1.79769e+308,1.79769e+308,1.79769e+308,21,22,1.79769e+308,26,25,1.79769e+308,12,11,10,9,1.79769e+308,11,12,13,14,15,16,1.79769e+308,1.79769e+308,19,20,21,1.79769e+308,1.79769e+308,24,12,11,10,9,8,9,10,1.79769e+308,1.79769e+308,15,14,15,16,17,18,1.79769e+308,20,21,22,23,1.79769e+308,1.79769e+308,9,8,7,8,9,10,11,1.79769e+308,13,14,15,16,17,18,19,20,21,22,10,9,8,7,6,7,8,9,10,1.79769e+308,12,13,1.79769e+308,1.79769e+308,18,19,1.79769e+308,21,22,1.79769e+308,11,1.79769e+308,7,6,5,6,7,8,9,10,11,1.79769e+308,1.79769e+308,18,17,18,19,20,1.79769e+308,22,1.79769e+308,5,6,5,4,5,6,7,8,9,10,11,12,1.79769e+308,16,1.79769e+308,1.79769e+308,19,20,21,5,4,1.79769e+308,4,3,1.79769e+308,5,6,7,1.79769e+308,11,12,13,14,15,16,17,18,19,20,4,3,2,1.79769e+308,2,3,4,5,6,7,1.79769e+308,11,12,1.79769e+308,16,17,18,1.79769e+308,20,1.79769e+308,5,1.79769e+308,1,0,1,1.79769e+308,5,6,7,8,9,10,11,12,1.79769e+308,18,19,20,21,22,6,5,1.79769e+308,1,2,3,4,1.79769e+308,8,9,10,1.79769e+308,1.79769e+308,1.79769e+308,1.79769e+308,19,20,1.79769e+308,22,23,1.79769e+308,4,3,2,3,4,1.79769e+308,10,9,10,11,1.79769e+308,21,20,21,20,21,22,23,24,8,1.79769e+308,4,3,4,5,1.79769e+308,11,10,11,12,1.79769e+308,20,19,20,21,22,23,24,25,7,6,5,1.79769e+308,5,1.79769e+308,9,10,11,12,13,1.79769e+308,1.79769e+308,18,19,20,21,22,23,24,8,7,6,7,6,7,8,9,10,11,12,1.79769e+308,1.79769e+308,17,1.79769e+308,19,20,21,22,23,9,8,7,8,7,8,9,10,1.79769e+308,12,13,14,15,16,17,18,19,20,21,22,10,1.79769e+308,1.79769e+308,9,8,9,10,11,12,13,14,15,16,1.79769e+308,18,19,20,21,22,23,11,12,11,10,9,10,11,12,1.79769e+308,14,15,16,17,1.79769e+308,19,20,21,22,23,24,1.79769e+308,13,1.79769e+308,11,10,11,12,13,14,15,16,17,18,19,20,21,1.79769e+308,1.79769e+308,1.79769e+308,25,1.79769e+308,1.79769e+308,13,12,11,12,13,14,15,16,17,18,19,20,21,22,23,24,25,26,
285
19,18,17,1.79769e+308,1.79769e+308,1.79769e+308,17,18,1.79769e+308,20,19,1.79769e+308,1.79769e+308,1.79769e+308,1.79769e+308,24,25,1.79769e+308,29,28,1.79769e+308,17,16,15,14,1.79769e+308,16,17,18,19,18,19,1.79769e+308,1.79769e+308,22,23,24,1.79769e+308,1.79769e+308,27,17,16,15,14,13,14,15,1.79769e+308,1.79769e+308,18,17,18,19,20,21,1.79769e+308,23,24,25,26,1.79769e+308,1.79769e+308,14,13,12,13,14,15,14,1.79769e+308,16,17,18,19,20,21,22,23,24,25,15,14,13,12,11,12,13,14,13,1.79769e+308,15,16,1.79769e+308,1.79769e+308,19,20,1.79769e+308,22,23,1.79769e+308,16,1.79769e+308,12,11,10,11,12,13,12,13,14,1.79769e+308,1.79769e+308,19,18,19,20,21,1.79769e+308,23,1.79769e+308,12,11,10,9,10,11,12,11,12,13,14,15,1.79769e+308,17,1.79769e+308,1.79769e+308,20,21,22,12,11,1.79769e+308,9,8,1.79769e+308,10,11,10,1.79769e+308,14,13,14,15,16,17,18,19,20,21,11,10,9,1.79769e+308,7,8,9,10,9,10,1.79769e+308,12,13,1.79769e+308,17,18,19,1.79769e+308,21,1.79769e+308,10,1.79769e+308,8,7,6,1.79769e+308,8,9,8,9,10,11,12,13,1.79769e+308,17,18,19,20,21,9,8,1.79769e+308,6,5,6,7,1.79769e+308,7,8,9,1.79769e+308,1.79769e+308,1.79769e+308,1.79769e+308,16,17,1.79769e+308,19,20,1.79769e+308,7,6,5,4,5,1.79769e+308,5,6,7,8,1.79769e+308,14,13,14,15,16,17,18,19,7,1.79769e+308,5,4,3,4,1.79769e+308,4,5,6,7,1.79769e+308,13,12,13,14,15,16,17,18,6,5,4,1.79769e+308,2,1.79769e+308,2,3,4,5,6,1.79769e+308,1.79769e+308,11,12,13,14,15,16,17,5,4,3,2,1,0,1,2,3,4,5,1.79769e+308,1.79769e+308,10,1.79769e+308,12,13,14,15,16,6,5,4,3,2,1,2,3,1.79769e+308,5,6,7,8,9,10,11,12,13,14,15,7,1.79769e+308,1.79769e+308,4,3,2,3,4,5,6,7,8,9,1.79769e+308,11,12,13,14,15,16,8,7,6,5,4,3,4,5,1.79769e+308,7,8,9,10,1.79769e+308,12,13,14,15,16,17,1.79769e+308,8,1.79769e+308,6,5,4,5,6,7,8,9,10,11,12,13,14,1.79769e+308,1.79769e+308,1.79769e+308,18,1.79769e+308,1.79769e+308,8,7,6,5,6,7,8,9,10,11,12,13,14,15,16,17,18,19,
62
5,4,3,1.79769e+308,1.79769e+308,1.79769e+308,7,8,1.79769e+308,10,11,1.79769e+308,1.79769e+308,1.79769e+308,1.79769e+308,18,19,1.79769e+308,25,24,1.79769e+308,3,2,3,4,1.79769e+308,6,7,8,9,10,11,1.79769e+308,1.79769e+308,16,17,18,1.79769e+308,1.79769e+308,23,3,2,1,2,3,4,5,1.79769e+308,1.79769e+308,10,11,12,13,14,15,1.79769e+308,19,20,21,22,1.79769e+308,1.79769e+308,0,1,2,3,4,5,6,1.79769e+308,12,13,14,15,16,17,18,19,20,21,3,2,1,2,3,4,5,6,7,1.79769e+308,11,12,1.79769e+308,1.79769e+308,17,18,1.79769e+308,20,21,1.79769e+308,4,1.79769e+308,2,3,4,5,6,7,8,9,10,1.79769e+308,1.79769e+308,19,18,19,20,21,1.79769e+308,23,1.79769e+308,4,3,4,5,6,7,8,9,10,11,12,13,1.79769e+308,17,1.79769e+308,1.79769e+308,20,21,22,6,5,1.79769e+308,5,6,1.79769e+308,8,9,10,1.79769e+308,12,13,14,15,16,17,18,19,20,21,7,6,7,1.79769e+308,7,8,9,10,11,12,1.79769e+308,14,15,1.79769e+308,17,18,19,1.79769e+308,21,1.79769e+308,8,1.79769e+308,8,9,8,1.79769e+308,10,11,12,13,14,15,16,17,1.79769e+308,19,20,21,22,23,9,10,1.79769e+308,10,9,10,11,1.79769e+308,13,14,15,1.79769e+308,1.79769e+308,1.79769e+308,1.79769e+308,20,21,1.79769e+308,23,24,1.79769e+308,11,12,11,10,11,1.79769e+308,15,14,15,16,1.79769e+308,24,23,22,21,22,23,24,25,17,1.79769e+308,13,12,11,12,1.79769e+308,16,15,16,17,1.79769e+308,25,24,23,22,23,24,25,26,16,15,14,1.79769e+308,12,1.79769e+308,16,17,16,17,18,1.79769e+308,1.79769e+308,25,24,23,24,25,26,27,17,16,15,14,13,14,15,16,17,18,19,1.79769e+308,1.79769e+308,24,1.79769e+308,24,25,26,27,28,18,17,16,15,14,15,16,17,1.79769e+308,19,20,21,22,23,24,25,26,27,28,29,19,1.79769e+308,1.79769e+308,16,15,16,17,18,19,20,21,22,23,1.79769e+308,25,26,27,28,29,30,20,19,18,17,16,17,18,19,1.79769e+308,21,22,23,24,1.79769e+308,26,27,28,29,30,31,1.79769e+308,20,1.79769e+308,18,17,18,19,20,21,22,23,24,25,26,27,28,1.79769e+308,1.79769e+308,1.79769e+308,32,1.79769e+308,1.79769e+308,20,19,18,19,20,21,22,23,24,25,26,27,28,29,30,31,32,33,
270
23,22,21,1.79769e+308,1.79769e+308,1.79769e+308,17,18,1.79769e+308,16,15,1.79769e+308,1.79769e+308,1.79769e+308,1.79769e+308,18,19,1.79769e+308,23,22,1.79769e+308,21,20,19,18,1.79769e+308,16,17,16,15,14,15,1.79769e+308,1.79769e+308,16,17,18,1.79769e+308,1.79769e+308,21,21,20,19,18,17,16,15,1.79769e+308,1.79769e+308,14,13,14,15,16,15,1.79769e+308,17,18,19,20,1.79769e+308,1.79769e+308,18,17,16,15,14,13,12,1.79769e+308,12,13,14,15,14,15,16,17,18,19,19,18,17,16,15,14,13,12,11,1.79769e+308,11,12,1.79769e+308,1.79769e+308,13,14,1.79769e+308,16,17,1.79769e+308,20,1.79769e+308,16,15,14,13,12,11,10,11,10,1.79769e+308,1.79769e+308,13,12,13,14,15,1.79769e+308,17,1.79769e+308,16,15,14,13,12,11,10,9,10,9,8,9,1.79769e+308,11,1.79769e+308,1.79769e+308,14,15,16,18,17,1.79769e+308,13,12,1.79769e+308,10,9,8,1.79769e+308,8,7,8,9,10,11,12,13,14,15,17,16,15,1.79769e+308,11,10,9,8,7,6,1.79769e+308,6,7,1.79769e+308,11,12,13,1.79769e+308,15,1.79769e+308,16,1.79769e+308,14,13,12,1.79769e+308,8,7,6,5,4,5,6,7,1.79769e+308,13,14,15,16,17,15,14,1.79769e+308,12,11,10,9,1.79769e+308,5,4,3,1.79769e+308,1.79769e+308,1.79769e+308,1.79769e+308,12,13,1.79769e+308,15,16,1.79769e+308,13,12,11,10,11,1.79769e+308,5,4,3,2,1.79769e+308,10,9,10,11,12,13,14,15,13,1.79769e+308,11,10,9,10,1.79769e+308,4,3,2,1,1.79769e+308,9,8,9,10,11,12,13,14,12,11,10,1.79769e+308,8,1.79769e+308,4,3,2,1,0,1.79769e+308,1.79769e+308,7,8,9,10,11,12,13,11,10,9,8,7,6,5,4,3,2,1,1.79769e+308,1.79769e+308,6,1.79769e+308,8,9,10,11,12,12,11,10,9,8,7,6,5,1.79769e+308,3,2,3,4,5,6,7,8,9,10,11,13,1.79769e+308,1.79769e+308,10,9,8,7,6,5,4,3,4,5,1.79769e+308,7,8,9,10,11,12,14,13,12,11,10,9,8,7,1.79769e+308,5,4,5,6,1.79769e+308,8,9,10,11,12,13,1.79769e+308,14,1.79769e+308,12,11,10,9,8,7,6,5,6,7,8,9,10,1.79769e+308,1.79769e+308,1.79769e+308,14,1.79769e+308,1.79769e+308,14,13,12,11,10,9,8,7,6,7,8,9,10,11,12,13,14,15,
375
33,32,31,1.79769e+308,1.79769e+308,1.79769e+308,27,26,1.79769e+308,24,23,1.79769e+308,1.79769e+308,1.79769e+308,1.79769e+308,20,21,1.79769e+308,23,22,1.79769e+308,31,30,29,28,1.79769e+308,26,25,24,23,22,21,1.79769e+308,1.79769e+308,18,19,20,1.79769e+308,1.79769e+308,21,31,30,29,28,27,26,25,1.79769e+308,1.79769e+308,22,21,20,19,18,17,1.79769e+308,19,18,19,20,1.79769e+308,1.79769e+308,28,27,26,25,24,23,22,1.79769e+308,20,19,18,17,16,17,18,17,18,19,29,28,27,26,25,24,23,22,21,1.79769e+308,19,20,1.79769e+308,1.79769e+308,15,16,1.79769e+308,16,17,1.79769e+308,30,1.79769e+308,26,25,24,23,22,21,20,19,18,1.79769e+308,1.79769e+308,15,14,15,16,15,1.79769e+308,17,1.79769e+308,26,25,24,23,22,21,20,19,18,17,16,15,1.79769e+308,13,1.79769e+308,1.79769e+308,14,15,16,26,25,1.79769e+308,23,22,1.79769e+308,20,19,18,1.79769e+308,16,15,14,13,12,11,12,13,14,15,25,24,23,1.79769e+308,21,20,19,18,17,16,1.79769e+308,16,15,1.79769e+308,11,10,11,1.79769e+308,13,1.79769e+308,24,1.79769e+308,22,21,20,1.79769e+308,18,17,16,15,14,15,16,17,1.79769e+308,9,10,11,12,13,23,22,1.79769e+308,20,19,20,19,1.79769e+308,15,14,13,1.79769e+308,1.79769e+308,1.79769e+308,1.79769e+308,8,9,1.79769e+308,11,12,1.79769e+308,21,20,19,18,19,1.79769e+308,15,14,13,12,1.79769e+308,10,9,8,7,8,9,10,11,21,1.79769e+308,19,18,17,18,1.79769e+308,14,13,12,11,1.79769e+308,9,8,7,6,7,8,9,10,20,19,18,1.79769e+308,16,1.79769e+308,14,13,12,11,10,1.79769e+308,1.79769e+308,7,6,5,6,7,8,9,19,18,17,16,15,14,13,12,11,10,9,1.79769e+308,1.79769e+308,6,1.79769e+308,4,5,6,7,8,18,17,16,15,14,13,12,11,1.79769e+308,9,8,7,6,5,4,3,4,5,6,7,17,1.79769e+308,1.79769e+308,14,13,12,11,10,9,8,7,6,5,1.79769e+308,3,2,3,4,5,6,16,15,14,13,12,11,10,9,1.79769e+308,7,6,5,4,1.79769e+308,2,1,2,3,4,5,1.79769e+308,16,1.79769e+308,12,11,10,9,8,7,6,5,4,3,2,1,0,1.79769e+308,1.79769e+308,1.79769e+308,6,1.79769e+308,1.79769e+308,14,13,12,11,10,9,8,7,6,5,4,3,2,1,2,3,4,5,
72
17,16,15,1.79769e+308,1.79769e+308,1.79769e+308,9,8,1.79769e+308,6,5,1.79769e+308,1.79769e+308,1.79769e+308,1.79769e+308,6,7,1.79769e+308,11,10,1.79769e+308,15,14,13,12,1.79769e+308,8,7,6,5,4,3,1.79769e+308,1.79769e+308,4,5,6,1.79769e+308,1.79769e+308,9,15,14,13,12,11,10,9,1.79769e+308,1.79769e+308,4,3,2,1,2,3,1.79769e+308,5,6,7,8,1.79769e+308,1.79769e+308,14,13,12,11,10,9,8,1.79769e+308,2,1,0,1,2,3,4,5,6,7,15,14,13,12,11,10,9,8,7,1.79769e+308,3,2,1.79769e+308,1.79769e+308,3,4,1.79769e+308,6,7,1.79769e+308,16,1.79769e+308,12,11,10,9,8,7,6,5,4,1.79769e+308,1.79769e+308,5,4,5,6,7,1.79769e+308,11,1.79769e+308,14,13,12,11,10,9,8,7,6,5,6,7,1.79769e+308,5,1.79769e+308,1.79769e+308,8,9,10,16,15,1.79769e+308,13,12,1.79769e+308,10,9,8,1.79769e+308,6,7,8,7,6,7,8,9,10,11,17,16,17,1.79769e+308,13,12,11,10,9,10,1.79769e+308,8,9,1.79769e+308,7,8,9,1.79769e+308,11,1.79769e+308,18,1.79769e+308,16,15,14,1.79769e+308,12,11,10,11,10,9,10,11,1.79769e+308,9,10,11,12,13,19,20,1.79769e+308,16,15,14,13,1.79769e+308,11,12,11,1.79769e+308,1.79769e+308,1.79769e+308,1.79769e+308,10,11,1.79769e+308,13,14,1.79769e+308,19,18,17,16,15,1.79769e+308,13,12,13,12,1.79769e+308,14,13,12,11,12,13,14,15,23,1.79769e+308,19,18,17,16,1.79769e+308,14,13,14,13,1.79769e+308,15,14,13,12,13,14,15,16,22,21,20,1.79769e+308,18,1.79769e+308,16,15,14,15,14,1.79769e+308,1.79769e+308,15,14,13,14,15,16,17,23,22,21,20,19,18,17,16,15,16,15,1.79769e+308,1.79769e+308,16,1.79769e+308,14,15,16,17,18,24,23,22,21,20,19,18,17,1.79769e+308,17,16,17,18,17,16,15,16,17,18,19,25,1.79769e+308,1.79769e+308,22,21,20,19,18,19,18,17,18,19,1.79769e+308,17,16,17,18,19,20,26,25,24,23,22,21,20,19,1.79769e+308,19,18,19,20,1.79769e+308,18,17,18,19,20,21,1.79769e+308,26,1.79769e+308,24,23,22,21,20,21,20,19,20,21,20,19,18,1.79769e+308,1.79769e+308,1.79769e+308,22,1.79769e+308,1.79769e+308,26,25,24,23,22,21,22,21,20,21,22,21,20,19,20,21,22,23,
303
20,19,18,1.79769e+308,1.79769e+308,1.79769e+308,18,19,1.79769e+308,21,22,1.79769e+308,1.79769e+308,1.79769e+308,1.79769e+308,27,28,1.79769e+308,32,31,1.79769e+308,18,17,16,15,1.79769e+308,17,18,19,20,21,22,1.79769e+308,1.79769e+308,25,26,27,1.79769e+308,1.79769e+308,30,18,17,16,15,14,15,16,1.79769e+308,1.79769e+308,21,20,21,22,23,24,1.79769e+308,26,27,28,29,1.79769e+308,1.79769e+308,15,14,13,14,15,16,17,1.79769e+308,19,20,21,22,23,24,25,26,27,28,16,15,14,13,12,13,14,15,16,1.79769e+308,18,19,1.79769e+308,1.79769e+308,22,23,1.79769e+308,25,26,1.79769e+308,17,1.79769e+308,13,12,11,12,13,14,15,16,17,1.79769e+308,1.79769e+308,22,21,22,23,24,1.79769e+308,26,1.79769e+308,13,12,11,10,11,12,13,14,15,16,17,18,1.79769e+308,20,1.79769e+308,1.79769e+308,23,24,25,11,12,1.79769e+308,10,9,1.79769e+308,11,12,13,1.79769e+308,17,16,17,18,19,20,21,22,23,24,10,11,10,1.79769e+308,8,9,10,11,12,13,1.79769e+308,15,16,1.79769e+308,20,21,22,1.79769e+308,24,1.79769e+308,9,1.79769e+308,9,8,7,1.79769e+308,9,10,11,12,13,14,15,16,1.79769e+308,20,21,22,23,24,8,7,1.79769e+308,7,6,7,8,1.79769e+308,10,11,12,1.79769e+308,1.79769e+308,1.79769e+308,1.79769e+308,19,20,1.79769e+308,22,23,1.79769e+308,6,5,6,5,6,1.79769e+308,8,9,10,11,1.79769e+308,17,16,17,18,19,20,21,22,6,1.79769e+308,4,5,4,5,1.79769e+308,7,8,9,10,1.79769e+308,16,15,16,17,18,19,20,21,5,4,3,1.79769e+308,3,1.79769e+308,5,6,7,8,9,1.79769e+308,1.79769e+308,14,15,16,17,18,19,20,4,3,2,1,2,3,4,5,6,7,8,1.79769e+308,1.79769e+308,13,1.79769e+308,15,16,17,18,19,3,2,1,0,1,2,3,4,1.79769e+308,8,9,10,11,12,13,14,15,16,17,18,4,1.79769e+308,1.79769e+308,1,2,3,4,5,6,7,8,9,10,1.79769e+308,14,15,16,17,18,19,5,4,3,2,3,4,5,6,1.79769e+308,8,9,10,11,1.79769e+308,15,16,17,18,19,20,1.79769e+308,5,1.79769e+308,3,4,5,6,7,8,9,10,11,12,13,14,15,1.79769e+308,1.79769e+308,1.79769e+308,21,1.79769e+308,1.79769e+308,5,4,5,6,7,8,9,10,11,12,13,14,15,16,17,18,19,20,
230
21,20,19,1.79769e+308,1.79769e+308,1.79769e+308,15,16,1.79769e+308,14,13,1.79769e+308,1.79769e+308,1.79769e+308,1.79769e+308,16,17,1.79769e+308,21,20,1.79769e+308,19,18,17,16,1.79769e+308,14,15,14,13,12,13,1.79769e+308,1.79769e+308,14,15,16,1.79769e+308,1.79769e+308,19,19,18,17,16,15,14,13,1.79769e+308,1.79769e+308,12,11,12,13,14,13,1.79769e+308,15,16,17,18,1.79769e+308,1.79769e+308,16,15,14,13,12,11,10,1.79769e+308,10,11,12,13,12,13,14,15,16,17,17,16,15,14,13,12,11,10,9,1.79769e+308,9,10,1.79769e+308,1.79769e+308,11,12,1.79769e+308,14,15,1.79769e+308,18,1.79769e+308,14,13,12,11,10,9,8,9,8,1.79769e+308,1.79769e+308,11,10,11,12,13,1.79769e+308,15,1.79769e+308,14,13,12,11,10,9,8,7,8,7,6,7,1.79769e+308,9,1.79769e+308,1.79769e+308,12,13,14,16,15,1.79769e+308,11,10,1.79769e+308,8,7,6,1.79769e+308,6,5,6,7,8,9,10,11,12,13,15,14,13,1.79769e+308,9,8,7,6,5,4,1.79769e+308,4,5,1.79769e+308,9,10,11,1.79769e+308,13,1.79769e+308,16,1.79769e+308,12,11,10,1.79769e+308,6,5,4,3,2,3,4,5,1.79769e+308,11,12,13,14,15,15,14,1.79769e+308,10,9,8,7,1.79769e+308,3,2,1,1.79769e+308,1.79769e+308,1.79769e+308,1.79769e+308,12,13,1.79769e+308,15,16,1.79769e+308,13,12,11,10,9,1.79769e+308,3,2,1,0,1.79769e+308,12,11,12,13,14,15,16,17,15,1.79769e+308,13,12,11,10,1.79769e+308,4,3,2,1,1.79769e+308,11,10,11,12,13,14,15,16,14,13,12,1.79769e+308,10,1.79769e+308,6,5,4,3,2,1.79769e+308,1.79769e+308,9,10,11,12,13,14,15,13,12,11,10,9,8,7,6,5,4,3,1.79769e+308,1.79769e+308,8,1.79769e+308,10,11,12,13,14,14,13,12,11,10,9,8,7,1.79769e+308,5,4,5,6,7,8,9,10,11,12,13,15,1.79769e+308,1.79769e+308,12,11,10,9,8,7,6,5,6,7,1.79769e+308,9,10,11,12,13,14,16,15,14,13,12,11,10,9,1.79769e+308,7,6,7,8,1.79769e+308,10,11,12,13,14,15,1.79769e+308,16,1.79769e+308,14,13,12,11,10,9,8,7,8,9,10,11,12,1.79769e+308,1.79769e+308,1.79769e+308,16,1.79769e+308,1.79769e+308,16,15,14,13,12,11,10,9,8,9,10,11,12,13,14,15,16,17,
276
29,28,27,1.79769e+308,1.79769e+308,1.79769e+308,23,22,1.79769e+308,20,19,1.79769e+308,1.79769e+308,1.79769e+308,1.79769e+308,16,15,1.79769e+308,17,16,1.79769e+308,27,26,25,24,1.79769e+308,22,21,20,19,18,17,1.79769e+308,1.79769e+308,14,15,14,1.79769e+308,1.79769e+308,15,27,26,25,24,23,22,21,1.79769e+308,1.79769e+308,18,17,16,15,14,13,1.79769e+308,13,12,13,14,1.79769e+308,1.79769e+308,24,23,22,21,20,19,18,1.79769e+308,16,15,14,13,12,13,12,11,12,13,25,24,23,22,21,20,19,18,17,1.79769e+308,15,16,1.79769e+308,1.79769e+308,11,12,1.79769e+308,10,11,1.79769e+308,26,1.79769e+308,22,21,20,19,18,17,16,15,14,1.79769e+308,1.79769e+308,11,10,11,10,9,1.79769e+308,11,1.79769e+308,22,21,20,19,18,17,16,15,14,13,12,11,1.79769e+308,9,1.79769e+308,1.79769e+308,8,9,10,24,23,1.79769e+308,21,20,1.79769e+308,18,17,16,1.79769e+308,12,11,10,9,8,7,6,7,8,9,25,24,23,1.79769e+308,21,20,19,18,17,16,1.79769e+308,12,11,1.79769e+308,7,6,5,1.79769e+308,7,1.79769e+308,24,1.79769e+308,22,21,20,1.79769e+308,18,17,16,15,14,13,12,13,1.79769e+308,5,4,5,6,7,23,22,1.79769e+308,20,19,20,19,1.79769e+308,15,14,13,1.79769e+308,1.79769e+308,1.79769e+308,1.79769e+308,4,3,1.79769e+308,5,6,1.79769e+308,21,20,19,18,19,1.79769e+308,15,14,13,12,1.79769e+308,6,5,4,3,2,3,4,5,21,1.79769e+308,19,18,17,18,1.79769e+308,14,13,12,11,1.79769e+308,5,4,3,2,1,2,3,4,20,19,18,1.79769e+308,16,1.79769e+308,14,13,12,11,10,1.79769e+308,1.79769e+308,3,2,1,0,1,2,3,19,18,17,16,15,14,13,12,11,10,9,1.79769e+308,1.79769e+308,4,1.79769e+308,2,1,2,3,4,20,19,18,17,16,15,14,13,1.79769e+308,9,8,7,6,5,4,3,2,3,4,5,21,1.79769e+308,1.79769e+308,16,15,14,13,12,11,10,9,8,7,1.79769e+308,5,4,3,4,5,6,20,19,18,17,16,15,14,13,1.79769e+308,11,10,9,8,1.79769e+308,6,5,4,5,6,7,1.79769e+308,20,1.79769e+308,18,17,16,15,14,13,12,11,10,9,8,7,6,1.79769e+308,1.79769e+308,1.79769e+308,8,1.79769e+308,1.79769e+308,20,19,18,17,16,15,14,13,12,11,10,9,8,7,8,9,10,9,
397
36,35,34,1.79769e+308,1.79769e+308,1.79769e+308,30,29,1.79769e+308,27,26,1.79769e+308,1.79769e+308,1.79769e+308,1.79769e+308,23,24,1.79769e+308,26,25,1.79769e+308,34,33,32,31,1.79769e+308,29,28,27,26,25,24,1.79769e+308,1.79769e+308,21,22,23,1.79769e+308,1.79769e+308,24,34,33,32,31,30,29,28,1.79769e+308,1.79769e+308,25,24,23,22,21,20,1.79769e+308,22,21,22,23,1.79769e+308,1.79769e+308,31,30,29,28,27,26,25,1.79769e+308,23,22,21,20,19,20,21,20,21,22,32,31,30,29,28,27,26,25,24,1.79769e+308,22,23,1.79769e+308,1.79769e+308,18,19,1.79769e+308,19,20,1.79769e+308,33,1.79769e+308,29,28,27,26,25,24,23,22,21,1.79769e+308,1.79769e+308,18,17,18,19,18,1.79769e+308,18,1.79769e+308,29,28,27,26,25,24,23,22,21,20,19,18,1.79769e+308,16,1.79769e+308,1.79769e+308,17,16,17,29,28,1.79769e+308,26,25,1.79769e+308,23,22,21,1.79769e+308,19,18,17,16,15,14,15,16,15,16,28,27,26,1.79769e+308,24,23,22,21,20,19,1.79769e+308,19,18,1.79769e+308,14,13,14,1.79769e+308,14,1.79769e+308,27,1.79769e+308,25,24,23,1.79769e+308,21,20,19,18,17,18,19,20,1.79769e+308,12,13,14,13,12,26,25,1.79769e+308,23,22,23,22,1.79769e+308,18,17,16,1.79769e+308,1.79769e+308,1.79769e+308,1.79769e+308,11,12,1.79769e+308,12,11,1.79769e+308,24,23,22,21,22,1.79769e+308,18,17,16,15,1.79769e+308,13,12,11,10,11,12,11,10,24,1.79769e+308,22,21,20,21,1.79769e+308,17,16,15,14,1.79769e+308,12,11,10,9,10,11,10,9,23,22,21,1.79769e+308,19,1.79769e+308,17,16,15,14,13,1.79769e+308,1.79769e+308,10,9,8,9,10,9,8,22,21,20,19,18,17,16,15,14,13,12,1.79769e+308,1.79769e+308,9,1.79769e+308,7,8,9,8,7,21,20,19,18,17,16,15,14,1.79769e+308,12,11,10,9,8,7,6,7,8,7,6,20,1.79769e+308,1.79769e+308,17,16,15,14,13,12,11,10,9,8,1.79769e+308,6,5,6,7,6,5,19,18,17,16,15,14,13,12,1.79769e+308,10,9,8,7,1.79769e+308,5,4,5,6,5,4,1.79769e+308,19,1.79769e+308,15,14,13,12,11,10,9,8,7,6,5,4,3,1.79769e+308,1.79769e+308,1.79769e+308,3,1.79769e+308,1.79769e+308,15,14,13,12,11,10,9,8,7,6,5,4,3,2,1,0,1,2,
393
32,31,30,1.79769e+308,1.79769e+308,1.79769e+308,26,27,1.79769e+308,25,24,1.79769e+308,1.79769e+308,1.79769e+308,1.79769e+308,23,24,1.79769e+308,26,25,1.79769e+308,30,29,28,27,1.79769e+308,25,26,25,24,23,24,1.79769e+308,1.79769e+308,21,22,23,1.79769e+308,1.79769e+308,24,30,29,28,27,26,25,24,1.79769e+308,1.79769e+308,23,22,23,22,21,20,1.79769e+308,22,21,22,23,1.79769e+308,1.79769e+308,27,26,25,24,23,22,21,1.79769e+308,21,22,21,20,19,20,21,20,21,22,28,27,26,25,24,23,22,21,20,1.79769e+308,20,21,1.79769e+308,1.79769e+308,18,19,1.79769e+308,19,20,1.79769e+308,29,1.79769e+308,25,24,23,22,21,20,19,20,19,1.79769e+308,1.79769e+308,18,17,18,19,18,1.79769e+308,20,1.79769e+308,25,24,23,22,21,20,19,18,19,18,17,18,1.79769e+308,16,1.79769e+308,1.79769e+308,17,18,19,25,24,1.79769e+308,22,21,1.79769e+308,19,18,17,1.79769e+308,17,16,17,16,15,14,15,16,17,18,24,23,22,1.79769e+308,20,19,18,17,16,15,1.79769e+308,15,16,1.79769e+308,14,13,14,1.79769e+308,16,1.79769e+308,23,1.79769e+308,21,20,19,1.79769e+308,17,16,15,14,13,14,15,16,1.79769e+308,12,13,14,15,16,22,21,1.79769e+308,19,18,19,18,1.79769e+308,14,13,12,1.79769e+308,1.79769e+308,1.79769e+308,1.79769e+308,11,12,1.79769e+308,14,15,1.79769e+308,20,19,18,17,18,1.79769e+308,14,13,12,11,1.79769e+308,11,10,11,10,11,12,13,14,20,1.79769e+308,18,17,16,17,1.79769e+308,13,12,11,10,1.79769e+308,10,9,10,9,10,11,12,13,19,18,17,1.79769e+308,15,1.79769e+308,13,12,11,10,9,1.79769e+308,1.79769e+308,8,9,8,9,10,11,12,18,17,16,15,14,13,12,11,10,9,8,1.79769e+308,1.79769e+308,7,1.79769e+308,7,8,9,10,11,17,16,15,14,13,12,11,10,1.79769e+308,8,7,6,5,6,5,6,7,8,9,10,16,1.79769e+308,1.79769e+308,13,12,11,10,9,8,7,6,5,4,1.79769e+308,4,5,6,7,8,9,15,14,13,12,11,10,9,8,1.79769e+308,6,5,4,3,1.79769e+308,3,4,5,6,7,8,1.79769e+308,15,1.79769e+308,11,10,9,8,7,6,5,4,3,2,1,2,3,1.79769e+308,1.79769e+308,1.79769e+308,7,1.79769e+308,1.79769e+308,11,10,9,8,7,6,5,4,3,2,1,0,1,2,3,4,5,6,
392
31,30,29,1.79769e+308,1.79769e+308,1.79769e+308,25,26,1.79769e+308,24,23,1.79769e+308,1.79769e+308,1.79769e+308,1.79769e+308,24,25,1.79769e+308,27,26,1.79769e+308,29,28,27,26,1.79769e+308,24,25,24,23,22,23,1.79769e+308,1.79769e+308,22,23,24,1.79769e+308,1.79769e+308,25,29,28,27,26,25,24,23,1.79769e+308,1.79769e+308,22,21,22,23,22,21,1.79769e+308,23,22,23,24,1.79769e+308,1.79769e+308,26,25,24,23,22,21,20,1.79769e+308,20,21,22,21,20,21,22,21,22,23,27,26,25,24,23,22,21,20,19,1.79769e+308,19,20,1.79769e+308,1.79769e+308,19,20,1.79769e+308,20,21,1.79769e+308,28,1.79769e+308,24,23,22,21,20,19,18,19,18,1.79769e+308,1.79769e+308,19,18,19,20,19,1.79769e+308,21,1.79769e+308,24,23,22,21,20,19,18,17,18,17,16,17,1.79769e+308,17,1.79769e+308,1.79769e+308,18,19,20,24,23,1.79769e+308,21,20,1.79769e+308,18,17,16,1.79769e+308,16,15,16,17,16,15,16,17,18,19,23,22,21,1.79769e+308,19,18,17,16,15,14,1.79769e+308,14,15,1.79769e+308,15,14,15,1.79769e+308,17,1.79769e+308,22,1.79769e+308,20,19,18,1.79769e+308,16,15,14,13,12,13,14,15,1.79769e+308,13,14,15,16,17,21,20,1.79769e+308,18,17,18,17,1.79769e+308,13,12,11,1.79769e+308,1.79769e+308,1.79769e+308,1.79769e+308,12,13,1.79769e+308,15,16,1.79769e+308,19,18,17,16,17,1.79769e+308,13,12,11,10,1.79769e+308,10,9,10,11,12,13,14,15,19,1.79769e+308,17,16,15,16,1.79769e+308,12,11,10,9,1.79769e+308,9,8,9,10,11,12,13,14,18,17,16,1.79769e+308,14,1.79769e+308,12,11,10,9,8,1.79769e+308,1.79769e+308,7,8,9,10,11,12,13,17,16,15,14,13,12,11,10,9,8,7,1.79769e+308,1.79769e+308,6,1.79769e+308,8,9,10,11,12,16,15,14,13,12,11,10,9,1.79769e+308,7,6,5,4,5,6,7,8,9,10,11,15,1.79769e+308,1.79769e+308,12,11,10,9,8,7,6,5,4,3,1.79769e+308,5,6,7,8,9,10,14,13,12,11,10,9,8,7,1.79769e+308,5,4,3,2,1.79769e+308,4,5,6,7,8,9,1.79769e+308,14,1.79769e+308,10,9,8,7,6,5,4,3,2,1,2,3,4,1.79769e+308,1.79769e+308,1.79769e+308,8,1.79769e+308,1.79769e+308,10,9,8,7,6,5,4,3,2,1,0,1,2,3,4,5,6,7,
387
26,25,24,1.79769e+308,1.79769e+308,1.79769e+308,22,23,1.79769e+308,23,22,1.79769e+308,1.79769e+308,1.79769e+308,1.79769e+308,27,28,1.79769e+308,32,31,1.79769e+308,24,23,22,21,1.79769e+308,21,22,23,22,21,22,1.79769e+308,1.79769e+308,25,26,27,1.79769e+308,1.79769e+308,30,24,23,22,21,20,21,20,1.79769e+308,1.79769e+308,21,20,21,22,23,24,1.79769e+308,26,27,28,29,1.79769e+308,1.79769e+308,21,20,19,20,19,18,17,1.79769e+308,19,20,21,22,23,24,25,26,27,28,22,21,20,19,18,19,18,17,16,1.79769e+308,18,19,1.79769e+308,1.79769e+308,22,23,1.79769e+308,25,26,1.79769e+308,23,1.79769e+308,19,18,17,18,17,16,15,16,17,1.79769e+308,1.79769e+308,22,21,22,23,24,1.79769e+308,26,1.79769e+308,19,18,17,16,17,16,15,14,15,16,17,18,1.79769e+308,20,1.79769e+308,1.79769e+308,23,24,25,19,18,1.79769e+308,16,15,1.79769e+308,15,14,13,1.79769e+308,17,16,17,18,19,20,21,22,23,24,18,17,16,1.79769e+308,14,15,14,13,12,13,1.79769e+308,15,16,1.79769e+308,20,19,20,1.79769e+308,22,1.79769e+308,17,1.79769e+308,15,14,13,1.79769e+308,13,12,11,12,13,14,15,16,1.79769e+308,18,19,20,21,22,16,15,1.79769e+308,13,12,13,14,1.79769e+308,10,11,12,1.79769e+308,1.79769e+308,1.79769e+308,1.79769e+308,17,18,1.79769e+308,20,21,1.79769e+308,14,13,12,11,12,1.79769e+308,8,9,10,11,1.79769e+308,15,14,15,16,17,18,19,20,14,1.79769e+308,12,11,10,11,1.79769e+308,7,8,9,10,1.79769e+308,14,13,14,15,16,17,18,19,13,12,11,1.79769e+308,9,1.79769e+308,7,6,7,8,9,1.79769e+308,1.79769e+308,12,13,14,15,16,17,18,12,11,10,9,8,7,6,5,6,7,8,1.79769e+308,1.79769e+308,11,1.79769e+308,13,14,15,16,17,11,10,9,8,7,6,5,4,1.79769e+308,6,7,8,9,10,11,12,13,14,15,16,10,1.79769e+308,1.79769e+308,7,6,5,4,3,4,5,6,7,8,1.79769e+308,10,11,12,13,14,15,9,8,7,6,5,4,3,2,1.79769e+308,4,5,6,7,1.79769e+308,9,10,11,12,13,14,1.79769e+308,9,1.79769e+308,5,4,3,2,1,2,3,4,5,6,7,8,9,1.79769e+308,1.79769e+308,1.79769e+308,13,1.79769e+308,1.79769e+308,5,4,3,2,1,0,1,2,3,4,5,6,7,8,9,10,11,12,
386
25,24,23,1.79769e+308,1.79769e+308,1.79769e+308,23,24,1.79769e+308,24,23,1.79769e+308,1.79769e+308,1.79769e+308,1.79769e+308,28,29,1.79769e+308,33,32,1.79769e+308,23,22,21,20,1.79769e+308,22,23,24,23,22,23,1.79769e+308,1.79769e+308,26,27,28,1.79769e+308,1.79769e+308,31,23,22,21,20,19,20,21,1.79769e+308,1.79769e+308,22,21,22,23,24,25,1.79769e+308,27,28,29,30,1.79769e+308,1.79769e+308,20,19,18,19,20,19,18,1.79769e+308,20,21,22,23,24,25,26,27,28,29,21,20,19,18,17,18,19,18,17,1.79769e+308,19,20,1.79769e+308,1.79769e+308,23,24,1.79769e+308,26,27,1.79769e+308,22,1.79769e+308,18,17,16,17,18,17,16,17,18,1.79769e+308,1.79769e+308,23,22,23,24,25,1.79769e+308,27,1.79769e+308,18,17,16,15,16,17,16,15,16,17,18,19,1.79769e+308,21,1.79769e+308,1.79769e+308,24,25,26,18,17,1.79769e+308,15,14,1.79769e+308,16,15,14,1.79769e+308,18,17,18,19,20,21,22,23,24,25,17,16,15,1.79769e+308,13,14,15,14,13,14,1.79769e+308,16,17,1.79769e+308,21,20,21,1.79769e+308,23,1.79769e+308,16,1.79769e+308,14,13,12,1.79769e+308,14,13,12,13,14,15,16,17,1.79769e+308,19,20,21,22,23,15,14,1.79769e+308,12,11,12,13,1.79769e+308,11,12,13,1.79769e+308,1.79769e+308,1.79769e+308,1.79769e+308,18,19,1.79769e+308,21,22,1.79769e+308,13,12,11,10,11,1.79769e+308,9,10,11,12,1.79769e+308,16,15,16,17,18,19,20,21,13,1.79769e+308,11,10,9,10,1.79769e+308,8,9,10,11,1.79769e+308,15,14,15,16,17,18,19,20,12,11,10,1.79769e+308,8,1.79769e+308,6,7,8,9,10,1.79769e+308,1.79769e+308,13,14,15,16,17,18,19,11,10,9,8,7,6,5,6,7,8,9,1.79769e+308,1.79769e+308,12,1.79769e+308,14,15,16,17,18,10,9,8,7,6,5,4,5,1.79769e+308,7,8,9,10,11,12,13,14,15,16,17,9,1.79769e+308,1.79769e+308,6,5,4,3,4,5,6,7,8,9,1.79769e+308,11,12,13,14,15,16,8,7,6,5,4,3,2,3,1.79769e+308,5,6,7,8,1.79769e+308,10,11,12,13,14,15,1.79769e+308,8,1.79769e+308,4,3,2,1,2,3,4,5,6,7,8,9,10,1.79769e+308,1.79769e+308,1.79769e+308,14,1.79769e+308,1.79769e+308,4,3,2,1,0,1,2,3,4,5,6,7,8,9,10,11,12,13,
385
24,23,22,1.79769e+308,1.79769e+308,1.79769e+308,22,23,1.79769e+308,25,24,1.79769e+308,1.79769e+308,1.79769e+308,1.79769e+308,29,30,1.79769e+308,34,33,1.79769e+308,22,21,20,19,1.79769e+308,21,22,23,24,23,24,1.79769e+308,1.79769e+308,27,28,29,1.79769e+308,1.79769e+308,32,22,21,20,19,18,19,20,1.79769e+308,1.79769e+308,23,22,23,24,25,26,1.79769e+308,28,29,30,31,1.79769e+308,1.79769e+308,19,18,17,18,19,20,19,1.79769e+308,21,22,23,24,25,26,27,28,29,30,20,19,18,17,16,17,18,19,18,1.79769e+308,20,21,1.79769e+308,1.79769e+308,24,25,1.79769e+308,27,28,1.79769e+308,21,1.79769e+308,17,16,15,16,17,18,17,18,19,1.79769e+308,1.79769e+308,24,23,24,25,26,1.79769e+308,28,1.79769e+308,17,16,15,14,15,16,17,16,17,18,19,20,1.79769e+308,22,1.79769e+308,1.79769e+308,25,26,27,17,16,1.79769e+308,14,13,1.79769e+308,15,16,15,1.79769e+308,19,18,19,20,21,22,23,24,25,26,16,15,14,1.79769e+308,12,13,14,15,14,15,1.79769e+308,17,18,1.79769e+308,22,21,22,1.79769e+308,24,1.79769e+308,15,1.79769e+308,13,12,11,1.79769e+308,13,14,13,14,15,16,17,18,1.79769e+308,20,21,22,23,24,14,13,1.79769e+308,11,10,11,12,1.79769e+308,12,13,14,1.79769e+308,1.79769e+308,1.79769e+308,1.79769e+308,19,20,1.79769e+308,22,23,1.79769e+308,12,11,10,9,10,1.79769e+308,10,11,12,13,1.79769e+308,17,16,17,18,19,20,21,22,12,1.79769e+308,10,9,8,9,1.79769e+308,9,10,11,12,1.79769e+308,16,15,16,17,18,19,20,21,11,10,9,1.79769e+308,7,1.79769e+308,7,8,9,10,11,1.79769e+308,1.79769e+308,14,15,16,17,18,19,20,10,9,8,7,6,5,6,7,8,9,10,1.79769e+308,1.79769e+308,13,1.79769e+308,15,16,17,18,19,9,8,7,6,5,4,5,6,1.79769e+308,8,9,10,11,12,13,14,15,16,17,18,8,1.79769e+308,1.79769e+308,5,4,3,4,5,6,7,8,9,10,1.79769e+308,12,13,14,15,16,17,7,6,5,4,3,2,3,4,1.79769e+308,6,7,8,9,1.79769e+308,11,12,13,14,15,16,1.79769e+308,7,1.79769e+308,3,2,1,2,3,4,5,6,7,8,9,10,11,1.79769e+308,1.79769e+308,1.79769e+308,15,1.79769e+308,1.79769e+308,3,2,1,0,1,2,3,4,5,6,7,8,9,10,11,12,13,14,
384
23,22,21,1.79769e+308,1.79769e+308,1.79769e+308,21,22,1.79769e+308,24,25,1.79769e+308,1.79769e+308,1.79769e+308,1.79769e+308,30,31,1.79769e+308,35,34,1.79769e+308,21,20,19,18,1.79769e+308,20,21,22,23,24,25,1.79769e+308,1.79769e+308,28,29,30,1.79769e+308,1.79769e+308,33,21,20,19,18,17,18,19,1.79769e+308,1.79769e+308,24,23,24,25,26,27,1.79769e+308,29,30,31,32,1.79769e+308,1.79769e+308,18,17,16,17,18,19,20,1.79769e+308,22,23,24,25,26,27,28,29,30,31,19,18,17,16,15,16,17,18,19,1.79769e+308,21,22,1.79769e+308,1.79769e+308,25,26,1.79769e+308,28,29,1.79769e+308,20,1.79769e+308,16,15,14,15,16,17,18,19,20,1.79769e+308,1.79769e+308,25,24,25,26,27,1.79769e+308,29,1.79769e+308,16,15,14,13,14,15,16,17,18,19,20,21,1.79769e+308,23,1.79769e+308,1.79769e+308,26,27,28,16,15,1.79769e+308,13,12,1.79769e+308,14,15,16,1.79769e+308,20,19,20,21,22,23,24,25,26,27,15,14,13,1.79769e+308,11,12,13,14,15,16,1.79769e+308,18,19,1.79769e+308,23,22,23,1.79769e+308,25,1.79769e+308,14,1.79769e+308,12,11,10,1.79769e+308,12,13,14,15,16,17,18,19,1.79769e+308,21,22,23,24,25,13,12,1.79769e+308,10,9,10,11,1.79769e+308,13,14,15,1.79769e+308,1.79769e+308,1.79769e+308,1.79769e+308,20,21,1.79769e+308,23,24,1.79769e+308,11,10,9,8,9,1.79769e+308,11,12,13,14,1.79769e+308,18,17,18,19,20,21,22,23,11,1.79769e+308,9,8,7,8,1.79769e+308,10,11,12,13,1.79769e+308,17,16,17,18,19,20,21,22,10,9,8,1.79769e+308,6,1.79769e+308,8,9,10,11,12,1.79769e+308,1.79769e+308,15,16,17,18,19,20,21,9,8,7,6,5,6,7,8,9,10,11,1.79769e+308,1.79769e+308,14,1.79769e+308,16,17,18,19,20,8,7,6,5,4,5,6,7,1.79769e+308,9,10,11,12,13,14,15,16,17,18,19,7,1.79769e+308,1.79769e+308,4,3,4,5,6,7,8,9,10,11,1.79769e+308,13,14,15,16,17,18,6,5,4,3,2,3,4,5,1.79769e+308,7,8,9,10,1.79769e+308,12,13,14,15,16,17,1.79769e+308,6,1.79769e+308,2,1,2,3,4,5,6,7,8,9,10,11,12,1.79769e+308,1.79769e+308,1.79769e+308,16,1.79769e+308,1.79769e+308,2,1,0,1,2,3,4,5,6,7,8,9,10,11,12,13,14,15,
383
24,23,22,1.79769e+308,1.79769e+308,1.79769e+308,22,23,1.79769e+308,25,26,1.79769e+308,1.79769e+308,1.79769e+308,1.79769e+308,31,32,1.79769e+308,36,35,1.79769e+308,22,21,20,19,1.79769e+308,21,22,23,24,25,26,1.79769e+308,1.79769e+308,29,30,31,1.79769e+308,1.79769e+308,34,22,21,20,19,18,19,20,1.79769e+308,1.79769e+308,25,24,25,26,27,28,1.79769e+308,30,31,32,33,1.79769e+308,1.79769e+308,19,18,17,18,19,20,21,1.79769e+308,23,24,25,26,27,28,29,30,31,32,20,19,18,17,16,17,18,19,20,1.79769e+308,22,23,1.79769e+308,1.79769e+308,26,27,1.79769e+308,29,30,1.79769e+308,21,1.79769e+308,17,16,15,16,17,18,19,20,21,1.79769e+308,1.79769e+308,26,25,26,27,28,1.79769e+308,30,1.79769e+308,17,16,15,14,15,16,17,18,19,20,21,22,1.79769e+308,24,1.79769e+308,1.79769e+308,27,28,29,15,16,1.79769e+308,14,13,1.79769e+308,15,16,17,1.79769e+308,21,20,21,22,23,24,25,26,27,28,14,15,14,1.79769e+308,12,13,14,15,16,17,1.79769e+308,19,20,1.79769e+308,24,23,24,1.79769e+308,26,1.79769e+308,13,1.79769e+308,13,12,11,1.79769e+308,13,14,15,16,17,18,19,20,1.79769e+308,22,23,24,25,26,12,11,1.79769e+308,11,10,11,12,1.79769e+308,14,15,16,1.79769e+308,1.79769e+308,1.79769e+308,1.79769e+308,21,22,1.79769e+308,24,25,1.79769e+308,10,9,10,9,10,1.79769e+308,12,13,14,15,1.79769e+308,19,18,19,20,21,22,23,24,10,1.79769e+308,8,9,8,9,1.79769e+308,11,12,13,14,1.79769e+308,18,17,18,19,20,21,22,23,9,8,7,1.79769e+308,7,1.79769e+308,9,10,11,12,13,1.79769e+308,1.79769e+308,16,17,18,19,20,21,22,8,7,6,5,6,7,8,9,10,11,12,1.79769e+308,1.79769e+308,15,1.79769e+308,17,18,19,20,21,7,6,5,4,5,6,7,8,1.79769e+308,10,11,12,13,14,15,16,17,18,19,20,6,1.79769e+308,1.79769e+308,3,4,5,6,7,8,9,10,11,12,1.79769e+308,14,15,16,17,18,19,5,4,3,2,3,4,5,6,1.79769e+308,8,9,10,11,1.79769e+308,13,14,15,16,17,18,1.79769e+308,5,1.79769e+308,1,2,3,4,5,6,7,8,9,10,11,12,13,1.79769e+308,1.79769e+308,1.79769e+308,17,1.79769e+308,1.79769e+308,1,0,1,2,3,4,5,6,7,8,9,10,11,12,13,14,15,16,
382
25,24,23,1.79769e+308,1.79769e+308,1.79769e+308,23,24,1.79769e+308,26,27,1.79769e+308,1.79769e+308,1.79769e+308,1.79769e+308,32,33,1.79769e+308,37,36,1.79769e+308,23,22,21,20,1.79769e+308,22,23,24,25,26,27,1.79769e+308,1.79769e+308,30,31,32,1.79769e+308,1.79769e+308,35,23,22,21,20,19,20,21,1.79769e+308,1.79769e+308,26,25,26,27,28,29,1.79769e+308,31,32,33,34,1.79769e+308,1.79769e+308,20,19,18,19,20,21,22,1.79769e+308,24,25,26,27,28,29,30,31,32,33,21,20,19,18,17,18,19,20,21,1.79769e+308,23,24,1.79769e+308,1.79769e+308,27,28,1.79769e+308,30,31,1.79769e+308,22,1.79769e+308,18,17,16,17,18,19,20,21,22,1.79769e+308,1.79769e+308,27,26,27,28,29,1.79769e+308,31,1.79769e+308,18,17,16,15,16,17,18,19,20,21,22,23,1.79769e+308,25,1.79769e+308,1.79769e+308,28,29,30,16,17,1.79769e+308,15,14,1.79769e+308,16,17,18,1.79769e+308,22,21,22,23,24,25,26,27,28,29,15,16,15,1.79769e+308,13,14,15,16,17,18,1.79769e+308,20,21,1.79769e+308,25,24,25,1.79769e+308,27,1.79769e+308,14,1.79769e+308,14,13,12,1.79769e+308,14,15,16,17,18,19,20,21,1.79769e+308,23,24,25,26,27,13,12,1.79769e+308,12,11,12,13,1.79769e+308,15,16,17,1.79769e+308,1.79769e+308,1.79769e+308,1.79769e+308,22,23,1.79769e+308,25,26,1.79769e+308,11,10,11,10,11,1.79769e+308,13,14,15,16,1.79769e+308,20,19,20,21,22,23,24,25,11,1.79769e+308,9,10,9,10,1.79769e+308,12,13,14,15,1.79769e+308,19,18,19,20,21,22,23,24,10,9,8,1.79769e+308,8,1.79769e+308,10,11,12,13,14,1.79769e+308,1.79769e+308,17,18,19,20,21,22,23,9,8,7,6,7,8,9,10,11,12,13,1.79769e+308,1.79769e+308,16,1.79769e+308,18,19,20,21,22,8,7,6,5,6,7,8,9,1.79769e+308,11,12,13,14,15,16,17,18,19,20,21,7,1.79769e+308,1.79769e+308,4,5,6,7,8,9,10,11,12,13,1.79769e+308,15,16,17,18,19,20,6,5,4,3,4,5,6,7,1.79769e+308,9,10,11,12,1.79769e+308,14,15,16,17,18,19,1.79769e+308,6,1.79769e+308,2,3,4,5,6,7,8,9,10,11,12,13,14,1.79769e+308,1.79769e+308,1.79769e+308,18,1.79769e+308,1.79769e+308,0,1,2,3,4,5,6,7,8,9,10,11,12,13,14,15,16,17,
379
37,36,35,1.79769e+308,1.79769e+308,1.79769e+308,31,30,1.79769e+308,28,27,1.79769e+308,1.79769e+308,1.79769e+308,1.79769e+308,22,21,1.79769e+308,23,22,1.79769e+308,35,34,33,32,1.79769e+308,30,29,28,27,26,25,1.79769e+308,1.79769e+308,22,21,20,1.79769e+308,1.79769e+308,21,35,34,33,32,31,30,29,1.79769e+308,1.79769e+308,26,25,24,23,22,21,1.79769e+308,19,18,19,20,1.79769e+308,1.79769e+308,32,31,30,29,28,27,26,1.79769e+308,24,23,22,21,20,19,18,17,18,19,33,32,31,30,29,28,27,26,25,1.79769e+308,23,24,1.79769e+308,1.79769e+308,19,18,1.79769e+308,16,17,1.79769e+308,34,1.79769e+308,30,29,28,27,26,25,24,23,22,1.79769e+308,1.79769e+308,19,18,17,16,15,1.79769e+308,15,1.79769e+308,30,29,28,27,26,25,24,23,22,21,20,19,1.79769e+308,17,1.79769e+308,1.79769e+308,14,13,14,30,29,1.79769e+308,27,26,1.79769e+308,24,23,22,1.79769e+308,20,19,18,17,16,15,14,13,12,13,29,28,27,1.79769e+308,25,24,23,22,21,20,1.79769e+308,20,19,1.79769e+308,15,14,13,1.79769e+308,11,1.79769e+308,28,1.79769e+308,26,25,24,1.79769e+308,22,21,20,19,18,19,20,21,1.79769e+308,13,12,11,10,9,27,26,1.79769e+308,24,23,24,23,1.79769e+308,19,18,17,1.79769e+308,1.79769e+308,1.79769e+308,1.79769e+308,12,11,1.79769e+308,9,8,1.79769e+308,25,24,23,22,23,1.79769e+308,19,18,17,16,1.79769e+308,14,13,12,11,10,9,8,7,25,1.79769e+308,23,22,21,22,1.79769e+308,18,17,16,15,1.79769e+308,13,12,11,10,9,8,7,6,24,23,22,1.79769e+308,20,1.79769e+308,18,17,16,15,14,1.79769e+308,1.79769e+308,11,10,9,8,7,6,5,23,22,21,20,19,18,17,16,15,14,13,1.79769e+308,1.79769e+308,10,1.79769e+308,8,7,6,5,4,24,23,22,21,20,19,18,17,1.79769e+308,13,12,11,10,9,8,7,6,5,4,3,23,1.79769e+308,1.79769e+308,20,19,18,17,16,15,14,13,12,11,1.79769e+308,7,6,5,4,3,2,22,21,20,19,18,17,16,15,1.79769e+308,13,12,11,10,1.79769e+308,6,5,4,3,2,1,1.79769e+308,22,1.79769e+308,18,17,16,15,14,13,12,11,10,9,8,7,6,1.79769e+308,1.79769e+308,1.79769e+308,0,1.79769e+308,1.79769e+308,18,17,16,15,14,13,12,11,10,9,8,7,6,5,4,3,2,1,
374
32,31,30,1.79769e+308,1.79769e+308,1.79769e+308,26,27,1.79769e+308,25,24,1.79769e+308,1.79769e+308,1.79769e+308,1.79769e+308,21,22,1.79769e+308,24,23,1.79769e+308,30,29,28,27,1.79769e+308,25,26,25,24,23,22,1.79769e+308,1.79769e+308,19,20,21,1.79769e+308,1.79769e+308,22,30,29,28,27,26,25,24,1.79769e+308,1.79769e+308,23,22,21,20,19,18,1.79769e+308,20,19,20,21,1.79769e+308,1.79769e+308,27,26,25,24,23,22,21,1.79769e+308,21,20,19,18,17,18,19,18,19,20,28,27,26,25,24,23,22,21,20,1.79769e+308,20,21,1.79769e+308,1.79769e+308,16,17,1.79769e+308,17,18,1.79769e+308,29,1.79769e+308,25,24,23,22,21,20,19,20,19,1.79769e+308,1.79769e+308,16,15,16,17,16,1.79769e+308,18,1.79769e+308,25,24,23,22,21,20,19,18,19,18,17,16,1.79769e+308,14,1.79769e+308,1.79769e+308,15,16,17,25,24,1.79769e+308,22,21,1.79769e+308,19,18,17,1.79769e+308,17,16,15,14,13,12,13,14,15,16,24,23,22,1.79769e+308,20,19,18,17,16,15,1.79769e+308,15,16,1.79769e+308,12,11,12,1.79769e+308,14,1.79769e+308,23,1.79769e+308,21,20,19,1.79769e+308,17,16,15,14,13,14,15,16,1.79769e+308,10,11,12,13,14,22,21,1.79769e+308,19,18,19,18,1.79769e+308,14,13,12,1.79769e+308,1.79769e+308,1.79769e+308,1.79769e+308,9,10,1.79769e+308,12,13,1.79769e+308,20,19,18,17,18,1.79769e+308,14,13,12,11,1.79769e+308,9,8,9,8,9,10,11,12,20,1.79769e+308,18,17,16,17,1.79769e+308,13,12,11,10,1.79769e+308,8,7,8,7,8,9,10,11,19,18,17,1.79769e+308,15,1.79769e+308,13,12,11,10,9,1.79769e+308,1.79769e+308,6,7,6,7,8,9,10,18,17,16,15,14,13,12,11,10,9,8,1.79769e+308,1.79769e+308,5,1.79769e+308,5,6,7,8,9,17,16,15,14,13,12,11,10,1.79769e+308,8,7,6,5,4,3,4,5,6,7,8,16,1.79769e+308,1.79769e+308,13,12,11,10,9,8,7,6,5,4,1.79769e+308,2,3,4,5,6,7,15,14,13,12,11,10,9,8,1.79769e+308,6,5,4,3,1.79769e+308,1,2,3,4,5,6,1.79769e+308,15,1.79769e+308,11,10,9,8,7,6,5,4,3,2,1,0,1,1.79769e+308,1.79769e+308,1.79769e+308,7,1.79769e+308,1.79769e+308,13,12,11,10,9,8,7,6,5,4,3,2,1,2,3,4,5,6,
372
30,29,28,1.79769e+308,1.79769e+308,1.79769e+308,24,25,1.79769e+308,23,22,1.79769e+308,1.79769e+308,1.79769e+308,1.79769e+308,23,24,1.79769e+308,26,25,1.79769e+308,28,27,26,25,1.79769e+308,23,24,23,22,21,22,1.79769e+308,1.79769e+308,21,22,23,1.79769e+308,1.79769e+308,24,28,27,26,25,24,23,22,1.79769e+308,1.79769e+308,21,20,21,22,21,20,1.79769e+308,22,21,22,23,1.79769e+308,1.79769e+308,25,24,23,22,21,20,19,1.79769e+308,19,20,21,20,19,20,21,20,21,22,26,25,24,23,22,21,20,19,18,1.79769e+308,18,19,1.79769e+308,1.79769e+308,18,19,1.79769e+308,19,20,1.79769e+308,27,1.79769e+308,23,22,21,20,19,18,17,18,17,1.79769e+308,1.79769e+308,18,17,18,19,18,1.79769e+308,20,1.79769e+308,23,22,21,20,19,18,17,16,17,16,15,16,1.79769e+308,16,1.79769e+308,1.79769e+308,17,18,19,23,22,1.79769e+308,20,19,1.79769e+308,17,16,15,1.79769e+308,15,14,15,16,15,14,15,16,17,18,22,21,20,1.79769e+308,18,17,16,15,14,13,1.79769e+308,13,14,1.79769e+308,14,13,14,1.79769e+308,16,1.79769e+308,21,1.79769e+308,19,18,17,1.79769e+308,15,14,13,12,11,12,13,14,1.79769e+308,12,13,14,15,16,20,19,1.79769e+308,17,16,17,16,1.79769e+308,12,11,10,1.79769e+308,1.79769e+308,1.79769e+308,1.79769e+308,11,12,1.79769e+308,14,15,1.79769e+308,18,17,16,15,16,1.79769e+308,12,11,10,9,1.79769e+308,9,8,9,10,11,12,13,14,18,1.79769e+308,16,15,14,15,1.79769e+308,11,10,9,8,1.79769e+308,8,7,8,9,10,11,12,13,17,16,15,1.79769e+308,13,1.79769e+308,11,10,9,8,7,1.79769e+308,1.79769e+308,6,7,8,9,10,11,12,16,15,14,13,12,11,10,9,8,7,6,1.79769e+308,1.79769e+308,5,1.79769e+308,7,8,9,10,11,15,14,13,12,11,10,9,8,1.79769e+308,6,5,4,3,4,5,6,7,8,9,10,14,1.79769e+308,1.79769e+308,11,10,9,8,7,6,5,4,3,2,1.79769e+308,4,5,6,7,8,9,13,12,11,10,9,8,7,6,1.79769e+308,4,3,2,1,1.79769e+308,3,4,5,6,7,8,1.79769e+308,13,1.79769e+308,9,8,7,6,5,4,3,2,1,0,1,2,3,1.79769e+308,1.79769e+308,1.79769e+308,9,1.79769e+308,1.79769e+308,11,10,9,8,7,6,5,4,3,2,1,2,3,4,5,6,7,8,
371
29,28,27,1.79769e+308,1.79769e+308,1.79769e+308,23,24,1.79769e+308,22,21,1.79769e+308,1.79769e+308,1.79769e+308,1.79769e+308,24,25,1.79769e+308,27,26,1.79769e+308,27,26,25,24,1.79769e+308,22,23,22,21,20,21,1.79769e+308,1.79769e+308,22,23,24,1.79769e+308,1.79769e+308,25,27,26,25,24,23,22,21,1.79769e+308,1.79769e+308,20,19,20,21,22,21,1.79769e+308,23,22,23,24,1.79769e+308,1.79769e+308,24,23,22,21,20,19,18,1.79769e+308,18,19,20,21,20,21,22,21,22,23,25,24,23,22,21,20,19,18,17,1.79769e+308,17,18,1.79769e+308,1.79769e+308,19,20,1.79769e+308,20,21,1.79769e+308,26,1.79769e+308,22,21,20,19,18,17,16,17,16,1.79769e+308,1.79769e+308,19,18,19,20,19,1.79769e+308,21,1.79769e+308,22,21,20,19,18,17,16,15,16,15,14,15,1.79769e+308,17,1.79769e+308,1.79769e+308,18,19,20,22,21,1.79769e+308,19,18,1.79769e+308,16,15,14,1.79769e+308,14,13,14,15,16,15,16,17,18,19,21,20,19,1.79769e+308,17,16,15,14,13,12,1.79769e+308,12,13,1.79769e+308,15,14,15,1.79769e+308,17,1.79769e+308,20,1.79769e+308,18,17,16,1.79769e+308,14,13,12,11,10,11,12,13,1.79769e+308,13,14,15,16,17,19,18,1.79769e+308,16,15,16,15,1.79769e+308,11,10,9,1.79769e+308,1.79769e+308,1.79769e+308,1.79769e+308,12,13,1.79769e+308,15,16,1.79769e+308,17,16,15,14,15,1.79769e+308,11,10,9,8,1.79769e+308,10,9,10,11,12,13,14,15,17,1.79769e+308,15,14,13,14,1.79769e+308,10,9,8,7,1.79769e+308,9,8,9,10,11,12,13,14,16,15,14,1.79769e+308,12,1.79769e+308,10,9,8,7,6,1.79769e+308,1.79769e+308,7,8,9,10,11,12,13,15,14,13,12,11,10,9,8,7,6,5,1.79769e+308,1.79769e+308,6,1.79769e+308,8,9,10,11,12,14,13,12,11,10,9,8,7,1.79769e+308,5,4,3,4,5,6,7,8,9,10,11,13,1.79769e+308,1.79769e+308,10,9,8,7,6,5,4,3,2,3,1.79769e+308,5,6,7,8,9,10,12,11,10,9,8,7,6,5,1.79769e+308,3,2,1,2,1.79769e+308,4,5,6,7,8,9,1.79769e+308,12,1.79769e+308,8,7,6,5,4,3,2,1,0,1,2,3,4,1.79769e+308,1.79769e+308,1.79769e+308,10,1.79769e+308,1.79769e+308,10,9,8,7,6,5,4,3,2,1,2,3,4,5,6,7,8,9,
369
27,26,25,1.79769e+308,1.79769e+308,1.79769e+308,21,22,1.79769e+308,22,21,1.79769e+308,1.79769e+308,1.79769e+308,1.79769e+308,24,25,1.79769e+308,29,28,1.79769e+308,25,24,23,22,1.79769e+308,20,21,22,21,20,21,1.79769e+308,1.79769e+308,22,23,24,1.79769e+308,1.79769e+308,27,25,24,23,22,21,20,19,1.79769e+308,1.79769e+308,20,19,20,21,22,21,1.79769e+308,23,24,25,26,1.79769e+308,1.79769e+308,22,21,20,19,18,17,16,1.79769e+308,18,19,20,21,20,21,22,23,24,25,23,22,21,20,19,18,17,16,15,1.79769e+308,17,18,1.79769e+308,1.79769e+308,19,20,1.79769e+308,22,23,1.79769e+308,24,1.79769e+308,20,19,18,17,16,15,14,15,16,1.79769e+308,1.79769e+308,19,18,19,20,21,1.79769e+308,23,1.79769e+308,20,19,18,17,16,15,14,13,14,15,14,15,1.79769e+308,17,1.79769e+308,1.79769e+308,20,21,22,20,19,1.79769e+308,17,16,1.79769e+308,14,13,12,1.79769e+308,14,13,14,15,16,17,18,19,20,21,19,18,17,1.79769e+308,15,14,13,12,11,10,1.79769e+308,12,13,1.79769e+308,17,16,17,1.79769e+308,19,1.79769e+308,18,1.79769e+308,16,15,14,1.79769e+308,12,11,10,9,10,11,12,13,1.79769e+308,15,16,17,18,19,17,16,1.79769e+308,14,13,14,13,1.79769e+308,9,8,9,1.79769e+308,1.79769e+308,1.79769e+308,1.79769e+308,14,15,1.79769e+308,17,18,1.79769e+308,15,14,13,12,13,1.79769e+308,9,8,7,8,1.79769e+308,12,11,12,13,14,15,16,17,15,1.79769e+308,13,12,11,12,1.79769e+308,8,7,6,7,1.79769e+308,11,10,11,12,13,14,15,16,14,13,12,1.79769e+308,10,1.79769e+308,8,7,6,5,6,1.79769e+308,1.79769e+308,9,10,11,12,13,14,15,13,12,11,10,9,8,7,6,5,4,5,1.79769e+308,1.79769e+308,8,1.79769e+308,10,11,12,13,14,12,11,10,9,8,7,6,5,1.79769e+308,3,4,5,6,7,8,9,10,11,12,13,11,1.79769e+308,1.79769e+308,8,7,6,5,4,3,2,3,4,5,1.79769e+308,7,8,9,10,11,12,10,9,8,7,6,5,4,3,1.79769e+308,1,2,3,4,1.79769e+308,6,7,8,9,10,11,1.79769e+308,10,1.79769e+308,6,5,4,3,2,1,0,1,2,3,4,5,6,1.79769e+308,1.79769e+308,1.79769e+308,12,1.79769e+308,1.79769e+308,8,7,6,5,4,3,2,1,2,3,4,5,6,7,8,9,10,11,
368
26,25,24,1.79769e+308,1.79769e+308,1.79769e+308,22,23,1.79769e+308,23,22,1.79769e+308,1.79769e+308,1.79769e+308,1.79769e+308,25,26,1.79769e+308,30,29,1.79769e+308,24,23,22,21,1.79769e+308,21,22,23,22,21,22,1.79769e+308,1.79769e+308,23,24,25,1.79769e+308,1.79769e+308,28,24,23,22,21,20,21,20,1.79769e+308,1.79769e+308,21,20,21,22,23,22,1.79769e+308,24,25,26,27,1.79769e+308,1.79769e+308,21,20,19,20,19,18,17,1.79769e+308,19,20,21,22,21,22,23,24,25,26,22,21,20,19,18,19,18,17,16,1.79769e+308,18,19,1.79769e+308,1.79769e+308,20,21,1.79769e+308,23,24,1.79769e+308,23,1.79769e+308,19,18,17,18,17,16,15,16,17,1.79769e+308,1.79769e+308,20,19,20,21,22,1.79769e+308,24,1.79769e+308,19,18,17,16,17,16,15,14,15,16,15,16,1.79769e+308,18,1.79769e+308,1.79769e+308,21,22,23,19,18,1.79769e+308,16,15,1.79769e+308,15,14,13,1.79769e+308,15,14,15,16,17,18,19,20,21,22,18,17,16,1.79769e+308,14,15,14,13,12,11,1.79769e+308,13,14,1.79769e+308,18,17,18,1.79769e+308,20,1.79769e+308,17,1.79769e+308,15,14,13,1.79769e+308,13,12,11,10,11,12,13,14,1.79769e+308,16,17,18,19,20,16,15,1.79769e+308,13,12,13,14,1.79769e+308,10,9,10,1.79769e+308,1.79769e+308,1.79769e+308,1.79769e+308,15,16,1.79769e+308,18,19,1.79769e+308,14,13,12,11,12,1.79769e+308,8,9,8,9,1.79769e+308,13,12,13,14,15,16,17,18,14,1.79769e+308,12,11,10,11,1.79769e+308,7,8,7,8,1.79769e+308,12,11,12,13,14,15,16,17,13,12,11,1.79769e+308,9,1.79769e+308,7,6,7,6,7,1.79769e+308,1.79769e+308,10,11,12,13,14,15,16,12,11,10,9,8,7,6,5,6,5,6,1.79769e+308,1.79769e+308,9,1.79769e+308,11,12,13,14,15,11,10,9,8,7,6,5,4,1.79769e+308,4,5,6,7,8,9,10,11,12,13,14,10,1.79769e+308,1.79769e+308,7,6,5,4,3,4,3,4,5,6,1.79769e+308,8,9,10,11,12,13,9,8,7,6,5,4,3,2,1.79769e+308,2,3,4,5,1.79769e+308,7,8,9,10,11,12,1.79769e+308,9,1.79769e+308,5,4,3,2,1,0,1,2,3,4,5,6,7,1.79769e+308,1.79769e+308,1.79769e+308,13,1.79769e+308,1.79769e+308,7,6,5,4,3,2,1,2,3,4,5,6,7,8,9,10,11,12,
366
24,23,22,1.79769e+308,1.79769e+308,1.79769e+308,22,23,1.79769e+308,23,22,1.79769e+308,1.79769e+308,1.79769e+308,1.79769e+308,27,28,1.79769e+308,32,31,1.79769e+308,22,21,20,19,1.79769e+308,21,22,23,22,21,22,1.79769e+308,1.79769e+308,25,26,27,1.79769e+308,1.79769e+308,30,22,21,20,19,18,19,20,1.79769e+308,1.79769e+308,21,20,21,22,23,24,1.79769e+308,26,27,28,29,1.79769e+308,1.79769e+308,19,18,17,18,19,18,17,1.79769e+308,19,20,21,22,23,24,25,26,27,28,20,19,18,17,16,17,18,17,16,1.79769e+308,18,19,1.79769e+308,1.79769e+308,22,23,1.79769e+308,25,26,1.79769e+308,21,1.79769e+308,17,16,15,16,17,16,15,16,17,1.79769e+308,1.79769e+308,22,21,22,23,24,1.79769e+308,26,1.79769e+308,17,16,15,14,15,16,15,14,15,16,17,18,1.79769e+308,20,1.79769e+308,1.79769e+308,23,24,25,17,16,1.79769e+308,14,13,1.79769e+308,15,14,13,1.79769e+308,17,16,17,18,19,20,21,22,23,24,16,15,14,1.79769e+308,12,13,14,13,12,13,1.79769e+308,15,16,1.79769e+308,20,19,20,1.79769e+308,22,1.79769e+308,15,1.79769e+308,13,12,11,1.79769e+308,13,12,11,12,13,14,15,16,1.79769e+308,18,19,20,21,22,14,13,1.79769e+308,11,10,11,12,1.79769e+308,10,11,12,1.79769e+308,1.79769e+308,1.79769e+308,1.79769e+308,17,18,1.79769e+308,20,21,1.79769e+308,12,11,10,9,10,1.79769e+308,8,9,10,11,1.79769e+308,15,14,15,16,17,18,19,20,12,1.79769e+308,10,9,8,9,1.79769e+308,7,8,9,10,1.79769e+308,14,13,14,15,16,17,18,19,11,10,9,1.79769e+308,7,1.79769e+308,5,6,7,8,9,1.79769e+308,1.79769e+308,12,13,14,15,16,17,18,10,9,8,7,6,5,4,5,6,7,8,1.79769e+308,1.79769e+308,11,1.79769e+308,13,14,15,16,17,9,8,7,6,5,4,3,4,1.79769e+308,6,7,8,9,10,11,12,13,14,15,16,8,1.79769e+308,1.79769e+308,5,4,3,2,3,4,5,6,7,8,1.79769e+308,10,11,12,13,14,15,7,6,5,4,3,2,1,2,1.79769e+308,4,5,6,7,1.79769e+308,9,10,11,12,13,14,1.79769e+308,7,1.79769e+308,3,2,1,0,1,2,3,4,5,6,7,8,9,1.79769e+308,1.79769e+308,1.79769e+308,15,1.79769e+308,1.79769e+308,5,4,3,2,1,2,3,4,5,6,7,8,9,10,11,12,13,14,
365
23,22,21,1.79769e+308,1.79769e+308,1.79769e+308,21,22,1.79769e+308,24,23,1.79769e+308,1.79769e+308,1.79769e+308,1.79769e+308,28,29,1.79769e+308,33,32,1.79769e+308,21,20,19,18,1.79769e+308,20,21,22,23,22,23,1.79769e+308,1.79769e+308,26,27,28,1.79769e+308,1.79769e+308,31,21,20,19,18,17,18,19,1.79769e+308,1.79769e+308,22,21,22,23,24,25,1.79769e+308,27,28,29,30,1.79769e+308,1.79769e+308,18,17,16,17,18,19,18,1.79769e+308,20,21,22,23,24,25,26,27,28,29,19,18,17,16,15,16,17,18,17,1.79769e+308,19,20,1.79769e+308,1.79769e+308,23,24,1.79769e+308,26,27,1.79769e+308,20,1.79769e+308,16,15,14,15,16,17,16,17,18,1.79769e+308,1.79769e+308,23,22,23,24,25,1.79769e+308,27,1.79769e+308,16,15,14,13,14,15,16,15,16,17,18,19,1.79769e+308,21,1.79769e+308,1.79769e+308,24,25,26,16,15,1.79769e+308,13,12,1.79769e+308,14,15,14,1.79769e+308,18,17,18,19,20,21,22,23,24,25,15,14,13,1.79769e+308,11,12,13,14,13,14,1.79769e+308,16,17,1.79769e+308,21,20,21,1.79769e+308,23,1.79769e+308,14,1.79769e+308,12,11,10,1.79769e+308,12,13,12,13,14,15,16,17,1.79769e+308,19,20,21,22,23,13,12,1.79769e+308,10,9,10,11,1.79769e+308,11,12,13,1.79769e+308,1.79769e+308,1.79769e+308,1.79769e+308,18,19,1.79769e+308,21,22,1.79769e+308,11,10,9,8,9,1.79769e+308,9,10,11,12,1.79769e+308,16,15,16,17,18,19,20,21,11,1.79769e+308,9,8,7,8,1.79769e+308,8,9,10,11,1.79769e+308,15,14,15,16,17,18,19,20,10,9,8,1.79769e+308,6,1.79769e+308,6,7,8,9,10,1.79769e+308,1.79769e+308,13,14,15,16,17,18,19,9,8,7,6,5,4,5,6,7,8,9,1.79769e+308,1.79769e+308,12,1.79769e+308,14,15,16,17,18,8,7,6,5,4,3,4,5,1.79769e+308,7,8,9,10,11,12,13,14,15,16,17,7,1.79769e+308,1.79769e+308,4,3,2,3,4,5,6,7,8,9,1.79769e+308,11,12,13,14,15,16,6,5,4,3,2,1,2,3,1.79769e+308,5,6,7,8,1.79769e+308,10,11,12,13,14,15,1.79769e+308,6,1.79769e+308,2,1,0,1,2,3,4,5,6,7,8,9,10,1.79769e+308,1.79769e+308,1.79769e+308,16,1.79769e+308,1.79769e+308,4,3,2,1,2,3,4,5,6,7,8,9,10,11,12,13,14,15,
364
22,21,20,1.79769e+308,1.79769e+308,1.79769e+308,20,21,1.79769e+308,23,24,1.79769e+308,1.79769e+308,1.79769e+308,1.79769e+308,29,30,1.79769e+308,34,33,1.79769e+308,20,19,18,17,1.79769e+308,19,20,21,22,23,24,1.79769e+308,1.79769e+308,27,28,29,1.79769e+308,1.79769e+308,32,20,19,18,17,16,17,18,1.79769e+308,1.79769e+308,23,22,23,24,25,26,1.79769e+308,28,29,30,31,1.79769e+308,1.79769e+308,17,16,15,16,17,18,19,1.79769e+308,21,22,23,24,25,26,27,28,29,30,18,17,16,15,14,15,16,17,18,1.79769e+308,20,21,1.79769e+308,1.79769e+308,24,25,1.79769e+308,27,28,1.79769e+308,19,1.79769e+308,15,14,13,14,15,16,17,18,19,1.79769e+308,1.79769e+308,24,23,24,25,26,1.79769e+308,28,1.79769e+308,15,14,13,12,13,14,15,16,17,18,19,20,1.79769e+308,22,1.79769e+308,1.79769e+308,25,26,27,15,14,1.79769e+308,12,11,1.79769e+308,13,14,15,1.79769e+308,19,18,19,20,21,22,23,24,25,26,14,13,12,1.79769e+308,10,11,12,13,14,15,1.79769e+308,17,18,1.79769e+308,22,21,22,1.79769e+308,24,1.79769e+308,13,1.79769e+308,11,10,9,1.79769e+308,11,12,13,14,15,16,17,18,1.79769e+308,20,21,22,23,24,12,11,1.79769e+308,9,8,9,10,1.79769e+308,12,13,14,1.79769e+308,1.79769e+308,1.79769e+308,1.79769e+308,19,20,1.79769e+308,22,23,1.79769e+308,10,9,8,7,8,1.79769e+308,10,11,12,13,1.79769e+308,17,16,17,18,19,20,21,22,10,1.79769e+308,8,7,6,7,1.79769e+308,9,10,11,12,1.79769e+308,16,15,16,17,18,19,20,21,9,8,7,1.79769e+308,5,1.79769e+308,7,8,9,10,11,1.79769e+308,1.79769e+308,14,15,16,17,18,19,20,8,7,6,5,4,5,6,7,8,9,10,1.79769e+308,1.79769e+308,13,1.79769e+308,15,16,17,18,19,7,6,5,4,3,4,5,6,1.79769e+308,8,9,10,11,12,13,14,15,16,17,18,6,1.79769e+308,1.79769e+308,3,2,3,4,5,6,7,8,9,10,1.79769e+308,12,13,14,15,16,17,5,4,3,2,1,2,3,4,1.79769e+308,6,7,8,9,1.79769e+308,11,12,13,14,15,16,1.79769e+308,5,1.79769e+308,1,0,1,2,3,4,5,6,7,8,9,10,11,1.79769e+308,1.79769e+308,1.79769e+308,17,1.79769e+308,1.79769e+308,3,2,1,2,3,4,5,6,7,8,9,10,11,12,13,14,15,16,
363
23,22,21,1.79769e+308,1.79769e+308,1.79769e+308,21,22,1.79769e+308,24,25,1.79769e+308,1.79769e+308,1.79769e+308,1.79769e+308,30,31,1.79769e+308,35,34,1.79769e+308,21,20,19,18,1.79769e+308,20,21,22,23,24,25,1.79769e+308,1.79769e+308,28,29,30,1.79769e+308,1.79769e+308,33,21,20,19,18,17,18,19,1.79769e+308,1.79769e+308,24,23,24,25,26,27,1.79769e+308,29,30,31,32,1.79769e+308,1.79769e+308,18,17,16,17,18,19,20,1.79769e+308,22,23,24,25,26,27,28,29,30,31,19,18,17,16,15,16,17,18,19,1.79769e+308,21,22,1.79769e+308,1.79769e+308,25,26,1.79769e+308,28,29,1.79769e+308,20,1.79769e+308,16,15,14,15,16,17,18,19,20,1.79769e+308,1.79769e+308,25,24,25,26,27,1.79769e+308,29,1.79769e+308,16,15,14,13,14,15,16,17,18,19,20,21,1.79769e+308,23,1.79769e+308,1.79769e+308,26,27,28,14,15,1.79769e+308,13,12,1.79769e+308,14,15,16,1.79769e+308,20,19,20,21,22,23,24,25,26,27,13,14,13,1.79769e+308,11,12,13,14,15,16,1.79769e+308,18,19,1.79769e+308,23,22,23,1.79769e+308,25,1.79769e+308,12,1.79769e+308,12,11,10,1.79769e+308,12,13,14,15,16,17,18,19,1.79769e+308,21,22,23,24,25,11,10,1.79769e+308,10,9,10,11,1.79769e+308,13,14,15,1.79769e+308,1.79769e+308,1.79769e+308,1.79769e+308,20,21,1.79769e+308,23,24,1.79769e+308,9,8,9,8,9,1.79769e+308,11,12,13,14,1.79769e+308,18,17,18,19,20,21,22,23,9,1.79769e+308,7,8,7,8,1.79769e+308,10,11,12,13,1.79769e+308,17,16,17,18,19,20,21,22,8,7,6,1.79769e+308,6,1.79769e+308,8,9,10,11,12,1.79769e+308,1.79769e+308,15,16,17,18,19,20,21,7,6,5,4,5,6,7,8,9,10,11,1.79769e+308,1.79769e+308,14,1.79769e+308,16,17,18,19,20,6,5,4,3,4,5,6,7,1.79769e+308,9,10,11,12,13,14,15,16,17,18,19,5,1.79769e+308,1.79769e+308,2,3,4,5,6,7,8,9,10,11,1.79769e+308,13,14,15,16,17,18,4,3,2,1,2,3,4,5,1.79769e+308,7,8,9,10,1.79769e+308,12,13,14,15,16,17,1.79769e+308,4,1.79769e+308,0,1,2,3,4,5,6,7,8,9,10,11,12,1.79769e+308,1.79769e+308,1.79769e+308,18,1.79769e+308,1.79769e+308,2,1,2,3,4,5,6,7,8,9,10,11,12,13,14,15,16,17,
361
25,24,23,1.79769e+308,1.79769e+308,1.79769e+308,23,24,1.79769e+308,26,27,1.79769e+308,1.79769e+308,1.79769e+308,1.79769e+308,32,33,1.79769e+308,37,36,1.79769e+308,23,22,21,20,1.79769e+308,22,23,24,25,26,27,1.79769e+308,1.79769e+308,30,31,32,1.79769e+308,1.79769e+308,35,23,22,21,20,19,20,21,1.79769e+308,1.79769e+308,26,25,26,27,28,29,1.79769e+308,31,32,33,34,1.79769e+308,1.79769e+308,20,19,18,19,20,21,22,1.79769e+308,24,25,26,27,28,29,30,31,32,33,21,20,19,18,17,18,19,20,21,1.79769e+308,23,24,1.79769e+308,1.79769e+308,27,28,1.79769e+308,30,31,1.79769e+308,22,1.79769e+308,18,17,16,17,18,19,20,21,22,1.79769e+308,1.79769e+308,27,26,27,28,29,1.79769e+308,31,1.79769e+308,18,17,16,15,16,17,18,19,20,21,22,23,1.79769e+308,25,1.79769e+308,1.79769e+308,28,29,30,16,17,1.79769e+308,15,14,1.79769e+308,16,17,18,1.79769e+308,22,21,22,23,24,25,26,27,28,29,15,16,15,1.79769e+308,13,14,15,16,17,18,1.79769e+308,20,21,1.79769e+308,25,24,25,1.79769e+308,27,1.79769e+308,14,1.79769e+308,14,13,12,1.79769e+308,14,15,16,17,18,19,20,21,1.79769e+308,23,24,25,26,27,13,12,1.79769e+308,12,11,12,13,1.79769e+308,15,16,17,1.79769e+308,1.79769e+308,1.79769e+308,1.79769e+308,22,23,1.79769e+308,25,26,1.79769e+308,11,10,11,10,11,1.79769e+308,13,14,15,16,1.79769e+308,20,19,20,21,22,23,24,25,7,1.79769e+308,9,10,9,10,1.79769e+308,12,13,14,15,1.79769e+308,19,18,19,20,21,22,23,24,6,7,8,1.79769e+308,8,1.79769e+308,10,11,12,13,14,1.79769e+308,1.79769e+308,17,18,19,20,21,22,23,5,6,7,6,7,8,9,10,11,12,13,1.79769e+308,1.79769e+308,16,1.79769e+308,18,19,20,21,22,4,5,6,5,6,7,8,9,1.79769e+308,11,12,13,14,15,16,17,18,19,20,21,3,1.79769e+308,1.79769e+308,4,5,6,7,8,9,10,11,12,13,1.79769e+308,17,18,19,20,21,22,2,1,2,3,4,5,6,7,1.79769e+308,11,12,13,14,1.79769e+308,16,17,18,19,20,21,1.79769e+308,0,1.79769e+308,4,5,6,7,8,9,10,11,12,13,14,15,16,1.79769e+308,1.79769e+308,1.79769e+308,22,1.79769e+308,1.79769e+308,6,5,6,7,8,9,10,11,12,13,14,15,16,17,18,19,20,21,
358
35,34,33,1.79769e+308,1.79769e+308,1.79769e+308,29,28,1.79769e+308,26,25,1.79769e+308,1.79769e+308,1.79769e+308,1.79769e+308,20,19,1.79769e+308,21,20,1.79769e+308,33,32,31,30,1.79769e+308,28,27,26,25,24,23,1.79769e+308,1.79769e+308,20,19,18,1.79769e+308,1.79769e+308,19,33,32,31,30,29,28,27,1.79769e+308,1.79769e+308,24,23,22,21,20,19,1.79769e+308,17,16,17,18,1.79769e+308,1.79769e+308,30,29,28,27,26,25,24,1.79769e+308,22,21,20,19,18,17,16,15,16,17,31,30,29,28,27,26,25,24,23,1.79769e+308,21,22,1.79769e+308,1.79769e+308,17,16,1.79769e+308,14,15,1.79769e+308,32,1.79769e+308,28,27,26,25,24,23,22,21,20,1.79769e+308,1.79769e+308,17,16,15,14,13,1.79769e+308,13,1.79769e+308,28,27,26,25,24,23,22,21,20,19,18,17,1.79769e+308,15,1.79769e+308,1.79769e+308,12,11,12,28,27,1.79769e+308,25,24,1.79769e+308,22,21,20,1.79769e+308,18,17,16,15,14,13,12,11,10,11,27,26,25,1.79769e+308,23,22,21,20,19,18,1.79769e+308,18,17,1.79769e+308,13,12,11,1.79769e+308,9,1.79769e+308,26,1.79769e+308,24,23,22,1.79769e+308,20,19,18,17,16,17,18,19,1.79769e+308,11,10,9,8,9,25,24,1.79769e+308,22,21,22,21,1.79769e+308,17,16,15,1.79769e+308,1.79769e+308,1.79769e+308,1.79769e+308,10,9,1.79769e+308,7,8,1.79769e+308,23,22,21,20,21,1.79769e+308,17,16,15,14,1.79769e+308,12,11,10,9,8,7,6,7,23,1.79769e+308,21,20,19,20,1.79769e+308,16,15,14,13,1.79769e+308,11,10,9,8,7,6,5,6,22,21,20,1.79769e+308,18,1.79769e+308,16,15,14,13,12,1.79769e+308,1.79769e+308,9,8,7,6,5,4,5,21,20,19,18,17,16,15,14,13,12,11,1.79769e+308,1.79769e+308,8,1.79769e+308,6,5,4,3,4,22,21,20,19,18,17,16,15,1.79769e+308,11,10,9,8,7,6,5,4,3,2,3,21,1.79769e+308,1.79769e+308,18,17,16,15,14,13,12,11,10,9,1.79769e+308,5,4,3,2,1,2,20,19,18,17,16,15,14,13,1.79769e+308,11,10,9,8,1.79769e+308,4,3,2,1,0,1,1.79769e+308,20,1.79769e+308,16,15,14,13,12,11,10,9,8,7,6,5,4,1.79769e+308,1.79769e+308,1.79769e+308,2,1.79769e+308,1.79769e+308,18,17,16,15,14,13,12,11,10,9,8,7,6,5,6,5,4,3,
357
34,33,32,1.79769e+308,1.79769e+308,1.79769e+308,28,27,1.79769e+308,25,24,1.79769e+308,1.79769e+308,1.79769e+308,1.79769e+308,21,20,1.79769e+308,22,21,1.79769e+308,32,31,30,29,1.79769e+308,27,26,25,24,23,22,1.79769e+308,1.79769e+308,19,20,19,1.79769e+308,1.79769e+308,20,32,31,30,29,28,27,26,1.79769e+308,1.79769e+308,23,22,21,20,19,18,1.79769e+308,18,17,18,19,1.79769e+308,1.79769e+308,29,28,27,26,25,24,23,1.79769e+308,21,20,19,18,17,18,17,16,17,18,30,29,28,27,26,25,24,23,22,1.79769e+308,20,21,1.79769e+308,1.79769e+308,16,17,1.79769e+308,15,16,1.79769e+308,31,1.79769e+308,27,26,25,24,23,22,21,20,19,1.79769e+308,1.79769e+308,16,15,16,15,14,1.79769e+308,14,1.79769e+308,27,26,25,24,23,22,21,20,19,18,17,16,1.79769e+308,14,1.79769e+308,1.79769e+308,13,12,13,27,26,1.79769e+308,24,23,1.79769e+308,21,20,19,1.79769e+308,17,16,15,14,13,12,11,12,11,12,26,25,24,1.79769e+308,22,21,20,19,18,17,1.79769e+308,17,16,1.79769e+308,12,11,10,1.79769e+308,10,1.79769e+308,25,1.79769e+308,23,22,21,1.79769e+308,19,18,17,16,15,16,17,18,1.79769e+308,10,9,10,9,10,24,23,1.79769e+308,21,20,21,20,1.79769e+308,16,15,14,1.79769e+308,1.79769e+308,1.79769e+308,1.79769e+308,9,8,1.79769e+308,8,9,1.79769e+308,22,21,20,19,20,1.79769e+308,16,15,14,13,1.79769e+308,11,10,9,8,7,6,7,8,22,1.79769e+308,20,19,18,19,1.79769e+308,15,14,13,12,1.79769e+308,10,9,8,7,6,5,6,7,21,20,19,1.79769e+308,17,1.79769e+308,15,14,13,12,11,1.79769e+308,1.79769e+308,8,7,6,5,4,5,6,20,19,18,17,16,15,14,13,12,11,10,1.79769e+308,1.79769e+308,7,1.79769e+308,5,4,3,4,5,21,20,19,18,17,16,15,14,1.79769e+308,10,9,8,7,6,5,4,3,2,3,4,20,1.79769e+308,1.79769e+308,17,16,15,14,13,12,11,10,9,8,1.79769e+308,4,3,2,1,2,3,19,18,17,16,15,14,13,12,1.79769e+308,10,9,8,7,1.79769e+308,3,2,1,0,1,2,1.79769e+308,19,1.79769e+308,15,14,13,12,11,10,9,8,7,6,5,4,3,1.79769e+308,1.79769e+308,1.79769e+308,3,1.79769e+308,1.79769e+308,17,16,15,14,13,12,11,10,9,8,7,6,5,4,5,6,5,4,
355
32,31,30,1.79769e+308,1.79769e+308,1.79769e+308,26,25,1.79769e+308,23,22,1.79769e+308,1.79769e+308,1.79769e+308,1.79769e+308,19,20,1.79769e+308,22,21,1.79769e+308,30,29,28,27,1.79769e+308,25,24,23,22,21,20,1.79769e+308,1.79769e+308,17,18,19,1.79769e+308,1.79769e+308,20,30,29,28,27,26,25,24,1.79769e+308,1.79769e+308,21,20,19,18,17,16,1.79769e+308,18,17,18,19,1.79769e+308,1.79769e+308,27,26,25,24,23,22,21,1.79769e+308,19,18,17,16,15,16,17,16,17,18,28,27,26,25,24,23,22,21,20,1.79769e+308,18,19,1.79769e+308,1.79769e+308,14,15,1.79769e+308,15,16,1.79769e+308,29,1.79769e+308,25,24,23,22,21,20,19,18,17,1.79769e+308,1.79769e+308,14,13,14,15,14,1.79769e+308,16,1.79769e+308,25,24,23,22,21,20,19,18,17,16,15,14,1.79769e+308,12,1.79769e+308,1.79769e+308,13,14,15,25,24,1.79769e+308,22,21,1.79769e+308,19,18,17,1.79769e+308,15,14,13,12,11,10,11,12,13,14,24,23,22,1.79769e+308,20,19,18,17,16,15,1.79769e+308,15,14,1.79769e+308,10,9,10,1.79769e+308,12,1.79769e+308,23,1.79769e+308,21,20,19,1.79769e+308,17,16,15,14,13,14,15,16,1.79769e+308,8,9,10,11,12,22,21,1.79769e+308,19,18,19,18,1.79769e+308,14,13,12,1.79769e+308,1.79769e+308,1.79769e+308,1.79769e+308,7,8,1.79769e+308,10,11,1.79769e+308,20,19,18,17,18,1.79769e+308,14,13,12,11,1.79769e+308,9,8,7,6,7,8,9,10,20,1.79769e+308,18,17,16,17,1.79769e+308,13,12,11,10,1.79769e+308,8,7,6,5,6,7,8,9,19,18,17,1.79769e+308,15,1.79769e+308,13,12,11,10,9,1.79769e+308,1.79769e+308,6,5,4,5,6,7,8,18,17,16,15,14,13,12,11,10,9,8,1.79769e+308,1.79769e+308,5,1.79769e+308,3,4,5,6,7,19,18,17,16,15,14,13,12,1.79769e+308,8,7,6,5,4,3,2,3,4,5,6,18,1.79769e+308,1.79769e+308,15,14,13,12,11,10,9,8,7,6,1.79769e+308,2,1,2,3,4,5,17,16,15,14,13,12,11,10,1.79769e+308,8,7,6,5,1.79769e+308,1,0,1,2,3,4,1.79769e+308,17,1.79769e+308,13,12,11,10,9,8,7,6,5,4,3,2,1,1.79769e+308,1.79769e+308,1.79769e+308,5,1.79769e+308,1.79769e+308,15,14,13,12,11,10,9,8,7,6,5,4,3,2,3,4,5,6,
354
31,30,29,1.79769e+308,1.79769e+308,1.79769e+308,25,26,1.79769e+308,24,23,1.79769e+308,1.79769e+308,1.79769e+308,1.79769e+308,20,21,1.79769e+308,23,22,1.79769e+308,29,28,27,26,1.79769e+308,24,25,24,23,22,21,1.79769e+308,1.79769e+308,18,19,20,1.79769e+308,1.79769e+308,21,29,28,27,26,25,24,23,1.79769e+308,1.79769e+308,22,21,20,19,18,17,1.79769e+308,19,18,19,20,1.79769e+308,1.79769e+308,26,25,24,23,22,21,20,1.79769e+308,20,19,18,17,16,17,18,17,18,19,27,26,25,24,23,22,21,20,19,1.79769e+308,19,20,1.79769e+308,1.79769e+308,15,16,1.79769e+308,16,17,1.79769e+308,28,1.79769e+308,24,23,22,21,20,19,18,19,18,1.79769e+308,1.79769e+308,15,14,15,16,15,1.79769e+308,17,1.79769e+308,24,23,22,21,20,19,18,17,18,17,16,15,1.79769e+308,13,1.79769e+308,1.79769e+308,14,15,16,24,23,1.79769e+308,21,20,1.79769e+308,18,17,16,1.79769e+308,16,15,14,13,12,11,12,13,14,15,23,22,21,1.79769e+308,19,18,17,16,15,14,1.79769e+308,14,15,1.79769e+308,11,10,11,1.79769e+308,13,1.79769e+308,22,1.79769e+308,20,19,18,1.79769e+308,16,15,14,13,12,13,14,15,1.79769e+308,9,10,11,12,13,21,20,1.79769e+308,18,17,18,17,1.79769e+308,13,12,11,1.79769e+308,1.79769e+308,1.79769e+308,1.79769e+308,8,9,1.79769e+308,11,12,1.79769e+308,19,18,17,16,17,1.79769e+308,13,12,11,10,1.79769e+308,8,7,8,7,8,9,10,11,19,1.79769e+308,17,16,15,16,1.79769e+308,12,11,10,9,1.79769e+308,7,6,7,6,7,8,9,10,18,17,16,1.79769e+308,14,1.79769e+308,12,11,10,9,8,1.79769e+308,1.79769e+308,5,6,5,6,7,8,9,17,16,15,14,13,12,11,10,9,8,7,1.79769e+308,1.79769e+308,4,1.79769e+308,4,5,6,7,8,18,17,16,15,14,13,12,11,1.79769e+308,7,6,5,4,3,2,3,4,5,6,7,17,1.79769e+308,1.79769e+308,14,13,12,11,10,9,8,7,6,5,1.79769e+308,1,2,3,4,5,6,16,15,14,13,12,11,10,9,1.79769e+308,7,6,5,4,1.79769e+308,0,1,2,3,4,5,1.79769e+308,16,1.79769e+308,12,11,10,9,8,7,6,5,4,3,2,1,2,1.79769e+308,1.79769e+308,1.79769e+308,6,1.79769e+308,1.79769e+308,14,13,12,11,10,9,8,7,6,5,4,3,2,3,4,5,6,7,
352
29,28,27,1.79769e+308,1.79769e+308,1.79769e+308,23,24,1.79769e+308,22,21,1.79769e+308,1.79769e+308,1.79769e+308,1.79769e+308,22,23,1.79769e+308,25,24,1.79769e+308,27,26,25,24,1.79769e+308,22,23,22,21,20,21,1.79769e+308,1.79769e+308,20,21,22,1.79769e+308,1.79769e+308,23,27,26,25,24,23,22,21,1.79769e+308,1.79769e+308,20,19,20,21,20,19,1.79769e+308,21,20,21,22,1.79769e+308,1.79769e+308,24,23,22,21,20,19,18,1.79769e+308,18,19,20,19,18,19,20,19,20,21,25,24,23,22,21,20,19,18,17,1.79769e+308,17,18,1.79769e+308,1.79769e+308,17,18,1.79769e+308,18,19,1.79769e+308,26,1.79769e+308,22,21,20,19,18,17,16,17,16,1.79769e+308,1.79769e+308,17,16,17,18,17,1.79769e+308,19,1.79769e+308,22,21,20,19,18,17,16,15,16,15,14,15,1.79769e+308,15,1.79769e+308,1.79769e+308,16,17,18,22,21,1.79769e+308,19,18,1.79769e+308,16,15,14,1.79769e+308,14,13,14,15,14,13,14,15,16,17,21,20,19,1.79769e+308,17,16,15,14,13,12,1.79769e+308,12,13,1.79769e+308,13,12,13,1.79769e+308,15,1.79769e+308,20,1.79769e+308,18,17,16,1.79769e+308,14,13,12,11,10,11,12,13,1.79769e+308,11,12,13,14,15,19,18,1.79769e+308,16,15,16,15,1.79769e+308,11,10,9,1.79769e+308,1.79769e+308,1.79769e+308,1.79769e+308,10,11,1.79769e+308,13,14,1.79769e+308,17,16,15,14,15,1.79769e+308,11,10,9,8,1.79769e+308,8,7,8,9,10,11,12,13,17,1.79769e+308,15,14,13,14,1.79769e+308,10,9,8,7,1.79769e+308,7,6,7,8,9,10,11,12,16,15,14,1.79769e+308,12,1.79769e+308,10,9,8,7,6,1.79769e+308,1.79769e+308,5,6,7,8,9,10,11,15,14,13,12,11,10,9,8,7,6,5,1.79769e+308,1.79769e+308,4,1.79769e+308,6,7,8,9,10,14,13,12,11,10,9,8,7,1.79769e+308,5,4,3,2,3,4,5,6,7,8,9,15,1.79769e+308,1.79769e+308,10,9,8,7,6,5,4,3,2,1,1.79769e+308,5,6,7,8,9,10,14,13,12,11,10,9,8,7,1.79769e+308,3,2,1,0,1.79769e+308,4,5,6,7,8,9,1.79769e+308,14,1.79769e+308,10,9,8,7,6,5,4,3,2,1,2,3,4,1.79769e+308,1.79769e+308,1.79769e+308,10,1.79769e+308,1.79769e+308,12,11,10,9,8,7,6,5,4,3,2,3,4,5,6,7,8,9,
351
28,27,26,1.79769e+308,1.79769e+308,1.79769e+308,22,23,1.79769e+308,21,20,1.79769e+308,1.79769e+308,1.79769e+308,1.79769e+308,23,24,1.79769e+308,26,25,1.79769e+308,26,25,24,23,1.79769e+308,21,22,21,20,19,20,1.79769e+308,1.79769e+308,21,22,23,1.79769e+308,1.79769e+308,24,26,25,24,23,22,21,20,1.79769e+308,1.79769e+308,19,18,19,20,21,20,1.79769e+308,22,21,22,23,1.79769e+308,1.79769e+308,23,22,21,20,19,18,17,1.79769e+308,17,18,19,20,19,20,21,20,21,22,24,23,22,21,20,19,18,17,16,1.79769e+308,16,17,1.79769e+308,1.79769e+308,18,19,1.79769e+308,19,20,1.79769e+308,25,1.79769e+308,21,20,19,18,17,16,15,16,15,1.79769e+308,1.79769e+308,18,17,18,19,18,1.79769e+308,20,1.79769e+308,21,20,19,18,17,16,15,14,15,14,13,14,1.79769e+308,16,1.79769e+308,1.79769e+308,17,18,19,21,20,1.79769e+308,18,17,1.79769e+308,15,14,13,1.79769e+308,13,12,13,14,15,14,15,16,17,18,20,19,18,1.79769e+308,16,15,14,13,12,11,1.79769e+308,11,12,1.79769e+308,14,13,14,1.79769e+308,16,1.79769e+308,19,1.79769e+308,17,16,15,1.79769e+308,13,12,11,10,9,10,11,12,1.79769e+308,12,13,14,15,16,18,17,1.79769e+308,15,14,15,14,1.79769e+308,10,9,8,1.79769e+308,1.79769e+308,1.79769e+308,1.79769e+308,11,12,1.79769e+308,14,15,1.79769e+308,16,15,14,13,14,1.79769e+308,10,9,8,7,1.79769e+308,9,8,9,10,11,12,13,14,16,1.79769e+308,14,13,12,13,1.79769e+308,9,8,7,6,1.79769e+308,8,7,8,9,10,11,12,13,15,14,13,1.79769e+308,11,1.79769e+308,9,8,7,6,5,1.79769e+308,1.79769e+308,6,7,8,9,10,11,12,14,13,12,11,10,9,8,7,6,5,4,1.79769e+308,1.79769e+308,5,1.79769e+308,7,8,9,10,11,13,12,11,10,9,8,7,6,1.79769e+308,4,3,2,3,4,5,6,7,8,9,10,14,1.79769e+308,1.79769e+308,9,8,7,6,5,4,3,2,1,2,1.79769e+308,6,7,8,9,10,11,13,12,11,10,9,8,7,6,1.79769e+308,2,1,0,1,1.79769e+308,5,6,7,8,9,10,1.79769e+308,13,1.79769e+308,9,8,7,6,5,4,3,2,1,2,3,4,5,1.79769e+308,1.79769e+308,1.79769e+308,11,1.79769e+308,1.79769e+308,11,10,9,8,7,6,5,4,3,2,3,4,5,6,7,8,9,10,
349
26,25,24,1.79769e+308,1.79769e+308,1.79769e+308,20,21,1.79769e+308,21,20,1.79769e+308,1.79769e+308,1.79769e+308,1.79769e+308,23,24,1.79769e+308,28,27,1.79769e+308,24,23,22,21,1.79769e+308,19,20,21,20,19,20,1.79769e+308,1.79769e+308,21,22,23,1.79769e+308,1.79769e+308,26,24,23,22,21,20,19,18,1.79769e+308,1.79769e+308,19,18,19,20,21,20,1.79769e+308,22,23,24,25,1.79769e+308,1.79769e+308,21,20,19,18,17,16,15,1.79769e+308,17,18,19,20,19,20,21,22,23,24,22,21,20,19,18,17,16,15,14,1.79769e+308,16,17,1.79769e+308,1.79769e+308,18,19,1.79769e+308,21,22,1.79769e+308,23,1.79769e+308,19,18,17,16,15,14,13,14,15,1.79769e+308,1.79769e+308,18,17,18,19,20,1.79769e+308,22,1.79769e+308,19,18,17,16,15,14,13,12,13,14,13,14,1.79769e+308,16,1.79769e+308,1.79769e+308,19,20,21,19,18,1.79769e+308,16,15,1.79769e+308,13,12,11,1.79769e+308,13,12,13,14,15,16,17,18,19,20,18,17,16,1.79769e+308,14,13,12,11,10,9,1.79769e+308,11,12,1.79769e+308,16,15,16,1.79769e+308,18,1.79769e+308,17,1.79769e+308,15,14,13,1.79769e+308,11,10,9,8,9,10,11,12,1.79769e+308,14,15,16,17,18,16,15,1.79769e+308,13,12,13,12,1.79769e+308,8,7,8,1.79769e+308,1.79769e+308,1.79769e+308,1.79769e+308,13,14,1.79769e+308,16,17,1.79769e+308,14,13,12,11,12,1.79769e+308,8,7,6,7,1.79769e+308,11,10,11,12,13,14,15,16,14,1.79769e+308,12,11,10,11,1.79769e+308,7,6,5,6,1.79769e+308,10,9,10,11,12,13,14,15,13,12,11,1.79769e+308,9,1.79769e+308,7,6,5,4,5,1.79769e+308,1.79769e+308,8,9,10,11,12,13,14,12,11,10,9,8,7,6,5,4,3,4,1.79769e+308,1.79769e+308,7,1.79769e+308,9,10,11,12,13,11,10,9,8,7,6,5,4,1.79769e+308,2,3,4,5,6,7,8,9,10,11,12,12,1.79769e+308,1.79769e+308,7,6,5,4,3,2,1,2,3,4,1.79769e+308,8,9,10,11,12,13,11,10,9,8,7,6,5,4,1.79769e+308,0,1,2,3,1.79769e+308,7,8,9,10,11,12,1.79769e+308,11,1.79769e+308,7,6,5,4,3,2,1,2,3,4,5,6,7,1.79769e+308,1.79769e+308,1.79769e+308,13,1.79769e+308,1.79769e+308,9,8,7,6,5,4,3,2,3,4,5,6,7,8,9,10,11,12,
346
23,22,21,1.79769e+308,1.79769e+308,1.79769e+308,21,22,1.79769e+308,22,21,1.79769e+308,1.79769e+308,1.79769e+308,1.79769e+308,26,27,1.79769e+308,31,30,1.79769e+308,21,20,19,18,1.79769e+308,20,21,22,21,20,21,1.79769e+308,1.79769e+308,24,25,26,1.79769e+308,1.79769e+308,29,21,20,19,18,17,18,19,1.79769e+308,1.79769e+308,20,19,20,21,22,23,1.79769e+308,25,26,27,28,1.79769e+308,1.79769e+308,18,17,16,17,18,17,16,1.79769e+308,18,19,20,21,22,23,24,25,26,27,19,18,17,16,15,16,17,16,15,1.79769e+308,17,18,1.79769e+308,1.79769e+308,21,22,1.79769e+308,24,25,1.79769e+308,20,1.79769e+308,16,15,14,15,16,15,14,15,16,1.79769e+308,1.79769e+308,21,20,21,22,23,1.79769e+308,25,1.79769e+308,16,15,14,13,14,15,14,13,14,15,16,17,1.79769e+308,19,1.79769e+308,1.79769e+308,22,23,24,16,15,1.79769e+308,13,12,1.79769e+308,14,13,12,1.79769e+308,16,15,16,17,18,19,20,21,22,23,15,14,13,1.79769e+308,11,12,13,12,11,12,1.79769e+308,14,15,1.79769e+308,19,18,19,1.79769e+308,21,1.79769e+308,14,1.79769e+308,12,11,10,1.79769e+308,12,11,10,11,12,13,14,15,1.79769e+308,17,18,19,20,21,13,12,1.79769e+308,10,9,10,11,1.79769e+308,9,10,11,1.79769e+308,1.79769e+308,1.79769e+308,1.79769e+308,16,17,1.79769e+308,19,20,1.79769e+308,11,10,9,8,9,1.79769e+308,7,8,9,10,1.79769e+308,14,13,14,15,16,17,18,19,11,1.79769e+308,9,8,7,8,1.79769e+308,6,7,8,9,1.79769e+308,13,12,13,14,15,16,17,18,10,9,8,1.79769e+308,6,1.79769e+308,4,5,6,7,8,1.79769e+308,1.79769e+308,11,12,13,14,15,16,17,9,8,7,6,5,4,3,4,5,6,7,1.79769e+308,1.79769e+308,10,1.79769e+308,12,13,14,15,16,8,7,6,5,4,3,2,3,1.79769e+308,5,6,7,8,9,10,11,12,13,14,15,7,1.79769e+308,1.79769e+308,4,3,2,1,2,3,4,5,6,7,1.79769e+308,11,12,13,14,15,16,6,5,4,3,2,1,0,1,1.79769e+308,5,6,7,8,1.79769e+308,10,11,12,13,14,15,1.79769e+308,6,1.79769e+308,4,3,2,1,2,3,4,5,6,7,8,9,10,1.79769e+308,1.79769e+308,1.79769e+308,16,1.79769e+308,1.79769e+308,6,5,4,3,2,3,4,5,6,7,8,9,10,11,12,13,14,15,
345
22,21,20,1.79769e+308,1.79769e+308,1.79769e+308,20,21,1.79769e+308,23,22,1.79769e+308,1.79769e+308,1.79769e+308,1.79769e+308,27,28,1.79769e+308,32,31,1.79769e+308,20,19,18,17,1.79769e+308,19,20,21,22,21,22,1.79769e+308,1.79769e+308,25,26,27,1.79769e+308,1.79769e+308,30,20,19,18,17,16,17,18,1.79769e+308,1.79769e+308,21,20,21,22,23,24,1.79769e+308,26,27,28,29,1.79769e+308,1.79769e+308,17,16,15,16,17,18,17,1.79769e+308,19,20,21,22,23,24,25,26,27,28,18,17,16,15,14,15,16,17,16,1.79769e+308,18,19,1.79769e+308,1.79769e+308,22,23,1.79769e+308,25,26,1.79769e+308,19,1.79769e+308,15,14,13,14,15,16,15,16,17,1.79769e+308,1.79769e+308,22,21,22,23,24,1.79769e+308,26,1.79769e+308,15,14,13,12,13,14,15,14,15,16,17,18,1.79769e+308,20,1.79769e+308,1.79769e+308,23,24,25,15,14,1.79769e+308,12,11,1.79769e+308,13,14,13,1.79769e+308,17,16,17,18,19,20,21,22,23,24,14,13,12,1.79769e+308,10,11,12,13,12,13,1.79769e+308,15,16,1.79769e+308,20,19,20,1.79769e+308,22,1.79769e+308,13,1.79769e+308,11,10,9,1.79769e+308,11,12,11,12,13,14,15,16,1.79769e+308,18,19,20,21,22,12,11,1.79769e+308,9,8,9,10,1.79769e+308,10,11,12,1.79769e+308,1.79769e+308,1.79769e+308,1.79769e+308,17,18,1.79769e+308,20,21,1.79769e+308,10,9,8,7,8,1.79769e+308,8,9,10,11,1.79769e+308,15,14,15,16,17,18,19,20,10,1.79769e+308,8,7,6,7,1.79769e+308,7,8,9,10,1.79769e+308,14,13,14,15,16,17,18,19,9,8,7,1.79769e+308,5,1.79769e+308,5,6,7,8,9,1.79769e+308,1.79769e+308,12,13,14,15,16,17,18,8,7,6,5,4,3,4,5,6,7,8,1.79769e+308,1.79769e+308,11,1.79769e+308,13,14,15,16,17,7,6,5,4,3,2,3,4,1.79769e+308,6,7,8,9,10,11,12,13,14,15,16,6,1.79769e+308,1.79769e+308,3,2,1,2,3,4,5,6,7,8,1.79769e+308,12,13,14,15,16,17,5,4,3,2,1,0,1,2,1.79769e+308,6,7,8,9,1.79769e+308,11,12,13,14,15,16,1.79769e+308,5,1.79769e+308,3,2,1,2,3,4,5,6,7,8,9,10,11,1.79769e+308,1.79769e+308,1.79769e+308,17,1.79769e+308,1.79769e+308,5,4,3,2,3,4,5,6,7,8,9,10,11,12,13,14,15,16,
344
21,20,19,1.79769e+308,1.79769e+308,1.79769e+308,19,20,1.79769e+308,22,23,1.79769e+308,1.79769e+308,1.79769e+308,1.79769e+308,28,29,1.79769e+308,33,32,1.79769e+308,19,18,17,16,1.79769e+308,18,19,20,21,22,23,1.79769e+308,1.79769e+308,26,27,28,1.79769e+308,1.79769e+308,31,19,18,17,16,15,16,17,1.79769e+308,1.79769e+308,22,21,22,23,24,25,1.79769e+308,27,28,29,30,1.79769e+308,1.79769e+308,16,15,14,15,16,17,18,1.79769e+308,20,21,22,23,24,25,26,27,28,29,17,16,15,14,13,14,15,16,17,1.79769e+308,19,20,1.79769e+308,1.79769e+308,23,24,1.79769e+308,26,27,1.79769e+308,18,1.79769e+308,14,13,12,13,14,15,16,17,18,1.79769e+308,1.79769e+308,23,22,23,24,25,1.79769e+308,27,1.79769e+308,14,13,12,11,12,13,14,15,16,17,18,19,1.79769e+308,21,1.79769e+308,1.79769e+308,24,25,26,14,13,1.79769e+308,11,10,1.79769e+308,12,13,14,1.79769e+308,18,17,18,19,20,21,22,23,24,25,13,12,11,1.79769e+308,9,10,11,12,13,14,1.79769e+308,16,17,1.79769e+308,21,20,21,1.79769e+308,23,1.79769e+308,12,1.79769e+308,10,9,8,1.79769e+308,10,11,12,13,14,15,16,17,1.79769e+308,19,20,21,22,23,11,10,1.79769e+308,8,7,8,9,1.79769e+308,11,12,13,1.79769e+308,1.79769e+308,1.79769e+308,1.79769e+308,18,19,1.79769e+308,21,22,1.79769e+308,9,8,7,6,7,1.79769e+308,9,10,11,12,1.79769e+308,16,15,16,17,18,19,20,21,9,1.79769e+308,7,6,5,6,1.79769e+308,8,9,10,11,1.79769e+308,15,14,15,16,17,18,19,20,8,7,6,1.79769e+308,4,1.79769e+308,6,7,8,9,10,1.79769e+308,1.79769e+308,13,14,15,16,17,18,19,7,6,5,4,3,4,5,6,7,8,9,1.79769e+308,1.79769e+308,12,1.79769e+308,14,15,16,17,18,6,5,4,3,2,3,4,5,1.79769e+308,7,8,9,10,11,12,13,14,15,16,17,5,1.79769e+308,1.79769e+308,2,1,2,3,4,5,6,7,8,9,1.79769e+308,13,14,15,16,17,18,4,3,2,1,0,1,2,3,1.79769e+308,7,8,9,10,1.79769e+308,12,13,14,15,16,17,1.79769e+308,4,1.79769e+308,2,1,2,3,4,5,6,7,8,9,10,11,12,1.79769e+308,1.79769e+308,1.79769e+308,18,1.79769e+308,1.79769e+308,4,3,2,3,4,5,6,7,8,9,10,11,12,13,14,15,16,17,
343
22,21,20,1.79769e+308,1.79769e+308,1.79769e+308,20,21,1.79769e+308,23,24,1.79769e+308,1.79769e+308,1.79769e+308,1.79769e+308,29,30,1.79769e+308,34,33,1.79769e+308,20,19,18,17,1.79769e+308,19,20,21,22,23,24,1.79769e+308,1.79769e+308,27,28,29,1.79769e+308,1.79769e+308,32,20,19,18,17,16,17,18,1.79769e+308,1.79769e+308,23,22,23,24,25,26,1.79769e+308,28,29,30,31,1.79769e+308,1.79769e+308,17,16,15,16,17,18,19,1.79769e+308,21,22,23,24,25,26,27,28,29,30,18,17,16,15,14,15,16,17,18,1.79769e+308,20,21,1.79769e+308,1.79769e+308,24,25,1.79769e+308,27,28,1.79769e+308,19,1.79769e+308,15,14,13,14,15,16,17,18,19,1.79769e+308,1.79769e+308,24,23,24,25,26,1.79769e+308,28,1.79769e+308,15,14,13,12,13,14,15,16,17,18,19,20,1.79769e+308,22,1.79769e+308,1.79769e+308,25,26,27,13,14,1.79769e+308,12,11,1.79769e+308,13,14,15,1.79769e+308,19,18,19,20,21,22,23,24,25,26,12,13,12,1.79769e+308,10,11,12,13,14,15,1.79769e+308,17,18,1.79769e+308,22,21,22,1.79769e+308,24,1.79769e+308,11,1.79769e+308,11,10,9,1.79769e+308,11,12,13,14,15,16,17,18,1.79769e+308,20,21,22,23,24,10,9,1.79769e+308,9,8,9,10,1.79769e+308,12,13,14,1.79769e+308,1.79769e+308,1.79769e+308,1.79769e+308,19,20,1.79769e+308,22,23,1.79769e+308,8,7,8,7,8,1.79769e+308,10,11,12,13,1.79769e+308,17,16,17,18,19,20,21,22,8,1.79769e+308,6,7,6,7,1.79769e+308,9,10,11,12,1.79769e+308,16,15,16,17,18,19,20,21,7,6,5,1.79769e+308,5,1.79769e+308,7,8,9,10,11,1.79769e+308,1.79769e+308,14,15,16,17,18,19,20,6,5,4,3,4,5,6,7,8,9,10,1.79769e+308,1.79769e+308,13,1.79769e+308,15,16,17,18,19,5,4,3,2,3,4,5,6,1.79769e+308,8,9,10,11,12,13,14,15,16,17,18,4,1.79769e+308,1.79769e+308,1,2,3,4,5,6,7,8,9,10,1.79769e+308,14,15,16,17,18,19,3,2,1,0,1,2,3,4,1.79769e+308,8,9,10,11,1.79769e+308,13,14,15,16,17,18,1.79769e+308,3,1.79769e+308,1,2,3,4,5,6,7,8,9,10,11,12,13,1.79769e+308,1.79769e+308,1.79769e+308,19,1.79769e+308,1.79769e+308,3,2,3,4,5,6,7,8,9,10,11,12,13,14,15,16,17,18,
342
23,22,21,1.79769e+308,1.79769e+308,1.79769e+308,21,22,1.79769e+308,24,25,1.79769e+308,1.79769e+308,1.79769e+308,1.79769e+308,30,31,1.79769e+308,35,34,1.79769e+308,21,20,19,18,1.79769e+308,20,21,22,23,24,25,1.79769e+308,1.79769e+308,28,29,30,1.79769e+308,1.79769e+308,33,21,20,19,18,17,18,19,1.79769e+308,1.79769e+308,24,23,24,25,26,27,1.79769e+308,29,30,31,32,1.79769e+308,1.79769e+308,18,17,16,17,18,19,20,1.79769e+308,22,23,24,25,26,27,28,29,30,31,19,18,17,16,15,16,17,18,19,1.79769e+308,21,22,1.79769e+308,1.79769e+308,25,26,1.79769e+308,28,29,1.79769e+308,20,1.79769e+308,16,15,14,15,16,17,18,19,20,1.79769e+308,1.79769e+308,25,24,25,26,27,1.79769e+308,29,1.79769e+308,16,15,14,13,14,15,16,17,18,19,20,21,1.79769e+308,23,1.79769e+308,1.79769e+308,26,27,28,14,15,1.79769e+308,13,12,1.79769e+308,14,15,16,1.79769e+308,20,19,20,21,22,23,24,25,26,27,13,14,13,1.79769e+308,11,12,13,14,15,16,1.79769e+308,18,19,1.79769e+308,23,22,23,1.79769e+308,25,1.79769e+308,12,1.79769e+308,12,11,10,1.79769e+308,12,13,14,15,16,17,18,19,1.79769e+308,21,22,23,24,25,11,10,1.79769e+308,10,9,10,11,1.79769e+308,13,14,15,1.79769e+308,1.79769e+308,1.79769e+308,1.79769e+308,20,21,1.79769e+308,23,24,1.79769e+308,9,8,9,8,9,1.79769e+308,11,12,13,14,1.79769e+308,18,17,18,19,20,21,22,23,7,1.79769e+308,7,8,7,8,1.79769e+308,10,11,12,13,1.79769e+308,17,16,17,18,19,20,21,22,6,7,6,1.79769e+308,6,1.79769e+308,8,9,10,11,12,1.79769e+308,1.79769e+308,15,16,17,18,19,20,21,5,6,5,4,5,6,7,8,9,10,11,1.79769e+308,1.79769e+308,14,1.79769e+308,16,17,18,19,20,4,5,4,3,4,5,6,7,1.79769e+308,9,10,11,12,13,14,15,16,17,18,19,3,1.79769e+308,1.79769e+308,2,3,4,5,6,7,8,9,10,11,1.79769e+308,15,16,17,18,19,20,2,1,0,1,2,3,4,5,1.79769e+308,9,10,11,12,1.79769e+308,14,15,16,17,18,19,1.79769e+308,2,1.79769e+308,2,3,4,5,6,7,8,9,10,11,12,13,14,1.79769e+308,1.79769e+308,1.79769e+308,20,1.79769e+308,1.79769e+308,4,3,4,5,6,7,8,9,10,11,12,13,14,15,16,17,18,19,
341
24,23,22,1.79769e+308,1.79769e+308,1.79769e+308,22,23,1.79769e+308,25,26,1.79769e+308,1.79769e+308,1.79769e+308,1.79769e+308,31,32,1.79769e+308,36,35,1.79769e+308,22,21,20,19,1.79769e+308,21,22,23,24,25,26,1.79769e+308,1.79769e+308,29,30,31,1.79769e+308,1.79769e+308,34,22,21,20,19,18,19,20,1.79769e+308,1.79769e+308,25,24,25,26,27,28,1.79769e+308,30,31,32,33,1.79769e+308,1.79769e+308,19,18,17,18,19,20,21,1.79769e+308,23,24,25,26,27,28,29,30,31,32,20,19,18,17,16,17,18,19,20,1.79769e+308,22,23,1.79769e+308,1.79769e+308,26,27,1.79769e+308,29,30,1.79769e+308,21,1.79769e+308,17,16,15,16,17,18,19,20,21,1.79769e+308,1.79769e+308,26,25,26,27,28,1.79769e+308,30,1.79769e+308,17,16,15,14,15,16,17,18,19,20,21,22,1.79769e+308,24,1.79769e+308,1.79769e+308,27,28,29,15,16,1.79769e+308,14,13,1.79769e+308,15,16,17,1.79769e+308,21,20,21,22,23,24,25,26,27,28,14,15,14,1.79769e+308,12,13,14,15,16,17,1.79769e+308,19,20,1.79769e+308,24,23,24,1.79769e+308,26,1.79769e+308,13,1.79769e+308,13,12,11,1.79769e+308,13,14,15,16,17,18,19,20,1.79769e+308,22,23,24,25,26,12,11,1.79769e+308,11,10,11,12,1.79769e+308,14,15,16,1.79769e+308,1.79769e+308,1.79769e+308,1.79769e+308,21,22,1.79769e+308,24,25,1.79769e+308,10,9,10,9,10,1.79769e+308,12,13,14,15,1.79769e+308,19,18,19,20,21,22,23,24,6,1.79769e+308,8,9,8,9,1.79769e+308,11,12,13,14,1.79769e+308,18,17,18,19,20,21,22,23,5,6,7,1.79769e+308,7,1.79769e+308,9,10,11,12,13,1.79769e+308,1.79769e+308,16,17,18,19,20,21,22,4,5,6,5,6,7,8,9,10,11,12,1.79769e+308,1.79769e+308,15,1.79769e+308,17,18,19,20,21,3,4,5,4,5,6,7,8,1.79769e+308,10,11,12,13,14,15,16,17,18,19,20,2,1.79769e+308,1.79769e+308,3,4,5,6,7,8,9,10,11,12,1.79769e+308,16,17,18,19,20,21,1,0,1,2,3,4,5,6,1.79769e+308,10,11,12,13,1.79769e+308,15,16,17,18,19,20,1.79769e+308,1,1.79769e+308,3,4,5,6,7,8,9,10,11,12,13,14,15,1.79769e+308,1.79769e+308,1.79769e+308,21,1.79769e+308,1.79769e+308,5,4,5,6,7,8,9,10,11,12,13,14,15,16,17,18,19,20,
340
25,24,23,1.79769e+308,1.79769e+308,1.79769e+308,23,24,1.79769e+308,26,27,1.79769e+308,1.79769e+308,1.79769e+308,1.79769e+308,32,33,1.79769e+308,37,36,1.79769e+308,23,22,21,20,1.79769e+308,22,23,24,25,26,27,1.79769e+308,1.79769e+308,30,31,32,1.79769e+308,1.79769e+308,35,23,22,21,20,19,20,21,1.79769e+308,1.79769e+308,26,25,26,27,28,29,1.79769e+308,31,32,33,34,1.79769e+308,1.79769e+308,20,19,18,19,20,21,22,1.79769e+308,24,25,26,27,28,29,30,31,32,33,21,20,19,18,17,18,19,20,21,1.79769e+308,23,24,1.79769e+308,1.79769e+308,27,28,1.79769e+308,30,31,1.79769e+308,22,1.79769e+308,18,17,16,17,18,19,20,21,22,1.79769e+308,1.79769e+308,27,26,27,28,29,1.79769e+308,31,1.79769e+308,16,17,16,15,16,17,18,19,20,21,22,23,1.79769e+308,25,1.79769e+308,1.79769e+308,28,29,30,14,15,1.79769e+308,15,14,1.79769e+308,16,17,18,1.79769e+308,22,21,22,23,24,25,26,27,28,29,13,14,13,1.79769e+308,13,14,15,16,17,18,1.79769e+308,20,21,1.79769e+308,25,24,25,1.79769e+308,27,1.79769e+308,12,1.79769e+308,12,11,12,1.79769e+308,14,15,16,17,18,19,20,21,1.79769e+308,23,24,25,26,27,11,10,1.79769e+308,10,11,12,13,1.79769e+308,15,16,17,1.79769e+308,1.79769e+308,1.79769e+308,1.79769e+308,22,23,1.79769e+308,25,26,1.79769e+308,9,8,9,10,11,1.79769e+308,13,14,15,16,1.79769e+308,20,19,20,21,22,23,24,25,5,1.79769e+308,7,8,9,10,1.79769e+308,12,13,14,15,1.79769e+308,19,18,19,20,21,22,23,24,4,5,6,1.79769e+308,8,1.79769e+308,10,11,12,13,14,1.79769e+308,1.79769e+308,17,18,19,20,21,22,23,3,4,5,6,7,8,9,10,11,12,13,1.79769e+308,1.79769e+308,16,1.79769e+308,18,19,20,21,22,2,3,4,5,6,7,8,9,1.79769e+308,11,12,13,14,15,16,17,18,19,20,21,1,1.79769e+308,1.79769e+308,4,5,6,7,8,9,10,11,12,13,1.79769e+308,17,18,19,20,21,22,0,1,2,3,4,5,6,7,1.79769e+308,11,12,13,14,1.79769e+308,16,17,18,19,20,21,1.79769e+308,2,1.79769e+308,4,5,6,7,8,9,10,11,12,13,14,15,16,1.79769e+308,1.79769e+308,1.79769e+308,22,1.79769e+308,1.79769e+308,6,5,6,7,8,9,10,11,12,13,14,15,16,17,18,19,20,21,
339
35,34,33,1.79769e+308,1.79769e+308,1.79769e+308,29,28,1.79769e+308,26,25,1.79769e+308,1.79769e+308,1.79769e+308,1.79769e+308,20,19,1.79769e+308,21,20,1.79769e+308,33,32,31,30,1.79769e+308,28,27,26,25,24,23,1.79769e+308,1.79769e+308,20,19,18,1.79769e+308,1.79769e+308,19,33,32,31,30,29,28,27,1.79769e+308,1.79769e+308,24,23,22,21,20,19,1.79769e+308,17,16,17,18,1.79769e+308,1.79769e+308,30,29,28,27,26,25,24,1.79769e+308,22,21,20,19,18,17,16,15,16,17,31,30,29,28,27,26,25,24,23,1.79769e+308,21,22,1.79769e+308,1.79769e+308,17,16,1.79769e+308,14,15,1.79769e+308,32,1.79769e+308,28,27,26,25,24,23,22,21,20,1.79769e+308,1.79769e+308,17,16,15,14,13,1.79769e+308,13,1.79769e+308,28,27,26,25,24,23,22,21,20,19,18,17,1.79769e+308,15,1.79769e+308,1.79769e+308,12,11,12,28,27,1.79769e+308,25,24,1.79769e+308,22,21,20,1.79769e+308,18,17,16,15,14,13,12,11,10,11,27,26,25,1.79769e+308,23,22,21,20,19,18,1.79769e+308,18,17,1.79769e+308,13,12,11,1.79769e+308,9,1.79769e+308,26,1.79769e+308,24,23,22,1.79769e+308,20,19,18,17,16,17,18,19,1.79769e+308,11,10,9,8,7,25,24,1.79769e+308,22,21,22,21,1.79769e+308,17,16,15,1.79769e+308,1.79769e+308,1.79769e+308,1.79769e+308,10,9,1.79769e+308,7,6,1.79769e+308,23,22,21,20,21,1.79769e+308,17,16,15,14,1.79769e+308,12,11,10,9,8,7,6,5,23,1.79769e+308,21,20,19,20,1.79769e+308,16,15,14,13,1.79769e+308,11,10,9,8,7,6,5,4,22,21,20,1.79769e+308,18,1.79769e+308,16,15,14,13,12,1.79769e+308,1.79769e+308,9,8,7,6,5,4,3,21,20,19,18,17,16,15,14,13,12,11,1.79769e+308,1.79769e+308,8,1.79769e+308,6,5,4,3,2,22,21,20,19,18,17,16,15,1.79769e+308,11,10,9,8,7,6,5,4,3,2,1,23,1.79769e+308,1.79769e+308,18,17,16,15,14,13,12,11,10,9,1.79769e+308,5,4,3,2,1,0,22,21,20,19,18,17,16,15,1.79769e+308,13,12,11,10,1.79769e+308,6,5,4,3,2,1,1.79769e+308,22,1.79769e+308,18,17,16,15,14,13,12,11,10,9,8,7,6,1.79769e+308,1.79769e+308,1.79769e+308,2,1.79769e+308,1.79769e+308,20,19,18,17,16,15,14,13,12,11,10,9,8,7,6,5,4,3,
338
34,33,32,1.79769e+308,1.79769e+308,1.79769e+308,28,27,1.79769e+308,25,24,1.79769e+308,1.79769e+308,1.79769e+308,1.79769e+308,19,18,1.79769e+308,20,19,1.79769e+308,32,31,30,29,1.79769e+308,27,26,25,24,23,22,1.79769e+308,1.79769e+308,19,18,17,1.79769e+308,1.79769e+308,18,32,31,30,29,28,27,26,1.79769e+308,1.79769e+308,23,22,21,20,19,18,1.79769e+308,16,15,16,17,1.79769e+308,1.79769e+308,29,28,27,26,25,24,23,1.79769e+308,21,20,19,18,17,16,15,14,15,16,30,29,28,27,26,25,24,23,22,1.79769e+308,20,21,1.79769e+308,1.79769e+308,16,15,1.79769e+308,13,14,1.79769e+308,31,1.79769e+308,27,26,25,24,23,22,21,20,19,1.79769e+308,1.79769e+308,16,15,14,13,12,1.79769e+308,12,1.79769e+308,27,26,25,24,23,22,21,20,19,18,17,16,1.79769e+308,14,1.79769e+308,1.79769e+308,11,10,11,27,26,1.79769e+308,24,23,1.79769e+308,21,20,19,1.79769e+308,17,16,15,14,13,12,11,10,9,10,26,25,24,1.79769e+308,22,21,20,19,18,17,1.79769e+308,17,16,1.79769e+308,12,11,10,1.79769e+308,8,1.79769e+308,25,1.79769e+308,23,22,21,1.79769e+308,19,18,17,16,15,16,17,18,1.79769e+308,10,9,8,7,8,24,23,1.79769e+308,21,20,21,20,1.79769e+308,16,15,14,1.79769e+308,1.79769e+308,1.79769e+308,1.79769e+308,9,8,1.79769e+308,6,7,1.79769e+308,22,21,20,19,20,1.79769e+308,16,15,14,13,1.79769e+308,11,10,9,8,7,6,5,6,22,1.79769e+308,20,19,18,19,1.79769e+308,15,14,13,12,1.79769e+308,10,9,8,7,6,5,4,5,21,20,19,1.79769e+308,17,1.79769e+308,15,14,13,12,11,1.79769e+308,1.79769e+308,8,7,6,5,4,3,4,20,19,18,17,16,15,14,13,12,11,10,1.79769e+308,1.79769e+308,7,1.79769e+308,5,4,3,2,3,21,20,19,18,17,16,15,14,1.79769e+308,10,9,8,7,6,5,4,3,2,1,2,22,1.79769e+308,1.79769e+308,17,16,15,14,13,12,11,10,9,8,1.79769e+308,4,3,2,1,0,1,21,20,19,18,17,16,15,14,1.79769e+308,12,11,10,9,1.79769e+308,5,4,3,2,1,2,1.79769e+308,21,1.79769e+308,17,16,15,14,13,12,11,10,9,8,7,6,5,1.79769e+308,1.79769e+308,1.79769e+308,3,1.79769e+308,1.79769e+308,19,18,17,16,15,14,13,12,11,10,9,8,7,6,7,6,5,4,
336
32,31,30,1.79769e+308,1.79769e+308,1.79769e+308,26,25,1.79769e+308,23,22,1.79769e+308,1.79769e+308,1.79769e+308,1.79769e+308,19,18,1.79769e+308,20,19,1.79769e+308,30,29,28,27,1.79769e+308,25,24,23,22,21,20,1.79769e+308,1.79769e+308,17,18,17,1.79769e+308,1.79769e+308,18,30,29,28,27,26,25,24,1.79769e+308,1.79769e+308,21,20,19,18,17,16,1.79769e+308,16,15,16,17,1.79769e+308,1.79769e+308,27,26,25,24,23,22,21,1.79769e+308,19,18,17,16,15,16,15,14,15,16,28,27,26,25,24,23,22,21,20,1.79769e+308,18,19,1.79769e+308,1.79769e+308,14,15,1.79769e+308,13,14,1.79769e+308,29,1.79769e+308,25,24,23,22,21,20,19,18,17,1.79769e+308,1.79769e+308,14,13,14,13,12,1.79769e+308,14,1.79769e+308,25,24,23,22,21,20,19,18,17,16,15,14,1.79769e+308,12,1.79769e+308,1.79769e+308,11,12,13,25,24,1.79769e+308,22,21,1.79769e+308,19,18,17,1.79769e+308,15,14,13,12,11,10,9,10,11,12,24,23,22,1.79769e+308,20,19,18,17,16,15,1.79769e+308,15,14,1.79769e+308,10,9,8,1.79769e+308,10,1.79769e+308,23,1.79769e+308,21,20,19,1.79769e+308,17,16,15,14,13,14,15,16,1.79769e+308,8,7,8,9,10,22,21,1.79769e+308,19,18,19,18,1.79769e+308,14,13,12,1.79769e+308,1.79769e+308,1.79769e+308,1.79769e+308,7,6,1.79769e+308,8,9,1.79769e+308,20,19,18,17,18,1.79769e+308,14,13,12,11,1.79769e+308,9,8,7,6,5,6,7,8,20,1.79769e+308,18,17,16,17,1.79769e+308,13,12,11,10,1.79769e+308,8,7,6,5,4,5,6,7,19,18,17,1.79769e+308,15,1.79769e+308,13,12,11,10,9,1.79769e+308,1.79769e+308,6,5,4,3,4,5,6,18,17,16,15,14,13,12,11,10,9,8,1.79769e+308,1.79769e+308,5,1.79769e+308,3,2,3,4,5,19,18,17,16,15,14,13,12,1.79769e+308,8,7,6,5,4,3,2,1,2,3,4,20,1.79769e+308,1.79769e+308,15,14,13,12,11,10,9,8,7,6,1.79769e+308,2,1,0,1,2,3,19,18,17,16,15,14,13,12,1.79769e+308,10,9,8,7,1.79769e+308,3,2,1,2,3,4,1.79769e+308,19,1.79769e+308,15,14,13,12,11,10,9,8,7,6,5,4,3,1.79769e+308,1.79769e+308,1.79769e+308,5,1.79769e+308,1.79769e+308,17,16,15,14,13,12,11,10,9,8,7,6,5,4,5,6,7,6,
335
31,30,29,1.79769e+308,1.79769e+308,1.79769e+308,25,24,1.79769e+308,22,21,1.79769e+308,1.79769e+308,1.79769e+308,1.79769e+308,18,19,1.79769e+308,21,20,1.79769e+308,29,28,27,26,1.79769e+308,24,23,22,21,20,19,1.79769e+308,1.79769e+308,16,17,18,1.79769e+308,1.79769e+308,19,29,28,27,26,25,24,23,1.79769e+308,1.79769e+308,20,19,18,17,16,15,1.79769e+308,17,16,17,18,1.79769e+308,1.79769e+308,26,25,24,23,22,21,20,1.79769e+308,18,17,16,15,14,15,16,15,16,17,27,26,25,24,23,22,21,20,19,1.79769e+308,17,18,1.79769e+308,1.79769e+308,13,14,1.79769e+308,14,15,1.79769e+308,28,1.79769e+308,24,23,22,21,20,19,18,17,16,1.79769e+308,1.79769e+308,13,12,13,14,13,1.79769e+308,15,1.79769e+308,24,23,22,21,20,19,18,17,16,15,14,13,1.79769e+308,11,1.79769e+308,1.79769e+308,12,13,14,24,23,1.79769e+308,21,20,1.79769e+308,18,17,16,1.79769e+308,14,13,12,11,10,9,10,11,12,13,23,22,21,1.79769e+308,19,18,17,16,15,14,1.79769e+308,14,13,1.79769e+308,9,8,9,1.79769e+308,11,1.79769e+308,22,1.79769e+308,20,19,18,1.79769e+308,16,15,14,13,12,13,14,15,1.79769e+308,7,8,9,10,11,21,20,1.79769e+308,18,17,18,17,1.79769e+308,13,12,11,1.79769e+308,1.79769e+308,1.79769e+308,1.79769e+308,6,7,1.79769e+308,9,10,1.79769e+308,19,18,17,16,17,1.79769e+308,13,12,11,10,1.79769e+308,8,7,6,5,6,7,8,9,19,1.79769e+308,17,16,15,16,1.79769e+308,12,11,10,9,1.79769e+308,7,6,5,4,5,6,7,8,18,17,16,1.79769e+308,14,1.79769e+308,12,11,10,9,8,1.79769e+308,1.79769e+308,5,4,3,4,5,6,7,17,16,15,14,13,12,11,10,9,8,7,1.79769e+308,1.79769e+308,4,1.79769e+308,2,3,4,5,6,18,17,16,15,14,13,12,11,1.79769e+308,7,6,5,4,3,2,1,2,3,4,5,19,1.79769e+308,1.79769e+308,14,13,12,11,10,9,8,7,6,5,1.79769e+308,1,0,1,2,3,4,18,17,16,15,14,13,12,11,1.79769e+308,9,8,7,6,1.79769e+308,2,1,2,3,4,5,1.79769e+308,18,1.79769e+308,14,13,12,11,10,9,8,7,6,5,4,3,2,1.79769e+308,1.79769e+308,1.79769e+308,6,1.79769e+308,1.79769e+308,16,15,14,13,12,11,10,9,8,7,6,5,4,3,4,5,6,7,
334
30,29,28,1.79769e+308,1.79769e+308,1.79769e+308,24,25,1.79769e+308,23,22,1.79769e+308,1.79769e+308,1.79769e+308,1.79769e+308,19,20,1.79769e+308,22,21,1.79769e+308,28,27,26,25,1.79769e+308,23,24,23,22,21,20,1.79769e+308,1.79769e+308,17,18,19,1.79769e+308,1.79769e+308,20,28,27,26,25,24,23,22,1.79769e+308,1.79769e+308,21,20,19,18,17,16,1.79769e+308,18,17,18,19,1.79769e+308,1.79769e+308,25,24,23,22,21,20,19,1.79769e+308,19,18,17,16,15,16,17,16,17,18,26,25,24,23,22,21,20,19,18,1.79769e+308,18,19,1.79769e+308,1.79769e+308,14,15,1.79769e+308,15,16,1.79769e+308,27,1.79769e+308,23,22,21,20,19,18,17,18,17,1.79769e+308,1.79769e+308,14,13,14,15,14,1.79769e+308,16,1.79769e+308,23,22,21,20,19,18,17,16,17,16,15,14,1.79769e+308,12,1.79769e+308,1.79769e+308,13,14,15,23,22,1.79769e+308,20,19,1.79769e+308,17,16,15,1.79769e+308,15,14,13,12,11,10,11,12,13,14,22,21,20,1.79769e+308,18,17,16,15,14,13,1.79769e+308,13,14,1.79769e+308,10,9,10,1.79769e+308,12,1.79769e+308,21,1.79769e+308,19,18,17,1.79769e+308,15,14,13,12,11,12,13,14,1.79769e+308,8,9,10,11,12,20,19,1.79769e+308,17,16,17,16,1.79769e+308,12,11,10,1.79769e+308,1.79769e+308,1.79769e+308,1.79769e+308,7,8,1.79769e+308,10,11,1.79769e+308,18,17,16,15,16,1.79769e+308,12,11,10,9,1.79769e+308,7,6,7,6,7,8,9,10,18,1.79769e+308,16,15,14,15,1.79769e+308,11,10,9,8,1.79769e+308,6,5,6,5,6,7,8,9,17,16,15,1.79769e+308,13,1.79769e+308,11,10,9,8,7,1.79769e+308,1.79769e+308,4,5,4,5,6,7,8,16,15,14,13,12,11,10,9,8,7,6,1.79769e+308,1.79769e+308,3,1.79769e+308,3,4,5,6,7,17,16,15,14,13,12,11,10,1.79769e+308,6,5,4,3,2,1,2,3,4,5,6,18,1.79769e+308,1.79769e+308,13,12,11,10,9,8,7,6,5,4,1.79769e+308,0,1,2,3,4,5,17,16,15,14,13,12,11,10,1.79769e+308,8,7,6,5,1.79769e+308,1,2,3,4,5,6,1.79769e+308,17,1.79769e+308,13,12,11,10,9,8,7,6,5,4,3,2,3,1.79769e+308,1.79769e+308,1.79769e+308,7,1.79769e+308,1.79769e+308,15,14,13,12,11,10,9,8,7,6,5,4,3,4,5,6,7,8,
332
28,27,26,1.79769e+308,1.79769e+308,1.79769e+308,22,23,1.79769e+308,21,20,1.79769e+308,1.79769e+308,1.79769e+308,1.79769e+308,21,22,1.79769e+308,24,23,1.79769e+308,26,25,24,23,1.79769e+308,21,22,21,20,19,20,1.79769e+308,1.79769e+308,19,20,21,1.79769e+308,1.79769e+308,22,26,25,24,23,22,21,20,1.79769e+308,1.79769e+308,19,18,19,20,19,18,1.79769e+308,20,19,20,21,1.79769e+308,1.79769e+308,23,22,21,20,19,18,17,1.79769e+308,17,18,19,18,17,18,19,18,19,20,24,23,22,21,20,19,18,17,16,1.79769e+308,16,17,1.79769e+308,1.79769e+308,16,17,1.79769e+308,17,18,1.79769e+308,25,1.79769e+308,21,20,19,18,17,16,15,16,15,1.79769e+308,1.79769e+308,16,15,16,17,16,1.79769e+308,18,1.79769e+308,21,20,19,18,17,16,15,14,15,14,13,14,1.79769e+308,14,1.79769e+308,1.79769e+308,15,16,17,21,20,1.79769e+308,18,17,1.79769e+308,15,14,13,1.79769e+308,13,12,13,14,13,12,13,14,15,16,20,19,18,1.79769e+308,16,15,14,13,12,11,1.79769e+308,11,12,1.79769e+308,12,11,12,1.79769e+308,14,1.79769e+308,19,1.79769e+308,17,16,15,1.79769e+308,13,12,11,10,9,10,11,12,1.79769e+308,10,11,12,13,14,18,17,1.79769e+308,15,14,15,14,1.79769e+308,10,9,8,1.79769e+308,1.79769e+308,1.79769e+308,1.79769e+308,9,10,1.79769e+308,12,13,1.79769e+308,16,15,14,13,14,1.79769e+308,10,9,8,7,1.79769e+308,7,6,7,8,9,10,11,12,16,1.79769e+308,14,13,12,13,1.79769e+308,9,8,7,6,1.79769e+308,6,5,6,7,8,9,10,11,15,14,13,1.79769e+308,11,1.79769e+308,9,8,7,6,5,1.79769e+308,1.79769e+308,4,5,6,7,8,9,10,14,13,12,11,10,9,8,7,6,5,4,1.79769e+308,1.79769e+308,3,1.79769e+308,5,6,7,8,9,13,12,11,10,9,8,7,6,1.79769e+308,4,3,2,1,2,3,4,5,6,7,8,14,1.79769e+308,1.79769e+308,9,8,7,6,5,4,3,2,1,0,1.79769e+308,4,5,6,7,8,9,13,12,11,10,9,8,7,6,1.79769e+308,4,3,2,1,1.79769e+308,5,6,7,8,9,10,1.79769e+308,13,1.79769e+308,11,10,9,8,7,6,5,4,3,2,3,4,5,1.79769e+308,1.79769e+308,1.79769e+308,11,1.79769e+308,1.79769e+308,13,12,11,10,9,8,7,6,5,4,3,4,5,6,7,8,9,10,
331
27,26,25,1.79769e+308,1.79769e+308,1.79769e+308,21,22,1.79769e+308,20,19,1.79769e+308,1.79769e+308,1.79769e+308,1.79769e+308,22,23,1.79769e+308,25,24,1.79769e+308,25,24,23,22,1.79769e+308,20,21,20,19,18,19,1.79769e+308,1.79769e+308,20,21,22,1.79769e+308,1.79769e+308,23,25,24,23,22,21,20,19,1.79769e+308,1.79769e+308,18,17,18,19,20,19,1.79769e+308,21,20,21,22,1.79769e+308,1.79769e+308,22,21,20,19,18,17,16,1.79769e+308,16,17,18,19,18,19,20,19,20,21,23,22,21,20,19,18,17,16,15,1.79769e+308,15,16,1.79769e+308,1.79769e+308,17,18,1.79769e+308,18,19,1.79769e+308,24,1.79769e+308,20,19,18,17,16,15,14,15,14,1.79769e+308,1.79769e+308,17,16,17,18,17,1.79769e+308,19,1.79769e+308,20,19,18,17,16,15,14,13,14,13,12,13,1.79769e+308,15,1.79769e+308,1.79769e+308,16,17,18,20,19,1.79769e+308,17,16,1.79769e+308,14,13,12,1.79769e+308,12,11,12,13,14,13,14,15,16,17,19,18,17,1.79769e+308,15,14,13,12,11,10,1.79769e+308,10,11,1.79769e+308,13,12,13,1.79769e+308,15,1.79769e+308,18,1.79769e+308,16,15,14,1.79769e+308,12,11,10,9,8,9,10,11,1.79769e+308,11,12,13,14,15,17,16,1.79769e+308,14,13,14,13,1.79769e+308,9,8,7,1.79769e+308,1.79769e+308,1.79769e+308,1.79769e+308,10,11,1.79769e+308,13,14,1.79769e+308,15,14,13,12,13,1.79769e+308,9,8,7,6,1.79769e+308,8,7,8,9,10,11,12,13,15,1.79769e+308,13,12,11,12,1.79769e+308,8,7,6,5,1.79769e+308,7,6,7,8,9,10,11,12,14,13,12,1.79769e+308,10,1.79769e+308,8,7,6,5,4,1.79769e+308,1.79769e+308,5,6,7,8,9,10,11,13,12,11,10,9,8,7,6,5,4,3,1.79769e+308,1.79769e+308,4,1.79769e+308,6,7,8,9,10,12,11,10,9,8,7,6,5,1.79769e+308,3,2,1,2,3,4,5,6,7,8,9,13,1.79769e+308,1.79769e+308,8,7,6,5,4,3,2,1,0,1,1.79769e+308,5,6,7,8,9,10,12,11,10,9,8,7,6,5,1.79769e+308,3,2,1,2,1.79769e+308,6,7,8,9,10,11,1.79769e+308,12,1.79769e+308,10,9,8,7,6,5,4,3,2,3,4,5,6,1.79769e+308,1.79769e+308,1.79769e+308,12,1.79769e+308,1.79769e+308,12,11,10,9,8,7,6,5,4,3,4,5,6,7,8,9,10,11,
330
26,25,24,1.79769e+308,1.79769e+308,1.79769e+308,20,21,1.79769e+308,19,18,1.79769e+308,1.79769e+308,1.79769e+308,1.79769e+308,21,22,1.79769e+308,26,25,1.79769e+308,24,23,22,21,1.79769e+308,19,20,19,18,17,18,1.79769e+308,1.79769e+308,19,20,21,1.79769e+308,1.79769e+308,24,24,23,22,21,20,19,18,1.79769e+308,1.79769e+308,17,16,17,18,19,18,1.79769e+308,20,21,22,23,1.79769e+308,1.79769e+308,21,20,19,18,17,16,15,1.79769e+308,15,16,17,18,17,18,19,20,21,22,22,21,20,19,18,17,16,15,14,1.79769e+308,14,15,1.79769e+308,1.79769e+308,16,17,1.79769e+308,19,20,1.79769e+308,23,1.79769e+308,19,18,17,16,15,14,13,14,13,1.79769e+308,1.79769e+308,16,15,16,17,18,1.79769e+308,20,1.79769e+308,19,18,17,16,15,14,13,12,13,12,11,12,1.79769e+308,14,1.79769e+308,1.79769e+308,17,18,19,19,18,1.79769e+308,16,15,1.79769e+308,13,12,11,1.79769e+308,11,10,11,12,13,14,15,16,17,18,18,17,16,1.79769e+308,14,13,12,11,10,9,1.79769e+308,9,10,1.79769e+308,14,13,14,1.79769e+308,16,1.79769e+308,17,1.79769e+308,15,14,13,1.79769e+308,11,10,9,8,7,8,9,10,1.79769e+308,12,13,14,15,16,16,15,1.79769e+308,13,12,13,12,1.79769e+308,8,7,6,1.79769e+308,1.79769e+308,1.79769e+308,1.79769e+308,11,12,1.79769e+308,14,15,1.79769e+308,14,13,12,11,12,1.79769e+308,8,7,6,5,1.79769e+308,9,8,9,10,11,12,13,14,14,1.79769e+308,12,11,10,11,1.79769e+308,7,6,5,4,1.79769e+308,8,7,8,9,10,11,12,13,13,12,11,1.79769e+308,9,1.79769e+308,7,6,5,4,3,1.79769e+308,1.79769e+308,6,7,8,9,10,11,12,12,11,10,9,8,7,6,5,4,3,2,1.79769e+308,1.79769e+308,5,1.79769e+308,7,8,9,10,11,11,10,9,8,7,6,5,4,1.79769e+308,2,1,2,3,4,5,6,7,8,9,10,12,1.79769e+308,1.79769e+308,7,6,5,4,3,2,1,0,1,2,1.79769e+308,6,7,8,9,10,11,11,10,9,8,7,6,5,4,1.79769e+308,2,1,2,3,1.79769e+308,7,8,9,10,11,12,1.79769e+308,11,1.79769e+308,9,8,7,6,5,4,3,2,3,4,5,6,7,1.79769e+308,1.79769e+308,1.79769e+308,13,1.79769e+308,1.79769e+308,11,10,9,8,7,6,5,4,3,4,5,6,7,8,9,10,11,12,
329
25,24,23,1.79769e+308,1.79769e+308,1.79769e+308,19,20,1.79769e+308,20,19,1.79769e+308,1.79769e+308,1.79769e+308,1.79769e+308,22,23,1.79769e+308,27,26,1.79769e+308,23,22,21,20,1.79769e+308,18,19,20,19,18,19,1.79769e+308,1.79769e+308,20,21,22,1.79769e+308,1.79769e+308,25,23,22,21,20,19,18,17,1.79769e+308,1.79769e+308,18,17,18,19,20,19,1.79769e+308,21,22,23,24,1.79769e+308,1.79769e+308,20,19,18,17,16,15,14,1.79769e+308,16,17,18,19,18,19,20,21,22,23,21,20,19,18,17,16,15,14,13,1.79769e+308,15,16,1.79769e+308,1.79769e+308,17,18,1.79769e+308,20,21,1.79769e+308,22,1.79769e+308,18,17,16,15,14,13,12,13,14,1.79769e+308,1.79769e+308,17,16,17,18,19,1.79769e+308,21,1.79769e+308,18,17,16,15,14,13,12,11,12,13,12,13,1.79769e+308,15,1.79769e+308,1.79769e+308,18,19,20,18,17,1.79769e+308,15,14,1.79769e+308,12,11,10,1.79769e+308,12,11,12,13,14,15,16,17,18,19,17,16,15,1.79769e+308,13,12,11,10,9,8,1.79769e+308,10,11,1.79769e+308,15,14,15,1.79769e+308,17,1.79769e+308,16,1.79769e+308,14,13,12,1.79769e+308,10,9,8,7,8,9,10,11,1.79769e+308,13,14,15,16,17,15,14,1.79769e+308,12,11,12,11,1.79769e+308,7,6,7,1.79769e+308,1.79769e+308,1.79769e+308,1.79769e+308,12,13,1.79769e+308,15,16,1.79769e+308,13,12,11,10,11,1.79769e+308,7,6,5,6,1.79769e+308,10,9,10,11,12,13,14,15,13,1.79769e+308,11,10,9,10,1.79769e+308,6,5,4,5,1.79769e+308,9,8,9,10,11,12,13,14,12,11,10,1.79769e+308,8,1.79769e+308,6,5,4,3,4,1.79769e+308,1.79769e+308,7,8,9,10,11,12,13,11,10,9,8,7,6,5,4,3,2,3,1.79769e+308,1.79769e+308,6,1.79769e+308,8,9,10,11,12,10,9,8,7,6,5,4,3,1.79769e+308,1,2,3,4,5,6,7,8,9,10,11,11,1.79769e+308,1.79769e+308,6,5,4,3,2,1,0,1,2,3,1.79769e+308,7,8,9,10,11,12,10,9,8,7,6,5,4,3,1.79769e+308,1,2,3,4,1.79769e+308,8,9,10,11,12,13,1.79769e+308,10,1.79769e+308,8,7,6,5,4,3,2,3,4,5,6,7,8,1.79769e+308,1.79769e+308,1.79769e+308,14,1.79769e+308,1.79769e+308,10,9,8,7,6,5,4,3,4,5,6,7,8,9,10,11,12,13,
328
24,23,22,1.79769e+308,1.79769e+308,1.79769e+308,20,21,1.79769e+308,21,20,1.79769e+308,1.79769e+308,1.79769e+308,1.79769e+308,23,24,1.79769e+308,28,27,1.79769e+308,22,21,20,19,1.79769e+308,19,20,21,20,19,20,1.79769e+308,1.79769e+308,21,22,23,1.79769e+308,1.79769e+308,26,22,21,20,19,18,19,18,1.79769e+308,1.79769e+308,19,18,19,20,21,20,1.79769e+308,22,23,24,25,1.79769e+308,1.79769e+308,19,18,17,18,17,16,15,1.79769e+308,17,18,19,20,19,20,21,22,23,24,20,19,18,17,16,17,16,15,14,1.79769e+308,16,17,1.79769e+308,1.79769e+308,18,19,1.79769e+308,21,22,1.79769e+308,21,1.79769e+308,17,16,15,16,15,14,13,14,15,1.79769e+308,1.79769e+308,18,17,18,19,20,1.79769e+308,22,1.79769e+308,17,16,15,14,15,14,13,12,13,14,13,14,1.79769e+308,16,1.79769e+308,1.79769e+308,19,20,21,17,16,1.79769e+308,14,13,1.79769e+308,13,12,11,1.79769e+308,13,12,13,14,15,16,17,18,19,20,16,15,14,1.79769e+308,12,13,12,11,10,9,1.79769e+308,11,12,1.79769e+308,16,15,16,1.79769e+308,18,1.79769e+308,15,1.79769e+308,13,12,11,1.79769e+308,11,10,9,8,9,10,11,12,1.79769e+308,14,15,16,17,18,14,13,1.79769e+308,11,10,11,12,1.79769e+308,8,7,8,1.79769e+308,1.79769e+308,1.79769e+308,1.79769e+308,13,14,1.79769e+308,16,17,1.79769e+308,12,11,10,9,10,1.79769e+308,6,7,6,7,1.79769e+308,11,10,11,12,13,14,15,16,12,1.79769e+308,10,9,8,9,1.79769e+308,5,6,5,6,1.79769e+308,10,9,10,11,12,13,14,15,11,10,9,1.79769e+308,7,1.79769e+308,5,4,5,4,5,1.79769e+308,1.79769e+308,8,9,10,11,12,13,14,10,9,8,7,6,5,4,3,4,3,4,1.79769e+308,1.79769e+308,7,1.79769e+308,9,10,11,12,13,9,8,7,6,5,4,3,2,1.79769e+308,2,3,4,5,6,7,8,9,10,11,12,10,1.79769e+308,1.79769e+308,5,4,3,2,1,0,1,2,3,4,1.79769e+308,8,9,10,11,12,13,9,8,7,6,5,4,3,2,1.79769e+308,2,3,4,5,1.79769e+308,9,10,11,12,13,14,1.79769e+308,9,1.79769e+308,7,6,5,4,3,4,3,4,5,6,7,8,9,1.79769e+308,1.79769e+308,1.79769e+308,15,1.79769e+308,1.79769e+308,9,8,7,6,5,4,5,4,5,6,7,8,9,10,11,12,13,14,
326
22,21,20,1.79769e+308,1.79769e+308,1.79769e+308,20,21,1.79769e+308,21,20,1.79769e+308,1.79769e+308,1.79769e+308,1.79769e+308,25,26,1.79769e+308,30,29,1.79769e+308,20,19,18,17,1.79769e+308,19,20,21,20,19,20,1.79769e+308,1.79769e+308,23,24,25,1.79769e+308,1.79769e+308,28,20,19,18,17,16,17,18,1.79769e+308,1.79769e+308,19,18,19,20,21,22,1.79769e+308,24,25,26,27,1.79769e+308,1.79769e+308,17,16,15,16,17,16,15,1.79769e+308,17,18,19,20,21,22,23,24,25,26,18,17,16,15,14,15,16,15,14,1.79769e+308,16,17,1.79769e+308,1.79769e+308,20,21,1.79769e+308,23,24,1.79769e+308,19,1.79769e+308,15,14,13,14,15,14,13,14,15,1.79769e+308,1.79769e+308,20,19,20,21,22,1.79769e+308,24,1.79769e+308,15,14,13,12,13,14,13,12,13,14,15,16,1.79769e+308,18,1.79769e+308,1.79769e+308,21,22,23,15,14,1.79769e+308,12,11,1.79769e+308,13,12,11,1.79769e+308,15,14,15,16,17,18,19,20,21,22,14,13,12,1.79769e+308,10,11,12,11,10,11,1.79769e+308,13,14,1.79769e+308,18,17,18,1.79769e+308,20,1.79769e+308,13,1.79769e+308,11,10,9,1.79769e+308,11,10,9,10,11,12,13,14,1.79769e+308,16,17,18,19,20,12,11,1.79769e+308,9,8,9,10,1.79769e+308,8,9,10,1.79769e+308,1.79769e+308,1.79769e+308,1.79769e+308,15,16,1.79769e+308,18,19,1.79769e+308,10,9,8,7,8,1.79769e+308,6,7,8,9,1.79769e+308,13,12,13,14,15,16,17,18,10,1.79769e+308,8,7,6,7,1.79769e+308,5,6,7,8,1.79769e+308,12,11,12,13,14,15,16,17,9,8,7,1.79769e+308,5,1.79769e+308,3,4,5,6,7,1.79769e+308,1.79769e+308,10,11,12,13,14,15,16,8,7,6,5,4,3,2,3,4,5,6,1.79769e+308,1.79769e+308,9,1.79769e+308,11,12,13,14,15,7,6,5,4,3,2,1,2,1.79769e+308,4,5,6,7,8,9,10,11,12,13,14,8,1.79769e+308,1.79769e+308,3,2,1,0,1,2,3,4,5,6,1.79769e+308,10,11,12,13,14,15,7,6,5,4,3,2,1,2,1.79769e+308,4,5,6,7,1.79769e+308,11,12,13,14,15,16,1.79769e+308,7,1.79769e+308,5,4,3,2,3,4,5,6,7,8,9,10,11,1.79769e+308,1.79769e+308,1.79769e+308,17,1.79769e+308,1.79769e+308,7,6,5,4,3,4,5,6,7,8,9,10,11,12,13,14,15,16,
324
20,19,18,1.79769e+308,1.79769e+308,1.79769e+308,18,19,1.79769e+308,21,22,1.79769e+308,1.79769e+308,1.79769e+308,1.79769e+308,27,28,1.79769e+308,32,31,1.79769e+308,18,17,16,15,1.79769e+308,17,18,19,20,21,22,1.79769e+308,1.79769e+308,25,26,27,1.79769e+308,1.79769e+308,30,18,17,16,15,14,15,16,1.79769e+308,1.79769e+308,21,20,21,22,23,24,1.79769e+308,26,27,28,29,1.79769e+308,1.79769e+308,15,14,13,14,15,16,17,1.79769e+308,19,20,21,22,23,24,25,26,27,28,16,15,14,13,12,13,14,15,16,1.79769e+308,18,19,1.79769e+308,1.79769e+308,22,23,1.79769e+308,25,26,1.79769e+308,17,1.79769e+308,13,12,11,12,13,14,15,16,17,1.79769e+308,1.79769e+308,22,21,22,23,24,1.79769e+308,26,1.79769e+308,13,12,11,10,11,12,13,14,15,16,17,18,1.79769e+308,20,1.79769e+308,1.79769e+308,23,24,25,13,12,1.79769e+308,10,9,1.79769e+308,11,12,13,1.79769e+308,17,16,17,18,19,20,21,22,23,24,12,11,10,1.79769e+308,8,9,10,11,12,13,1.79769e+308,15,16,1.79769e+308,20,19,20,1.79769e+308,22,1.79769e+308,11,1.79769e+308,9,8,7,1.79769e+308,9,10,11,12,13,14,15,16,1.79769e+308,18,19,20,21,22,10,9,1.79769e+308,7,6,7,8,1.79769e+308,10,11,12,1.79769e+308,1.79769e+308,1.79769e+308,1.79769e+308,17,18,1.79769e+308,20,21,1.79769e+308,8,7,6,5,6,1.79769e+308,8,9,10,11,1.79769e+308,15,14,15,16,17,18,19,20,8,1.79769e+308,6,5,4,5,1.79769e+308,7,8,9,10,1.79769e+308,14,13,14,15,16,17,18,19,7,6,5,1.79769e+308,3,1.79769e+308,5,6,7,8,9,1.79769e+308,1.79769e+308,12,13,14,15,16,17,18,6,5,4,3,2,3,4,5,6,7,8,1.79769e+308,1.79769e+308,11,1.79769e+308,13,14,15,16,17,5,4,3,2,1,2,3,4,1.79769e+308,6,7,8,9,10,11,12,13,14,15,16,6,1.79769e+308,1.79769e+308,1,0,1,2,3,4,5,6,7,8,1.79769e+308,12,13,14,15,16,17,5,4,3,2,1,2,3,4,1.79769e+308,6,7,8,9,1.79769e+308,13,14,15,16,17,18,1.79769e+308,5,1.79769e+308,3,2,3,4,5,6,7,8,9,10,11,12,13,1.79769e+308,1.79769e+308,1.79769e+308,19,1.79769e+308,1.79769e+308,5,4,3,4,5,6,7,8,9,10,11,12,13,14,15,16,17,18,
323
21,20,19,1.79769e+308,1.79769e+308,1.79769e+308,19,20,1.79769e+308,22,23,1.79769e+308,1.79769e+308,1.79769e+308,1.79769e+308,28,29,1.79769e+308,33,32,1.79769e+308,19,18,17,16,1.79769e+308,18,19,20,21,22,23,1.79769e+308,1.79769e+308,26,27,28,1.79769e+308,1.79769e+308,31,19,18,17,16,15,16,17,1.79769e+308,1.79769e+308,22,21,22,23,24,25,1.79769e+308,27,28,29,30,1.79769e+308,1.79769e+308,16,15,14,15,16,17,18,1.79769e+308,20,21,22,23,24,25,26,27,28,29,17,16,15,14,13,14,15,16,17,1.79769e+308,19,20,1.79769e+308,1.79769e+308,23,24,1.79769e+308,26,27,1.79769e+308,18,1.79769e+308,14,13,12,13,14,15,16,17,18,1.79769e+308,1.79769e+308,23,22,23,24,25,1.79769e+308,27,1.79769e+308,14,13,12,11,12,13,14,15,16,17,18,19,1.79769e+308,21,1.79769e+308,1.79769e+308,24,25,26,12,13,1.79769e+308,11,10,1.79769e+308,12,13,14,1.79769e+308,18,17,18,19,20,21,22,23,24,25,11,12,11,1.79769e+308,9,10,11,12,13,14,1.79769e+308,16,17,1.79769e+308,21,20,21,1.79769e+308,23,1.79769e+308,10,1.79769e+308,10,9,8,1.79769e+308,10,11,12,13,14,15,16,17,1.79769e+308,19,20,21,22,23,9,8,1.79769e+308,8,7,8,9,1.79769e+308,11,12,13,1.79769e+308,1.79769e+308,1.79769e+308,1.79769e+308,18,19,1.79769e+308,21,22,1.79769e+308,7,6,7,6,7,1.79769e+308,9,10,11,12,1.79769e+308,16,15,16,17,18,19,20,21,7,1.79769e+308,5,6,5,6,1.79769e+308,8,9,10,11,1.79769e+308,15,14,15,16,17,18,19,20,6,5,4,1.79769e+308,4,1.79769e+308,6,7,8,9,10,1.79769e+308,1.79769e+308,13,14,15,16,17,18,19,5,4,3,2,3,4,5,6,7,8,9,1.79769e+308,1.79769e+308,12,1.79769e+308,14,15,16,17,18,4,3,2,1,2,3,4,5,1.79769e+308,7,8,9,10,11,12,13,14,15,16,17,5,1.79769e+308,1.79769e+308,0,1,2,3,4,5,6,7,8,9,1.79769e+308,13,14,15,16,17,18,4,3,2,1,2,3,4,5,1.79769e+308,7,8,9,10,1.79769e+308,14,15,16,17,18,19,1.79769e+308,4,1.79769e+308,2,3,4,5,6,7,8,9,10,11,12,13,14,1.79769e+308,1.79769e+308,1.79769e+308,20,1.79769e+308,1.79769e+308,4,3,4,5,6,7,8,9,10,11,12,13,14,15,16,17,18,19,
320
24,23,22,1.79769e+308,1.79769e+308,1.79769e+308,22,23,1.79769e+308,25,26,1.79769e+308,1.79769e+308,1.79769e+308,1.79769e+308,31,32,1.79769e+308,36,35,1.79769e+308,22,21,20,19,1.79769e+308,21,22,23,24,25,26,1.79769e+308,1.79769e+308,29,30,31,1.79769e+308,1.79769e+308,34,22,21,20,19,18,19,20,1.79769e+308,1.79769e+308,25,24,25,26,27,28,1.79769e+308,30,31,32,33,1.79769e+308,1.79769e+308,19,18,17,18,19,20,21,1.79769e+308,23,24,25,26,27,28,29,30,31,32,20,19,18,17,16,17,18,19,20,1.79769e+308,22,23,1.79769e+308,1.79769e+308,26,27,1.79769e+308,29,30,1.79769e+308,21,1.79769e+308,17,16,15,16,17,18,19,20,21,1.79769e+308,1.79769e+308,26,25,26,27,28,1.79769e+308,30,1.79769e+308,15,16,15,14,15,16,17,18,19,20,21,22,1.79769e+308,24,1.79769e+308,1.79769e+308,27,28,29,13,14,1.79769e+308,14,13,1.79769e+308,15,16,17,1.79769e+308,21,20,21,22,23,24,25,26,27,28,12,13,12,1.79769e+308,12,13,14,15,16,17,1.79769e+308,19,20,1.79769e+308,24,25,26,1.79769e+308,28,1.79769e+308,11,1.79769e+308,11,10,11,1.79769e+308,13,14,15,16,17,18,19,20,1.79769e+308,24,25,26,27,28,10,9,1.79769e+308,9,10,11,12,1.79769e+308,14,15,16,1.79769e+308,1.79769e+308,1.79769e+308,1.79769e+308,23,24,1.79769e+308,26,27,1.79769e+308,8,7,8,9,10,1.79769e+308,12,13,14,15,1.79769e+308,21,20,21,22,23,24,25,26,4,1.79769e+308,6,7,8,9,1.79769e+308,11,12,13,14,1.79769e+308,20,19,20,21,22,23,24,25,3,4,5,1.79769e+308,7,1.79769e+308,9,10,11,12,13,1.79769e+308,1.79769e+308,18,19,20,21,22,23,24,2,3,4,5,6,7,8,9,10,11,12,1.79769e+308,1.79769e+308,17,1.79769e+308,19,20,21,22,23,1,2,3,4,5,6,7,8,1.79769e+308,12,13,14,15,16,17,18,19,20,21,22,0,1.79769e+308,1.79769e+308,5,6,7,8,9,10,11,12,13,14,1.79769e+308,18,19,20,21,22,23,1,2,3,4,5,6,7,8,1.79769e+308,12,13,14,15,1.79769e+308,17,18,19,20,21,22,1.79769e+308,3,1.79769e+308,5,6,7,8,9,10,11,12,13,14,15,16,17,1.79769e+308,1.79769e+308,1.79769e+308,23,1.79769e+308,1.79769e+308,7,6,7,8,9,10,11,12,13,14,15,16,17,18,19,20,21,22,
319
34,33,32,1.79769e+308,1.79769e+308,1.79769e+308,28,27,1.79769e+308,25,24,1.79769e+308,1.79769e+308,1.79769e+308,1.79769e+308,19,18,1.79769e+308,20,19,1.79769e+308,32,31,30,29,1.79769e+308,27,26,25,24,23,22,1.79769e+308,1.79769e+308,19,18,17,1.79769e+308,1.79769e+308,18,32,31,30,29,28,27,26,1.79769e+308,1.79769e+308,23,22,21,20,19,18,1.79769e+308,16,15,16,17,1.79769e+308,1.79769e+308,29,28,27,26,25,24,23,1.79769e+308,21,20,19,18,17,16,15,14,15,16,30,29,28,27,26,25,24,23,22,1.79769e+308,20,21,1.79769e+308,1.79769e+308,16,15,1.79769e+308,13,14,1.79769e+308,31,1.79769e+308,27,26,25,24,23,22,21,20,19,1.79769e+308,1.79769e+308,16,15,14,13,12,1.79769e+308,12,1.79769e+308,27,26,25,24,23,22,21,20,19,18,17,16,1.79769e+308,14,1.79769e+308,1.79769e+308,11,10,11,27,26,1.79769e+308,24,23,1.79769e+308,21,20,19,1.79769e+308,17,16,15,14,13,12,11,10,9,10,26,25,24,1.79769e+308,22,21,20,19,18,17,1.79769e+308,17,16,1.79769e+308,12,11,10,1.79769e+308,8,1.79769e+308,25,1.79769e+308,23,22,21,1.79769e+308,19,18,17,16,15,16,17,18,1.79769e+308,10,9,8,7,6,24,23,1.79769e+308,21,20,21,20,1.79769e+308,16,15,14,1.79769e+308,1.79769e+308,1.79769e+308,1.79769e+308,9,8,1.79769e+308,6,5,1.79769e+308,22,21,20,19,20,1.79769e+308,16,15,14,13,1.79769e+308,11,10,9,8,7,6,5,4,22,1.79769e+308,20,19,18,19,1.79769e+308,15,14,13,12,1.79769e+308,10,9,8,7,6,5,4,3,21,20,19,1.79769e+308,17,1.79769e+308,15,14,13,12,11,1.79769e+308,1.79769e+308,8,7,6,5,4,3,2,20,19,18,17,16,15,14,13,12,11,10,1.79769e+308,1.79769e+308,7,1.79769e+308,5,4,3,2,1,21,20,19,18,17,16,15,14,1.79769e+308,10,9,8,7,6,5,4,3,2,1,0,22,1.79769e+308,1.79769e+308,17,16,15,14,13,12,11,10,9,8,1.79769e+308,6,5,4,3,2,1,21,20,19,18,17,16,15,14,1.79769e+308,12,11,10,9,1.79769e+308,7,6,5,4,3,2,1.79769e+308,21,1.79769e+308,19,18,17,16,15,14,13,12,11,10,9,8,7,1.79769e+308,1.79769e+308,1.79769e+308,3,1.79769e+308,1.79769e+308,21,20,19,18,17,16,15,14,13,12,11,10,9,8,7,6,5,4,
318
33,32,31,1.79769e+308,1.79769e+308,1.79769e+308,27,26,1.79769e+308,24,23,1.79769e+308,1.79769e+308,1.79769e+308,1.79769e+308,18,17,1.79769e+308,19,18,1.79769e+308,31,30,29,28,1.79769e+308,26,25,24,23,22,21,1.79769e+308,1.79769e+308,18,17,16,1.79769e+308,1.79769e+308,17,31,30,29,28,27,26,25,1.79769e+308,1.79769e+308,22,21,20,19,18,17,1.79769e+308,15,14,15,16,1.79769e+308,1.79769e+308,28,27,26,25,24,23,22,1.79769e+308,20,19,18,17,16,15,14,13,14,15,29,28,27,26,25,24,23,22,21,1.79769e+308,19,20,1.79769e+308,1.79769e+308,15,14,1.79769e+308,12,13,1.79769e+308,30,1.79769e+308,26,25,24,23,22,21,20,19,18,1.79769e+308,1.79769e+308,15,14,13,12,11,1.79769e+308,11,1.79769e+308,26,25,24,23,22,21,20,19,18,17,16,15,1.79769e+308,13,1.79769e+308,1.79769e+308,10,9,10,26,25,1.79769e+308,23,22,1.79769e+308,20,19,18,1.79769e+308,16,15,14,13,12,11,10,9,8,9,25,24,23,1.79769e+308,21,20,19,18,17,16,1.79769e+308,16,15,1.79769e+308,11,10,9,1.79769e+308,7,1.79769e+308,24,1.79769e+308,22,21,20,1.79769e+308,18,17,16,15,14,15,16,17,1.79769e+308,9,8,7,6,7,23,22,1.79769e+308,20,19,20,19,1.79769e+308,15,14,13,1.79769e+308,1.79769e+308,1.79769e+308,1.79769e+308,8,7,1.79769e+308,5,6,1.79769e+308,21,20,19,18,19,1.79769e+308,15,14,13,12,1.79769e+308,10,9,8,7,6,5,4,5,21,1.79769e+308,19,18,17,18,1.79769e+308,14,13,12,11,1.79769e+308,9,8,7,6,5,4,3,4,20,19,18,1.79769e+308,16,1.79769e+308,14,13,12,11,10,1.79769e+308,1.79769e+308,7,6,5,4,3,2,3,19,18,17,16,15,14,13,12,11,10,9,1.79769e+308,1.79769e+308,6,1.79769e+308,4,3,2,1,2,20,19,18,17,16,15,14,13,1.79769e+308,9,8,7,6,5,4,3,2,1,0,1,21,1.79769e+308,1.79769e+308,16,15,14,13,12,11,10,9,8,7,1.79769e+308,5,4,3,2,1,2,20,19,18,17,16,15,14,13,1.79769e+308,11,10,9,8,1.79769e+308,6,5,4,3,2,3,1.79769e+308,20,1.79769e+308,18,17,16,15,14,13,12,11,10,9,8,7,6,1.79769e+308,1.79769e+308,1.79769e+308,4,1.79769e+308,1.79769e+308,20,19,18,17,16,15,14,13,12,11,10,9,8,7,8,7,6,5,
317
32,31,30,1.79769e+308,1.79769e+308,1.79769e+308,26,25,1.79769e+308,23,22,1.79769e+308,1.79769e+308,1.79769e+308,1.79769e+308,19,18,1.79769e+308,20,19,1.79769e+308,30,29,28,27,1.79769e+308,25,24,23,22,21,20,1.79769e+308,1.79769e+308,17,18,17,1.79769e+308,1.79769e+308,18,30,29,28,27,26,25,24,1.79769e+308,1.79769e+308,21,20,19,18,17,16,1.79769e+308,16,15,16,17,1.79769e+308,1.79769e+308,27,26,25,24,23,22,21,1.79769e+308,19,18,17,16,15,16,15,14,15,16,28,27,26,25,24,23,22,21,20,1.79769e+308,18,19,1.79769e+308,1.79769e+308,14,15,1.79769e+308,13,14,1.79769e+308,29,1.79769e+308,25,24,23,22,21,20,19,18,17,1.79769e+308,1.79769e+308,14,13,14,13,12,1.79769e+308,12,1.79769e+308,25,24,23,22,21,20,19,18,17,16,15,14,1.79769e+308,12,1.79769e+308,1.79769e+308,11,10,11,25,24,1.79769e+308,22,21,1.79769e+308,19,18,17,1.79769e+308,15,14,13,12,11,10,9,10,9,10,24,23,22,1.79769e+308,20,19,18,17,16,15,1.79769e+308,15,14,1.79769e+308,10,9,8,1.79769e+308,8,1.79769e+308,23,1.79769e+308,21,20,19,1.79769e+308,17,16,15,14,13,14,15,16,1.79769e+308,8,7,8,7,8,22,21,1.79769e+308,19,18,19,18,1.79769e+308,14,13,12,1.79769e+308,1.79769e+308,1.79769e+308,1.79769e+308,7,6,1.79769e+308,6,7,1.79769e+308,20,19,18,17,18,1.79769e+308,14,13,12,11,1.79769e+308,9,8,7,6,5,4,5,6,20,1.79769e+308,18,17,16,17,1.79769e+308,13,12,11,10,1.79769e+308,8,7,6,5,4,3,4,5,19,18,17,1.79769e+308,15,1.79769e+308,13,12,11,10,9,1.79769e+308,1.79769e+308,6,5,4,3,2,3,4,18,17,16,15,14,13,12,11,10,9,8,1.79769e+308,1.79769e+308,5,1.79769e+308,3,2,1,2,3,19,18,17,16,15,14,13,12,1.79769e+308,8,7,6,5,4,3,2,1,0,1,2,20,1.79769e+308,1.79769e+308,15,14,13,12,11,10,9,8,7,6,1.79769e+308,4,3,2,1,2,3,19,18,17,16,15,14,13,12,1.79769e+308,10,9,8,7,1.79769e+308,5,4,3,2,3,4,1.79769e+308,19,1.79769e+308,17,16,15,14,13,12,11,10,9,8,7,6,5,1.79769e+308,1.79769e+308,1.79769e+308,5,1.79769e+308,1.79769e+308,19,18,17,16,15,14,13,12,11,10,9,8,7,6,7,8,7,6,
316
31,30,29,1.79769e+308,1.79769e+308,1.79769e+308,25,24,1.79769e+308,22,21,1.79769e+308,1.79769e+308,1.79769e+308,1.79769e+308,18,17,1.79769e+308,19,18,1.79769e+308,29,28,27,26,1.79769e+308,24,23,22,21,20,19,1.79769e+308,1.79769e+308,16,17,16,1.79769e+308,1.79769e+308,17,29,28,27,26,25,24,23,1.79769e+308,1.79769e+308,20,19,18,17,16,15,1.79769e+308,15,14,15,16,1.79769e+308,1.79769e+308,26,25,24,23,22,21,20,1.79769e+308,18,17,16,15,14,15,14,13,14,15,27,26,25,24,23,22,21,20,19,1.79769e+308,17,18,1.79769e+308,1.79769e+308,13,14,1.79769e+308,12,13,1.79769e+308,28,1.79769e+308,24,23,22,21,20,19,18,17,16,1.79769e+308,1.79769e+308,13,12,13,12,11,1.79769e+308,13,1.79769e+308,24,23,22,21,20,19,18,17,16,15,14,13,1.79769e+308,11,1.79769e+308,1.79769e+308,10,11,12,24,23,1.79769e+308,21,20,1.79769e+308,18,17,16,1.79769e+308,14,13,12,11,10,9,8,9,10,11,23,22,21,1.79769e+308,19,18,17,16,15,14,1.79769e+308,14,13,1.79769e+308,9,8,7,1.79769e+308,9,1.79769e+308,22,1.79769e+308,20,19,18,1.79769e+308,16,15,14,13,12,13,14,15,1.79769e+308,7,6,7,8,9,21,20,1.79769e+308,18,17,18,17,1.79769e+308,13,12,11,1.79769e+308,1.79769e+308,1.79769e+308,1.79769e+308,6,5,1.79769e+308,7,8,1.79769e+308,19,18,17,16,17,1.79769e+308,13,12,11,10,1.79769e+308,8,7,6,5,4,5,6,7,19,1.79769e+308,17,16,15,16,1.79769e+308,12,11,10,9,1.79769e+308,7,6,5,4,3,4,5,6,18,17,16,1.79769e+308,14,1.79769e+308,12,11,10,9,8,1.79769e+308,1.79769e+308,5,4,3,2,3,4,5,17,16,15,14,13,12,11,10,9,8,7,1.79769e+308,1.79769e+308,4,1.79769e+308,2,1,2,3,4,18,17,16,15,14,13,12,11,1.79769e+308,7,6,5,4,3,2,1,0,1,2,3,19,1.79769e+308,1.79769e+308,14,13,12,11,10,9,8,7,6,5,1.79769e+308,3,2,1,2,3,4,18,17,16,15,14,13,12,11,1.79769e+308,9,8,7,6,1.79769e+308,4,3,2,3,4,5,1.79769e+308,18,1.79769e+308,16,15,14,13,12,11,10,9,8,7,6,5,4,1.79769e+308,1.79769e+308,1.79769e+308,6,1.79769e+308,1.79769e+308,18,17,16,15,14,13,12,11,10,9,8,7,6,5,6,7,8,7,
315
30,29,28,1.79769e+308,1.79769e+308,1.79769e+308,24,23,1.79769e+308,21,20,1.79769e+308,1.79769e+308,1.79769e+308,1.79769e+308,17,18,1.79769e+308,20,19,1.79769e+308,28,27,26,25,1.79769e+308,23,22,21,20,19,18,1.79769e+308,1.79769e+308,15,16,17,1.79769e+308,1.79769e+308,18,28,27,26,25,24,23,22,1.79769e+308,1.79769e+308,19,18,17,16,15,14,1.79769e+308,16,15,16,17,1.79769e+308,1.79769e+308,25,24,23,22,21,20,19,1.79769e+308,17,16,15,14,13,14,15,14,15,16,26,25,24,23,22,21,20,19,18,1.79769e+308,16,17,1.79769e+308,1.79769e+308,12,13,1.79769e+308,13,14,1.79769e+308,27,1.79769e+308,23,22,21,20,19,18,17,16,15,1.79769e+308,1.79769e+308,12,11,12,13,12,1.79769e+308,14,1.79769e+308,23,22,21,20,19,18,17,16,15,14,13,12,1.79769e+308,10,1.79769e+308,1.79769e+308,11,12,13,23,22,1.79769e+308,20,19,1.79769e+308,17,16,15,1.79769e+308,13,12,11,10,9,8,9,10,11,12,22,21,20,1.79769e+308,18,17,16,15,14,13,1.79769e+308,13,12,1.79769e+308,8,7,8,1.79769e+308,10,1.79769e+308,21,1.79769e+308,19,18,17,1.79769e+308,15,14,13,12,11,12,13,14,1.79769e+308,6,7,8,9,10,20,19,1.79769e+308,17,16,17,16,1.79769e+308,12,11,10,1.79769e+308,1.79769e+308,1.79769e+308,1.79769e+308,5,6,1.79769e+308,8,9,1.79769e+308,18,17,16,15,16,1.79769e+308,12,11,10,9,1.79769e+308,7,6,5,4,5,6,7,8,18,1.79769e+308,16,15,14,15,1.79769e+308,11,10,9,8,1.79769e+308,6,5,4,3,4,5,6,7,17,16,15,1.79769e+308,13,1.79769e+308,11,10,9,8,7,1.79769e+308,1.79769e+308,4,3,2,3,4,5,6,16,15,14,13,12,11,10,9,8,7,6,1.79769e+308,1.79769e+308,3,1.79769e+308,1,2,3,4,5,17,16,15,14,13,12,11,10,1.79769e+308,6,5,4,3,2,1,0,1,2,3,4,18,1.79769e+308,1.79769e+308,13,12,11,10,9,8,7,6,5,4,1.79769e+308,2,1,2,3,4,5,17,16,15,14,13,12,11,10,1.79769e+308,8,7,6,5,1.79769e+308,3,2,3,4,5,6,1.79769e+308,17,1.79769e+308,15,14,13,12,11,10,9,8,7,6,5,4,3,1.79769e+308,1.79769e+308,1.79769e+308,7,1.79769e+308,1.79769e+308,17,16,15,14,13,12,11,10,9,8,7,6,5,4,5,6,7,8,
314
29,28,27,1.79769e+308,1.79769e+308,1.79769e+308,23,24,1.79769e+308,22,21,1.79769e+308,1.79769e+308,1.79769e+308,1.79769e+308,18,19,1.79769e+308,21,20,1.79769e+308,27,26,25,24,1.79769e+308,22,23,22,21,20,19,1.79769e+308,1.79769e+308,16,17,18,1.79769e+308,1.79769e+308,19,27,26,25,24,23,22,21,1.79769e+308,1.79769e+308,20,19,18,17,16,15,1.79769e+308,17,16,17,18,1.79769e+308,1.79769e+308,24,23,22,21,20,19,18,1.79769e+308,18,17,16,15,14,15,16,15,16,17,25,24,23,22,21,20,19,18,17,1.79769e+308,17,18,1.79769e+308,1.79769e+308,13,14,1.79769e+308,14,15,1.79769e+308,26,1.79769e+308,22,21,20,19,18,17,16,17,16,1.79769e+308,1.79769e+308,13,12,13,14,13,1.79769e+308,15,1.79769e+308,22,21,20,19,18,17,16,15,16,15,14,13,1.79769e+308,11,1.79769e+308,1.79769e+308,12,13,14,22,21,1.79769e+308,19,18,1.79769e+308,16,15,14,1.79769e+308,14,13,12,11,10,9,10,11,12,13,21,20,19,1.79769e+308,17,16,15,14,13,12,1.79769e+308,12,13,1.79769e+308,9,8,9,1.79769e+308,11,1.79769e+308,20,1.79769e+308,18,17,16,1.79769e+308,14,13,12,11,10,11,12,13,1.79769e+308,7,8,9,10,11,19,18,1.79769e+308,16,15,16,15,1.79769e+308,11,10,9,1.79769e+308,1.79769e+308,1.79769e+308,1.79769e+308,6,7,1.79769e+308,9,10,1.79769e+308,17,16,15,14,15,1.79769e+308,11,10,9,8,1.79769e+308,6,5,6,5,6,7,8,9,17,1.79769e+308,15,14,13,14,1.79769e+308,10,9,8,7,1.79769e+308,5,4,5,4,5,6,7,8,16,15,14,1.79769e+308,12,1.79769e+308,10,9,8,7,6,1.79769e+308,1.79769e+308,3,4,3,4,5,6,7,15,14,13,12,11,10,9,8,7,6,5,1.79769e+308,1.79769e+308,2,1.79769e+308,2,3,4,5,6,16,15,14,13,12,11,10,9,1.79769e+308,5,4,3,2,1,0,1,2,3,4,5,17,1.79769e+308,1.79769e+308,12,11,10,9,8,7,6,5,4,3,1.79769e+308,1,2,3,4,5,6,16,15,14,13,12,11,10,9,1.79769e+308,7,6,5,4,1.79769e+308,2,3,4,5,6,7,1.79769e+308,16,1.79769e+308,14,13,12,11,10,9,8,7,6,5,4,3,4,1.79769e+308,1.79769e+308,1.79769e+308,8,1.79769e+308,1.79769e+308,16,15,14,13,12,11,10,9,8,7,6,5,4,5,6,7,8,9,
312
27,26,25,1.79769e+308,1.79769e+308,1.79769e+308,21,22,1.79769e+308,20,19,1.79769e+308,1.79769e+308,1.79769e+308,1.79769e+308,20,21,1.79769e+308,23,22,1.79769e+308,25,24,23,22,1.79769e+308,20,21,20,19,18,19,1.79769e+308,1.79769e+308,18,19,20,1.79769e+308,1.79769e+308,21,25,24,23,22,21,20,19,1.79769e+308,1.79769e+308,18,17,18,19,18,17,1.79769e+308,19,18,19,20,1.79769e+308,1.79769e+308,22,21,20,19,18,17,16,1.79769e+308,16,17,18,17,16,17,18,17,18,19,23,22,21,20,19,18,17,16,15,1.79769e+308,15,16,1.79769e+308,1.79769e+308,15,16,1.79769e+308,16,17,1.79769e+308,24,1.79769e+308,20,19,18,17,16,15,14,15,14,1.79769e+308,1.79769e+308,15,14,15,16,15,1.79769e+308,17,1.79769e+308,20,19,18,17,16,15,14,13,14,13,12,13,1.79769e+308,13,1.79769e+308,1.79769e+308,14,15,16,20,19,1.79769e+308,17,16,1.79769e+308,14,13,12,1.79769e+308,12,11,12,13,12,11,12,13,14,15,19,18,17,1.79769e+308,15,14,13,12,11,10,1.79769e+308,10,11,1.79769e+308,11,10,11,1.79769e+308,13,1.79769e+308,18,1.79769e+308,16,15,14,1.79769e+308,12,11,10,9,8,9,10,11,1.79769e+308,9,10,11,12,13,17,16,1.79769e+308,14,13,14,13,1.79769e+308,9,8,7,1.79769e+308,1.79769e+308,1.79769e+308,1.79769e+308,8,9,1.79769e+308,11,12,1.79769e+308,15,14,13,12,13,1.79769e+308,9,8,7,6,1.79769e+308,6,5,6,7,8,9,10,11,15,1.79769e+308,13,12,11,12,1.79769e+308,8,7,6,5,1.79769e+308,5,4,5,6,7,8,9,10,14,13,12,1.79769e+308,10,1.79769e+308,8,7,6,5,4,1.79769e+308,1.79769e+308,3,4,5,6,7,8,9,13,12,11,10,9,8,7,6,5,4,3,1.79769e+308,1.79769e+308,2,1.79769e+308,4,5,6,7,8,14,13,12,11,10,9,8,7,1.79769e+308,3,2,1,0,1,2,3,4,5,6,7,15,1.79769e+308,1.79769e+308,10,9,8,7,6,5,4,3,2,1,1.79769e+308,3,4,5,6,7,8,14,13,12,11,10,9,8,7,1.79769e+308,5,4,3,2,1.79769e+308,4,5,6,7,8,9,1.79769e+308,14,1.79769e+308,12,11,10,9,8,7,6,5,4,3,4,5,6,1.79769e+308,1.79769e+308,1.79769e+308,10,1.79769e+308,1.79769e+308,14,13,12,11,10,9,8,7,6,5,4,5,6,7,8,9,10,11,
310
25,24,23,1.79769e+308,1.79769e+308,1.79769e+308,19,20,1.79769e+308,18,17,1.79769e+308,1.79769e+308,1.79769e+308,1.79769e+308,20,21,1.79769e+308,25,24,1.79769e+308,23,22,21,20,1.79769e+308,18,19,18,17,16,17,1.79769e+308,1.79769e+308,18,19,20,1.79769e+308,1.79769e+308,23,23,22,21,20,19,18,17,1.79769e+308,1.79769e+308,16,15,16,17,18,17,1.79769e+308,19,20,21,22,1.79769e+308,1.79769e+308,20,19,18,17,16,15,14,1.79769e+308,14,15,16,17,16,17,18,19,20,21,21,20,19,18,17,16,15,14,13,1.79769e+308,13,14,1.79769e+308,1.79769e+308,15,16,1.79769e+308,18,19,1.79769e+308,22,1.79769e+308,18,17,16,15,14,13,12,13,12,1.79769e+308,1.79769e+308,15,14,15,16,17,1.79769e+308,19,1.79769e+308,18,17,16,15,14,13,12,11,12,11,10,11,1.79769e+308,13,1.79769e+308,1.79769e+308,16,17,18,18,17,1.79769e+308,15,14,1.79769e+308,12,11,10,1.79769e+308,10,9,10,11,12,13,14,15,16,17,17,16,15,1.79769e+308,13,12,11,10,9,8,1.79769e+308,8,9,1.79769e+308,13,12,13,1.79769e+308,15,1.79769e+308,16,1.79769e+308,14,13,12,1.79769e+308,10,9,8,7,6,7,8,9,1.79769e+308,11,12,13,14,15,15,14,1.79769e+308,12,11,12,11,1.79769e+308,7,6,5,1.79769e+308,1.79769e+308,1.79769e+308,1.79769e+308,10,11,1.79769e+308,13,14,1.79769e+308,13,12,11,10,11,1.79769e+308,7,6,5,4,1.79769e+308,8,7,8,9,10,11,12,13,13,1.79769e+308,11,10,9,10,1.79769e+308,6,5,4,3,1.79769e+308,7,6,7,8,9,10,11,12,12,11,10,1.79769e+308,8,1.79769e+308,6,5,4,3,2,1.79769e+308,1.79769e+308,5,6,7,8,9,10,11,11,10,9,8,7,6,5,4,3,2,1,1.79769e+308,1.79769e+308,4,1.79769e+308,6,7,8,9,10,12,11,10,9,8,7,6,5,1.79769e+308,1,0,1,2,3,4,5,6,7,8,9,13,1.79769e+308,1.79769e+308,8,7,6,5,4,3,2,1,2,3,1.79769e+308,5,6,7,8,9,10,12,11,10,9,8,7,6,5,1.79769e+308,3,2,3,4,1.79769e+308,6,7,8,9,10,11,1.79769e+308,12,1.79769e+308,10,9,8,7,6,5,4,3,4,5,6,7,8,1.79769e+308,1.79769e+308,1.79769e+308,12,1.79769e+308,1.79769e+308,12,11,10,9,8,7,6,5,4,5,6,7,8,9,10,11,12,13,
307
22,21,20,1.79769e+308,1.79769e+308,1.79769e+308,18,19,1.79769e+308,19,18,1.79769e+308,1.79769e+308,1.79769e+308,1.79769e+308,23,24,1.79769e+308,28,27,1.79769e+308,20,19,18,17,1.79769e+308,17,18,19,18,17,18,1.79769e+308,1.79769e+308,21,22,23,1.79769e+308,1.79769e+308,26,20,19,18,17,16,17,16,1.79769e+308,1.79769e+308,17,16,17,18,19,20,1.79769e+308,22,23,24,25,1.79769e+308,1.79769e+308,17,16,15,16,15,14,13,1.79769e+308,15,16,17,18,19,20,21,22,23,24,18,17,16,15,14,15,14,13,12,1.79769e+308,14,15,1.79769e+308,1.79769e+308,18,19,1.79769e+308,21,22,1.79769e+308,19,1.79769e+308,15,14,13,14,13,12,11,12,13,1.79769e+308,1.79769e+308,18,17,18,19,20,1.79769e+308,22,1.79769e+308,15,14,13,12,13,12,11,10,11,12,13,14,1.79769e+308,16,1.79769e+308,1.79769e+308,19,20,21,15,14,1.79769e+308,12,11,1.79769e+308,11,10,9,1.79769e+308,13,12,13,14,15,16,17,18,19,20,14,13,12,1.79769e+308,10,11,10,9,8,9,1.79769e+308,11,12,1.79769e+308,16,17,18,1.79769e+308,20,1.79769e+308,13,1.79769e+308,11,10,9,1.79769e+308,9,8,7,8,9,10,11,12,1.79769e+308,16,17,18,19,20,12,11,1.79769e+308,9,8,9,10,1.79769e+308,6,7,8,1.79769e+308,1.79769e+308,1.79769e+308,1.79769e+308,15,16,1.79769e+308,18,19,1.79769e+308,10,9,8,7,8,1.79769e+308,4,5,6,7,1.79769e+308,13,12,13,14,15,16,17,18,10,1.79769e+308,8,7,6,7,1.79769e+308,3,4,5,6,1.79769e+308,12,11,12,13,14,15,16,17,9,8,7,1.79769e+308,5,1.79769e+308,3,2,3,4,5,1.79769e+308,1.79769e+308,10,11,12,13,14,15,16,8,7,6,5,4,3,2,1,2,3,4,1.79769e+308,1.79769e+308,9,1.79769e+308,11,12,13,14,15,7,6,5,4,3,2,1,0,1.79769e+308,4,5,6,7,8,9,10,11,12,13,14,8,1.79769e+308,1.79769e+308,5,4,3,2,1,2,3,4,5,6,1.79769e+308,10,11,12,13,14,15,9,8,7,6,5,4,3,2,1.79769e+308,4,5,6,7,1.79769e+308,11,12,13,14,15,16,1.79769e+308,9,1.79769e+308,7,6,5,4,3,4,5,6,7,8,9,10,11,1.79769e+308,1.79769e+308,1.79769e+308,17,1.79769e+308,1.79769e+308,9,8,7,6,5,4,5,6,7,8,9,10,11,12,13,14,15,16,
306
21,20,19,1.79769e+308,1.79769e+308,1.79769e+308,19,20,1.79769e+308,20,19,1.79769e+308,1.79769e+308,1.79769e+308,1.79769e+308,24,25,1.79769e+308,29,28,1.79769e+308,19,18,17,16,1.79769e+308,18,19,20,19,18,19,1.79769e+308,1.79769e+308,22,23,24,1.79769e+308,1.79769e+308,27,19,18,17,16,15,16,17,1.79769e+308,1.79769e+308,18,17,18,19,20,21,1.79769e+308,23,24,25,26,1.79769e+308,1.79769e+308,16,15,14,15,16,15,14,1.79769e+308,16,17,18,19,20,21,22,23,24,25,17,16,15,14,13,14,15,14,13,1.79769e+308,15,16,1.79769e+308,1.79769e+308,19,20,1.79769e+308,22,23,1.79769e+308,18,1.79769e+308,14,13,12,13,14,13,12,13,14,1.79769e+308,1.79769e+308,19,18,19,20,21,1.79769e+308,23,1.79769e+308,14,13,12,11,12,13,12,11,12,13,14,15,1.79769e+308,17,1.79769e+308,1.79769e+308,20,21,22,14,13,1.79769e+308,11,10,1.79769e+308,12,11,10,1.79769e+308,14,13,14,15,16,17,18,19,20,21,13,12,11,1.79769e+308,9,10,11,10,9,10,1.79769e+308,12,13,1.79769e+308,17,18,19,1.79769e+308,21,1.79769e+308,12,1.79769e+308,10,9,8,1.79769e+308,10,9,8,9,10,11,12,13,1.79769e+308,17,18,19,20,21,11,10,1.79769e+308,8,7,8,9,1.79769e+308,7,8,9,1.79769e+308,1.79769e+308,1.79769e+308,1.79769e+308,16,17,1.79769e+308,19,20,1.79769e+308,9,8,7,6,7,1.79769e+308,5,6,7,8,1.79769e+308,14,13,14,15,16,17,18,19,9,1.79769e+308,7,6,5,6,1.79769e+308,4,5,6,7,1.79769e+308,13,12,13,14,15,16,17,18,8,7,6,1.79769e+308,4,1.79769e+308,2,3,4,5,6,1.79769e+308,1.79769e+308,11,12,13,14,15,16,17,7,6,5,4,3,2,1,2,3,4,5,1.79769e+308,1.79769e+308,10,1.79769e+308,12,13,14,15,16,6,5,4,3,2,1,0,1,1.79769e+308,5,6,7,8,9,10,11,12,13,14,15,7,1.79769e+308,1.79769e+308,4,3,2,1,2,3,4,5,6,7,1.79769e+308,11,12,13,14,15,16,8,7,6,5,4,3,2,3,1.79769e+308,5,6,7,8,1.79769e+308,12,13,14,15,16,17,1.79769e+308,8,1.79769e+308,6,5,4,3,4,5,6,7,8,9,10,11,12,1.79769e+308,1.79769e+308,1.79769e+308,18,1.79769e+308,1.79769e+308,8,7,6,5,4,5,6,7,8,9,10,11,12,13,14,15,16,17,
305
20,19,18,1.79769e+308,1.79769e+308,1.79769e+308,18,19,1.79769e+308,21,20,1.79769e+308,1.79769e+308,1.79769e+308,1.79769e+308,25,26,1.79769e+308,30,29,1.79769e+308,18,17,16,15,1.79769e+308,17,18,19,20,19,20,1.79769e+308,1.79769e+308,23,24,25,1.79769e+308,1.79769e+308,28,18,17,16,15,14,15,16,1.79769e+308,1.79769e+308,19,18,19,20,21,22,1.79769e+308,24,25,26,27,1.79769e+308,1.79769e+308,15,14,13,14,15,16,15,1.79769e+308,17,18,19,20,21,22,23,24,25,26,16,15,14,13,12,13,14,15,14,1.79769e+308,16,17,1.79769e+308,1.79769e+308,20,21,1.79769e+308,23,24,1.79769e+308,17,1.79769e+308,13,12,11,12,13,14,13,14,15,1.79769e+308,1.79769e+308,20,19,20,21,22,1.79769e+308,24,1.79769e+308,13,12,11,10,11,12,13,12,13,14,15,16,1.79769e+308,18,1.79769e+308,1.79769e+308,21,22,23,13,12,1.79769e+308,10,9,1.79769e+308,11,12,11,1.79769e+308,15,14,15,16,17,18,19,20,21,22,12,11,10,1.79769e+308,8,9,10,11,10,11,1.79769e+308,13,14,1.79769e+308,18,19,20,1.79769e+308,22,1.79769e+308,11,1.79769e+308,9,8,7,1.79769e+308,9,10,9,10,11,12,13,14,1.79769e+308,18,19,20,21,22,10,9,1.79769e+308,7,6,7,8,1.79769e+308,8,9,10,1.79769e+308,1.79769e+308,1.79769e+308,1.79769e+308,17,18,1.79769e+308,20,21,1.79769e+308,8,7,6,5,6,1.79769e+308,6,7,8,9,1.79769e+308,15,14,15,16,17,18,19,20,8,1.79769e+308,6,5,4,5,1.79769e+308,5,6,7,8,1.79769e+308,14,13,14,15,16,17,18,19,7,6,5,1.79769e+308,3,1.79769e+308,3,4,5,6,7,1.79769e+308,1.79769e+308,12,13,14,15,16,17,18,6,5,4,3,2,1,2,3,4,5,6,1.79769e+308,1.79769e+308,11,1.79769e+308,13,14,15,16,17,5,4,3,2,1,0,1,2,1.79769e+308,6,7,8,9,10,11,12,13,14,15,16,6,1.79769e+308,1.79769e+308,3,2,1,2,3,4,5,6,7,8,1.79769e+308,12,13,14,15,16,17,7,6,5,4,3,2,3,4,1.79769e+308,6,7,8,9,1.79769e+308,13,14,15,16,17,18,1.79769e+308,7,1.79769e+308,5,4,3,4,5,6,7,8,9,10,11,12,13,1.79769e+308,1.79769e+308,1.79769e+308,19,1.79769e+308,1.79769e+308,7,6,5,4,5,6,7,8,9,10,11,12,13,14,15,16,17,18,
304
19,18,17,1.79769e+308,1.79769e+308,1.79769e+308,17,18,1.79769e+308,20,21,1.79769e+308,1.79769e+308,1.79769e+308,1.79769e+308,26,27,1.79769e+308,31,30,1.79769e+308,17,16,15,14,1.79769e+308,16,17,18,19,20,21,1.79769e+308,1.79769e+308,24,25,26,1.79769e+308,1.79769e+308,29,17,16,15,14,13,14,15,1.79769e+308,1.79769e+308,20,19,20,21,22,23,1.79769e+308,25,26,27,28,1.79769e+308,1.79769e+308,14,13,12,13,14,15,16,1.79769e+308,18,19,20,21,22,23,24,25,26,27,15,14,13,12,11,12,13,14,15,1.79769e+308,17,18,1.79769e+308,1.79769e+308,21,22,1.79769e+308,24,25,1.79769e+308,16,1.79769e+308,12,11,10,11,12,13,14,15,16,1.79769e+308,1.79769e+308,21,20,21,22,23,1.79769e+308,25,1.79769e+308,12,11,10,9,10,11,12,13,14,15,16,17,1.79769e+308,19,1.79769e+308,1.79769e+308,22,23,24,12,11,1.79769e+308,9,8,1.79769e+308,10,11,12,1.79769e+308,16,15,16,17,18,19,20,21,22,23,11,10,9,1.79769e+308,7,8,9,10,11,12,1.79769e+308,14,15,1.79769e+308,19,20,21,1.79769e+308,23,1.79769e+308,10,1.79769e+308,8,7,6,1.79769e+308,8,9,10,11,12,13,14,15,1.79769e+308,19,20,21,22,23,9,8,1.79769e+308,6,5,6,7,1.79769e+308,9,10,11,1.79769e+308,1.79769e+308,1.79769e+308,1.79769e+308,18,19,1.79769e+308,21,22,1.79769e+308,7,6,5,4,5,1.79769e+308,7,8,9,10,1.79769e+308,16,15,16,17,18,19,20,21,7,1.79769e+308,5,4,3,4,1.79769e+308,6,7,8,9,1.79769e+308,15,14,15,16,17,18,19,20,6,5,4,1.79769e+308,2,1.79769e+308,4,5,6,7,8,1.79769e+308,1.79769e+308,13,14,15,16,17,18,19,5,4,3,2,1,2,3,4,5,6,7,1.79769e+308,1.79769e+308,12,1.79769e+308,14,15,16,17,18,4,3,2,1,0,1,2,3,1.79769e+308,7,8,9,10,11,12,13,14,15,16,17,5,1.79769e+308,1.79769e+308,2,1,2,3,4,5,6,7,8,9,1.79769e+308,13,14,15,16,17,18,6,5,4,3,2,3,4,5,1.79769e+308,7,8,9,10,1.79769e+308,14,15,16,17,18,19,1.79769e+308,6,1.79769e+308,4,3,4,5,6,7,8,9,10,11,12,13,14,1.79769e+308,1.79769e+308,1.79769e+308,20,1.79769e+308,1.79769e+308,6,5,4,5,6,7,8,9,10,11,12,13,14,15,16,17,18,19,
302
21,20,19,1.79769e+308,1.79769e+308,1.79769e+308,19,20,1.79769e+308,22,23,1.79769e+308,1.79769e+308,1.79769e+308,1.79769e+308,28,29,1.79769e+308,33,32,1.79769e+308,19,18,17,16,1.79769e+308,18,19,20,21,22,23,1.79769e+308,1.79769e+308,26,27,28,1.79769e+308,1.79769e+308,31,19,18,17,16,15,16,17,1.79769e+308,1.79769e+308,22,21,22,23,24,25,1.79769e+308,27,28,29,30,1.79769e+308,1.79769e+308,16,15,14,15,16,17,18,1.79769e+308,20,21,22,23,24,25,26,27,28,29,17,16,15,14,13,14,15,16,17,1.79769e+308,19,20,1.79769e+308,1.79769e+308,23,24,1.79769e+308,26,27,1.79769e+308,18,1.79769e+308,14,13,12,13,14,15,16,17,18,1.79769e+308,1.79769e+308,23,22,23,24,25,1.79769e+308,27,1.79769e+308,12,13,12,11,12,13,14,15,16,17,18,19,1.79769e+308,21,1.79769e+308,1.79769e+308,24,25,26,10,11,1.79769e+308,11,10,1.79769e+308,12,13,14,1.79769e+308,18,17,18,19,20,21,22,23,24,25,9,10,9,1.79769e+308,9,10,11,12,13,14,1.79769e+308,16,17,1.79769e+308,21,22,23,1.79769e+308,25,1.79769e+308,8,1.79769e+308,8,7,8,1.79769e+308,10,11,12,13,14,15,16,17,1.79769e+308,21,22,23,24,25,7,6,1.79769e+308,6,7,8,9,1.79769e+308,11,12,13,1.79769e+308,1.79769e+308,1.79769e+308,1.79769e+308,20,21,1.79769e+308,23,24,1.79769e+308,5,4,5,6,7,1.79769e+308,9,10,11,12,1.79769e+308,18,17,18,19,20,21,22,23,5,1.79769e+308,3,4,5,6,1.79769e+308,8,9,10,11,1.79769e+308,17,16,17,18,19,20,21,22,4,3,2,1.79769e+308,4,1.79769e+308,6,7,8,9,10,1.79769e+308,1.79769e+308,15,16,17,18,19,20,21,3,2,1,2,3,4,5,6,7,8,9,1.79769e+308,1.79769e+308,14,1.79769e+308,16,17,18,19,20,2,1,0,1,2,3,4,5,1.79769e+308,9,10,11,12,13,14,15,16,17,18,19,3,1.79769e+308,1.79769e+308,2,3,4,5,6,7,8,9,10,11,1.79769e+308,15,16,17,18,19,20,4,5,4,3,4,5,6,7,1.79769e+308,9,10,11,12,1.79769e+308,16,17,18,19,20,21,1.79769e+308,6,1.79769e+308,4,5,6,7,8,9,10,11,12,13,14,15,16,1.79769e+308,1.79769e+308,1.79769e+308,22,1.79769e+308,1.79769e+308,6,5,6,7,8,9,10,11,12,13,14,15,16,17,18,19,20,21,
301
22,21,20,1.79769e+308,1.79769e+308,1.79769e+308,20,21,1.79769e+308,23,24,1.79769e+308,1.79769e+308,1.79769e+308,1.79769e+308,29,30,1.79769e+308,34,33,1.79769e+308,20,19,18,17,1.79769e+308,19,20,21,22,23,24,1.79769e+308,1.79769e+308,27,28,29,1.79769e+308,1.79769e+308,32,20,19,18,17,16,17,18,1.79769e+308,1.79769e+308,23,22,23,24,25,26,1.79769e+308,28,29,30,31,1.79769e+308,1.79769e+308,17,16,15,16,17,18,19,1.79769e+308,21,22,23,24,25,26,27,28,29,30,18,17,16,15,14,15,16,17,18,1.79769e+308,20,21,1.79769e+308,1.79769e+308,24,25,1.79769e+308,27,28,1.79769e+308,19,1.79769e+308,15,14,13,14,15,16,17,18,19,1.79769e+308,1.79769e+308,24,23,24,25,26,1.79769e+308,28,1.79769e+308,13,14,13,12,13,14,15,16,17,18,19,20,1.79769e+308,22,1.79769e+308,1.79769e+308,25,26,27,11,12,1.79769e+308,12,11,1.79769e+308,13,14,15,1.79769e+308,19,18,19,20,21,22,23,24,25,26,10,11,10,1.79769e+308,10,11,12,13,14,15,1.79769e+308,17,18,1.79769e+308,22,23,24,1.79769e+308,26,1.79769e+308,9,1.79769e+308,9,8,9,1.79769e+308,11,12,13,14,15,16,17,18,1.79769e+308,22,23,24,25,26,8,7,1.79769e+308,7,8,9,10,1.79769e+308,12,13,14,1.79769e+308,1.79769e+308,1.79769e+308,1.79769e+308,21,22,1.79769e+308,24,25,1.79769e+308,6,5,6,7,8,1.79769e+308,10,11,12,13,1.79769e+308,19,18,19,20,21,22,23,24,4,1.79769e+308,4,5,6,7,1.79769e+308,9,10,11,12,1.79769e+308,18,17,18,19,20,21,22,23,3,2,3,1.79769e+308,5,1.79769e+308,7,8,9,10,11,1.79769e+308,1.79769e+308,16,17,18,19,20,21,22,2,1,2,3,4,5,6,7,8,9,10,1.79769e+308,1.79769e+308,15,1.79769e+308,17,18,19,20,21,1,0,1,2,3,4,5,6,1.79769e+308,10,11,12,13,14,15,16,17,18,19,20,2,1.79769e+308,1.79769e+308,3,4,5,6,7,8,9,10,11,12,1.79769e+308,16,17,18,19,20,21,3,4,5,4,5,6,7,8,1.79769e+308,10,11,12,13,1.79769e+308,17,18,19,20,21,22,1.79769e+308,5,1.79769e+308,5,6,7,8,9,10,11,12,13,14,15,16,17,1.79769e+308,1.79769e+308,1.79769e+308,23,1.79769e+308,1.79769e+308,7,6,7,8,9,10,11,12,13,14,15,16,17,18,19,20,21,22,
300
23,22,21,1.79769e+308,1.79769e+308,1.79769e+308,21,22,1.79769e+308,24,25,1.79769e+308,1.79769e+308,1.79769e+308,1.79769e+308,30,31,1.79769e+308,35,34,1.79769e+308,21,20,19,18,1.79769e+308,20,21,22,23,24,25,1.79769e+308,1.79769e+308,28,29,30,1.79769e+308,1.79769e+308,33,21,20,19,18,17,18,19,1.79769e+308,1.79769e+308,24,23,24,25,26,27,1.79769e+308,29,30,31,32,1.79769e+308,1.79769e+308,18,17,16,17,18,19,20,1.79769e+308,22,23,24,25,26,27,28,29,30,31,19,18,17,16,15,16,17,18,19,1.79769e+308,21,22,1.79769e+308,1.79769e+308,25,26,1.79769e+308,28,29,1.79769e+308,20,1.79769e+308,16,15,14,15,16,17,18,19,20,1.79769e+308,1.79769e+308,25,24,25,26,27,1.79769e+308,29,1.79769e+308,14,15,14,13,14,15,16,17,18,19,20,21,1.79769e+308,23,1.79769e+308,1.79769e+308,26,27,28,12,13,1.79769e+308,13,12,1.79769e+308,14,15,16,1.79769e+308,20,19,20,21,22,23,24,25,26,27,11,12,11,1.79769e+308,11,12,13,14,15,16,1.79769e+308,18,19,1.79769e+308,23,24,25,1.79769e+308,27,1.79769e+308,10,1.79769e+308,10,9,10,1.79769e+308,12,13,14,15,16,17,18,19,1.79769e+308,23,24,25,26,27,9,8,1.79769e+308,8,9,10,11,1.79769e+308,13,14,15,1.79769e+308,1.79769e+308,1.79769e+308,1.79769e+308,22,23,1.79769e+308,25,26,1.79769e+308,7,6,7,8,9,1.79769e+308,11,12,13,14,1.79769e+308,20,19,20,21,22,23,24,25,3,1.79769e+308,5,6,7,8,1.79769e+308,10,11,12,13,1.79769e+308,19,18,19,20,21,22,23,24,2,3,4,1.79769e+308,6,1.79769e+308,8,9,10,11,12,1.79769e+308,1.79769e+308,17,18,19,20,21,22,23,1,2,3,4,5,6,7,8,9,10,11,1.79769e+308,1.79769e+308,16,1.79769e+308,18,19,20,21,22,0,1,2,3,4,5,6,7,1.79769e+308,11,12,13,14,15,16,17,18,19,20,21,1,1.79769e+308,1.79769e+308,4,5,6,7,8,9,10,11,12,13,1.79769e+308,17,18,19,20,21,22,2,3,4,5,6,7,8,9,1.79769e+308,11,12,13,14,1.79769e+308,18,19,20,21,22,23,1.79769e+308,4,1.79769e+308,6,7,8,9,10,11,12,13,14,15,16,17,18,1.79769e+308,1.79769e+308,1.79769e+308,24,1.79769e+308,1.79769e+308,8,7,8,9,10,11,12,13,14,15,16,17,18,19,20,21,22,23,
299
33,32,31,1.79769e+308,1.79769e+308,1.79769e+308,27,26,1.79769e+308,24,23,1.79769e+308,1.79769e+308,1.79769e+308,1.79769e+308,18,17,1.79769e+308,19,18,1.79769e+308,31,30,29,28,1.79769e+308,26,25,24,23,22,21,1.79769e+308,1.79769e+308,18,17,16,1.79769e+308,1.79769e+308,17,31,30,29,28,27,26,25,1.79769e+308,1.79769e+308,22,21,20,19,18,17,1.79769e+308,15,14,15,16,1.79769e+308,1.79769e+308,28,27,26,25,24,23,22,1.79769e+308,20,19,18,17,16,15,14,13,14,15,29,28,27,26,25,24,23,22,21,1.79769e+308,19,20,1.79769e+308,1.79769e+308,15,14,1.79769e+308,12,13,1.79769e+308,30,1.79769e+308,26,25,24,23,22,21,20,19,18,1.79769e+308,1.79769e+308,15,14,13,12,11,1.79769e+308,11,1.79769e+308,26,25,24,23,22,21,20,19,18,17,16,15,1.79769e+308,13,1.79769e+308,1.79769e+308,10,9,10,28,27,1.79769e+308,25,24,1.79769e+308,22,21,20,1.79769e+308,16,15,14,13,12,11,10,9,8,9,27,26,25,1.79769e+308,23,22,21,20,19,18,1.79769e+308,16,15,1.79769e+308,11,10,9,1.79769e+308,7,1.79769e+308,26,1.79769e+308,24,23,22,1.79769e+308,20,19,18,17,16,17,16,17,1.79769e+308,9,8,7,6,5,25,24,1.79769e+308,22,21,22,21,1.79769e+308,17,16,15,1.79769e+308,1.79769e+308,1.79769e+308,1.79769e+308,8,7,1.79769e+308,5,4,1.79769e+308,23,22,21,20,21,1.79769e+308,17,16,15,14,1.79769e+308,10,9,8,7,6,5,4,3,23,1.79769e+308,21,20,19,20,1.79769e+308,16,15,14,13,1.79769e+308,9,8,7,6,5,4,3,2,22,21,20,1.79769e+308,18,1.79769e+308,16,15,14,13,12,1.79769e+308,1.79769e+308,7,6,5,4,3,2,1,21,20,19,18,17,16,15,14,13,12,11,1.79769e+308,1.79769e+308,8,1.79769e+308,4,3,2,1,0,22,21,20,19,18,17,16,15,1.79769e+308,11,10,9,8,7,6,5,4,3,2,1,23,1.79769e+308,1.79769e+308,18,17,16,15,14,13,12,11,10,9,1.79769e+308,7,6,5,4,3,2,22,21,20,19,18,17,16,15,1.79769e+308,13,12,11,10,1.79769e+308,8,7,6,5,4,3,1.79769e+308,22,1.79769e+308,20,19,18,17,16,15,14,13,12,11,10,9,8,1.79769e+308,1.79769e+308,1.79769e+308,4,1.79769e+308,1.79769e+308,22,21,20,19,18,17,16,15,14,13,12,11,10,9,8,7,6,5,
298
32,31,30,1.79769e+308,1.79769e+308,1.79769e+308,26,25,1.79769e+308,23,22,1.79769e+308,1.79769e+308,1.79769e+308,1.79769e+308,17,16,1.79769e+308,18,17,1.79769e+308,30,29,28,27,1.79769e+308,25,24,23,22,21,20,1.79769e+308,1.79769e+308,17,16,15,1.79769e+308,1.79769e+308,16,30,29,28,27,26,25,24,1.79769e+308,1.79769e+308,21,20,19,18,17,16,1.79769e+308,14,13,14,15,1.79769e+308,1.79769e+308,27,26,25,24,23,22,21,1.79769e+308,19,18,17,16,15,14,13,12,13,14,28,27,26,25,24,23,22,21,20,1.79769e+308,18,19,1.79769e+308,1.79769e+308,14,13,1.79769e+308,11,12,1.79769e+308,29,1.79769e+308,25,24,23,22,21,20,19,18,17,1.79769e+308,1.79769e+308,14,13,12,11,10,1.79769e+308,10,1.79769e+308,25,24,23,22,21,20,19,18,17,16,15,14,1.79769e+308,12,1.79769e+308,1.79769e+308,9,8,9,27,26,1.79769e+308,24,23,1.79769e+308,21,20,19,1.79769e+308,15,14,13,12,11,10,9,8,7,8,26,25,24,1.79769e+308,22,21,20,19,18,17,1.79769e+308,15,14,1.79769e+308,10,9,8,1.79769e+308,6,1.79769e+308,25,1.79769e+308,23,22,21,1.79769e+308,19,18,17,16,15,16,15,16,1.79769e+308,8,7,6,5,6,24,23,1.79769e+308,21,20,21,20,1.79769e+308,16,15,14,1.79769e+308,1.79769e+308,1.79769e+308,1.79769e+308,7,6,1.79769e+308,4,5,1.79769e+308,22,21,20,19,20,1.79769e+308,16,15,14,13,1.79769e+308,9,8,7,6,5,4,3,4,22,1.79769e+308,20,19,18,19,1.79769e+308,15,14,13,12,1.79769e+308,8,7,6,5,4,3,2,3,21,20,19,1.79769e+308,17,1.79769e+308,15,14,13,12,11,1.79769e+308,1.79769e+308,6,5,4,3,2,1,2,20,19,18,17,16,15,14,13,12,11,10,1.79769e+308,1.79769e+308,7,1.79769e+308,3,2,1,0,1,21,20,19,18,17,16,15,14,1.79769e+308,10,9,8,7,6,5,4,3,2,1,2,22,1.79769e+308,1.79769e+308,17,16,15,14,13,12,11,10,9,8,1.79769e+308,6,5,4,3,2,3,21,20,19,18,17,16,15,14,1.79769e+308,12,11,10,9,1.79769e+308,7,6,5,4,3,4,1.79769e+308,21,1.79769e+308,19,18,17,16,15,14,13,12,11,10,9,8,7,1.79769e+308,1.79769e+308,1.79769e+308,5,1.79769e+308,1.79769e+308,21,20,19,18,17,16,15,14,13,12,11,10,9,8,9,8,7,6,
297
31,30,29,1.79769e+308,1.79769e+308,1.79769e+308,25,24,1.79769e+308,22,21,1.79769e+308,1.79769e+308,1.79769e+308,1.79769e+308,18,17,1.79769e+308,19,18,1.79769e+308,29,28,27,26,1.79769e+308,24,23,22,21,20,19,1.79769e+308,1.79769e+308,16,17,16,1.79769e+308,1.79769e+308,17,29,28,27,26,25,24,23,1.79769e+308,1.79769e+308,20,19,18,17,16,15,1.79769e+308,15,14,15,16,1.79769e+308,1.79769e+308,26,25,24,23,22,21,20,1.79769e+308,18,17,16,15,14,15,14,13,14,15,27,26,25,24,23,22,21,20,19,1.79769e+308,17,18,1.79769e+308,1.79769e+308,13,14,1.79769e+308,12,13,1.79769e+308,28,1.79769e+308,24,23,22,21,20,19,18,17,16,1.79769e+308,1.79769e+308,13,12,13,12,11,1.79769e+308,11,1.79769e+308,24,23,22,21,20,19,18,17,16,15,14,13,1.79769e+308,11,1.79769e+308,1.79769e+308,10,9,10,26,25,1.79769e+308,23,22,1.79769e+308,20,19,18,1.79769e+308,14,13,12,11,10,9,8,9,8,9,25,24,23,1.79769e+308,21,20,19,18,17,16,1.79769e+308,14,13,1.79769e+308,9,8,7,1.79769e+308,7,1.79769e+308,24,1.79769e+308,22,21,20,1.79769e+308,18,17,16,15,14,15,14,15,1.79769e+308,7,6,7,6,7,23,22,1.79769e+308,20,19,20,19,1.79769e+308,15,14,13,1.79769e+308,1.79769e+308,1.79769e+308,1.79769e+308,6,5,1.79769e+308,5,6,1.79769e+308,21,20,19,18,19,1.79769e+308,15,14,13,12,1.79769e+308,8,7,6,5,4,3,4,5,21,1.79769e+308,19,18,17,18,1.79769e+308,14,13,12,11,1.79769e+308,7,6,5,4,3,2,3,4,20,19,18,1.79769e+308,16,1.79769e+308,14,13,12,11,10,1.79769e+308,1.79769e+308,5,4,3,2,1,2,3,19,18,17,16,15,14,13,12,11,10,9,1.79769e+308,1.79769e+308,6,1.79769e+308,2,1,0,1,2,20,19,18,17,16,15,14,13,1.79769e+308,9,8,7,6,5,4,3,2,1,2,3,21,1.79769e+308,1.79769e+308,16,15,14,13,12,11,10,9,8,7,1.79769e+308,5,4,3,2,3,4,20,19,18,17,16,15,14,13,1.79769e+308,11,10,9,8,1.79769e+308,6,5,4,3,4,5,1.79769e+308,20,1.79769e+308,18,17,16,15,14,13,12,11,10,9,8,7,6,1.79769e+308,1.79769e+308,1.79769e+308,6,1.79769e+308,1.79769e+308,20,19,18,17,16,15,14,13,12,11,10,9,8,7,8,9,8,7,
296
30,29,28,1.79769e+308,1.79769e+308,1.79769e+308,24,23,1.79769e+308,21,20,1.79769e+308,1.79769e+308,1.79769e+308,1.79769e+308,17,16,1.79769e+308,18,17,1.79769e+308,28,27,26,25,1.79769e+308,23,22,21,20,19,18,1.79769e+308,1.79769e+308,15,16,15,1.79769e+308,1.79769e+308,16,28,27,26,25,24,23,22,1.79769e+308,1.79769e+308,19,18,17,16,15,14,1.79769e+308,14,13,14,15,1.79769e+308,1.79769e+308,25,24,23,22,21,20,19,1.79769e+308,17,16,15,14,13,14,13,12,13,14,26,25,24,23,22,21,20,19,18,1.79769e+308,16,17,1.79769e+308,1.79769e+308,12,13,1.79769e+308,11,12,1.79769e+308,27,1.79769e+308,23,22,21,20,19,18,17,16,15,1.79769e+308,1.79769e+308,12,11,12,11,10,1.79769e+308,12,1.79769e+308,23,22,21,20,19,18,17,16,15,14,13,12,1.79769e+308,10,1.79769e+308,1.79769e+308,9,10,11,25,24,1.79769e+308,22,21,1.79769e+308,19,18,17,1.79769e+308,13,12,11,10,9,8,7,8,9,10,24,23,22,1.79769e+308,20,19,18,17,16,15,1.79769e+308,13,12,1.79769e+308,8,7,6,1.79769e+308,8,1.79769e+308,23,1.79769e+308,21,20,19,1.79769e+308,17,16,15,14,13,14,13,14,1.79769e+308,6,5,6,7,8,22,21,1.79769e+308,19,18,19,18,1.79769e+308,14,13,12,1.79769e+308,1.79769e+308,1.79769e+308,1.79769e+308,5,4,1.79769e+308,6,7,1.79769e+308,20,19,18,17,18,1.79769e+308,14,13,12,11,1.79769e+308,7,6,5,4,3,4,5,6,20,1.79769e+308,18,17,16,17,1.79769e+308,13,12,11,10,1.79769e+308,6,5,4,3,2,3,4,5,19,18,17,1.79769e+308,15,1.79769e+308,13,12,11,10,9,1.79769e+308,1.79769e+308,4,3,2,1,2,3,4,18,17,16,15,14,13,12,11,10,9,8,1.79769e+308,1.79769e+308,5,1.79769e+308,1,0,1,2,3,19,18,17,16,15,14,13,12,1.79769e+308,8,7,6,5,4,3,2,1,2,3,4,20,1.79769e+308,1.79769e+308,15,14,13,12,11,10,9,8,7,6,1.79769e+308,4,3,2,3,4,5,19,18,17,16,15,14,13,12,1.79769e+308,10,9,8,7,1.79769e+308,5,4,3,4,5,6,1.79769e+308,19,1.79769e+308,17,16,15,14,13,12,11,10,9,8,7,6,5,1.79769e+308,1.79769e+308,1.79769e+308,7,1.79769e+308,1.79769e+308,19,18,17,16,15,14,13,12,11,10,9,8,7,6,7,8,9,8,
290
24,23,22,1.79769e+308,1.79769e+308,1.79769e+308,18,19,1.79769e+308,17,16,1.79769e+308,1.79769e+308,1.79769e+308,1.79769e+308,19,20,1.79769e+308,24,23,1.79769e+308,22,21,20,19,1.79769e+308,17,18,17,16,15,16,1.79769e+308,1.79769e+308,17,18,19,1.79769e+308,1.79769e+308,22,22,21,20,19,18,17,16,1.79769e+308,1.79769e+308,15,14,15,16,17,16,1.79769e+308,18,19,20,21,1.79769e+308,1.79769e+308,19,18,17,16,15,14,13,1.79769e+308,13,14,15,16,15,16,17,18,19,20,20,19,18,17,16,15,14,13,12,1.79769e+308,12,13,1.79769e+308,1.79769e+308,14,15,1.79769e+308,17,18,1.79769e+308,21,1.79769e+308,17,16,15,14,13,12,11,12,11,1.79769e+308,1.79769e+308,14,13,14,15,16,1.79769e+308,18,1.79769e+308,17,16,15,14,13,12,11,10,11,10,9,10,1.79769e+308,12,1.79769e+308,1.79769e+308,15,16,17,17,16,1.79769e+308,14,13,1.79769e+308,11,10,9,1.79769e+308,9,8,9,10,11,12,13,14,15,16,16,15,14,1.79769e+308,12,11,10,9,8,7,1.79769e+308,7,8,1.79769e+308,12,13,14,1.79769e+308,16,1.79769e+308,15,1.79769e+308,13,12,11,1.79769e+308,9,8,7,6,5,6,7,8,1.79769e+308,12,13,14,15,16,14,13,1.79769e+308,11,10,11,10,1.79769e+308,6,5,4,1.79769e+308,1.79769e+308,1.79769e+308,1.79769e+308,11,12,1.79769e+308,14,15,1.79769e+308,12,11,10,9,10,1.79769e+308,6,5,4,3,1.79769e+308,9,8,9,10,11,12,13,14,12,1.79769e+308,10,9,8,9,1.79769e+308,5,4,3,2,1.79769e+308,8,7,8,9,10,11,12,13,11,10,9,1.79769e+308,7,1.79769e+308,5,4,3,2,1,1.79769e+308,1.79769e+308,6,7,8,9,10,11,12,10,9,8,7,6,5,4,3,2,1,0,1.79769e+308,1.79769e+308,5,1.79769e+308,7,8,9,10,11,11,10,9,8,7,6,5,4,1.79769e+308,2,1,2,3,4,5,6,7,8,9,10,12,1.79769e+308,1.79769e+308,9,8,7,6,5,4,3,2,3,4,1.79769e+308,6,7,8,9,10,11,13,12,11,10,9,8,7,6,1.79769e+308,4,3,4,5,1.79769e+308,7,8,9,10,11,12,1.79769e+308,13,1.79769e+308,11,10,9,8,7,6,5,4,5,6,7,8,9,1.79769e+308,1.79769e+308,1.79769e+308,13,1.79769e+308,1.79769e+308,13,12,11,10,9,8,7,6,5,6,7,8,9,10,11,12,13,14,
289
23,22,21,1.79769e+308,1.79769e+308,1.79769e+308,17,18,1.79769e+308,18,17,1.79769e+308,1.79769e+308,1.79769e+308,1.79769e+308,20,21,1.79769e+308,25,24,1.79769e+308,21,20,19,18,1.79769e+308,16,17,18,17,16,17,1.79769e+308,1.79769e+308,18,19,20,1.79769e+308,1.79769e+308,23,21,20,19,18,17,16,15,1.79769e+308,1.79769e+308,16,15,16,17,18,17,1.79769e+308,19,20,21,22,1.79769e+308,1.79769e+308,18,17,16,15,14,13,12,1.79769e+308,14,15,16,17,16,17,18,19,20,21,19,18,17,16,15,14,13,12,11,1.79769e+308,13,14,1.79769e+308,1.79769e+308,15,16,1.79769e+308,18,19,1.79769e+308,20,1.79769e+308,16,15,14,13,12,11,10,11,12,1.79769e+308,1.79769e+308,15,14,15,16,17,1.79769e+308,19,1.79769e+308,16,15,14,13,12,11,10,9,10,11,10,11,1.79769e+308,13,1.79769e+308,1.79769e+308,16,17,18,16,15,1.79769e+308,13,12,1.79769e+308,10,9,8,1.79769e+308,10,9,10,11,12,13,14,15,16,17,15,14,13,1.79769e+308,11,10,9,8,7,6,1.79769e+308,8,9,1.79769e+308,13,14,15,1.79769e+308,17,1.79769e+308,14,1.79769e+308,12,11,10,1.79769e+308,8,7,6,5,6,7,8,9,1.79769e+308,13,14,15,16,17,13,12,1.79769e+308,10,9,10,9,1.79769e+308,5,4,5,1.79769e+308,1.79769e+308,1.79769e+308,1.79769e+308,12,13,1.79769e+308,15,16,1.79769e+308,11,10,9,8,9,1.79769e+308,5,4,3,4,1.79769e+308,10,9,10,11,12,13,14,15,11,1.79769e+308,9,8,7,8,1.79769e+308,4,3,2,3,1.79769e+308,9,8,9,10,11,12,13,14,10,9,8,1.79769e+308,6,1.79769e+308,4,3,2,1,2,1.79769e+308,1.79769e+308,7,8,9,10,11,12,13,9,8,7,6,5,4,3,2,1,0,1,1.79769e+308,1.79769e+308,6,1.79769e+308,8,9,10,11,12,10,9,8,7,6,5,4,3,1.79769e+308,1,2,3,4,5,6,7,8,9,10,11,11,1.79769e+308,1.79769e+308,8,7,6,5,4,3,2,3,4,5,1.79769e+308,7,8,9,10,11,12,12,11,10,9,8,7,6,5,1.79769e+308,3,4,5,6,1.79769e+308,8,9,10,11,12,13,1.79769e+308,12,1.79769e+308,10,9,8,7,6,5,4,5,6,7,8,9,10,1.79769e+308,1.79769e+308,1.79769e+308,14,1.79769e+308,1.79769e+308,12,11,10,9,8,7,6,5,6,7,8,9,10,11,12,13,14,15,
286
20,19,18,1.79769e+308,1.79769e+308,1.79769e+308,18,19,1.79769e+308,19,18,1.79769e+308,1.79769e+308,1.79769e+308,1.79769e+308,23,24,1.79769e+308,28,27,1.79769e+308,18,17,16,15,1.79769e+308,17,18,19,18,17,18,1.79769e+308,1.79769e+308,21,22,23,1.79769e+308,1.79769e+308,26,18,17,16,15,14,15,16,1.79769e+308,1.79769e+308,17,16,17,18,19,20,1.79769e+308,22,23,24,25,1.79769e+308,1.79769e+308,15,14,13,14,15,14,13,1.79769e+308,15,16,17,18,19,20,21,22,23,24,16,15,14,13,12,13,14,13,12,1.79769e+308,14,15,1.79769e+308,1.79769e+308,18,19,1.79769e+308,21,22,1.79769e+308,17,1.79769e+308,13,12,11,12,13,12,11,12,13,1.79769e+308,1.79769e+308,18,17,18,19,20,1.79769e+308,22,1.79769e+308,13,12,11,10,11,12,11,10,11,12,13,14,1.79769e+308,16,1.79769e+308,1.79769e+308,19,20,21,13,12,1.79769e+308,10,9,1.79769e+308,11,10,9,1.79769e+308,13,12,13,14,15,16,17,18,19,20,12,11,10,1.79769e+308,8,9,10,9,8,9,1.79769e+308,11,12,1.79769e+308,16,17,18,1.79769e+308,20,1.79769e+308,11,1.79769e+308,9,8,7,1.79769e+308,9,8,7,8,9,10,11,12,1.79769e+308,16,17,18,19,20,10,9,1.79769e+308,7,6,7,8,1.79769e+308,6,7,8,1.79769e+308,1.79769e+308,1.79769e+308,1.79769e+308,15,16,1.79769e+308,18,19,1.79769e+308,8,7,6,5,6,1.79769e+308,4,5,6,7,1.79769e+308,13,12,13,14,15,16,17,18,8,1.79769e+308,6,5,4,5,1.79769e+308,3,4,5,6,1.79769e+308,12,11,12,13,14,15,16,17,7,6,5,1.79769e+308,3,1.79769e+308,1,2,3,4,5,1.79769e+308,1.79769e+308,10,11,12,13,14,15,16,6,5,4,3,2,1,0,1,2,3,4,1.79769e+308,1.79769e+308,9,1.79769e+308,11,12,13,14,15,7,6,5,4,3,2,1,2,1.79769e+308,4,5,6,7,8,9,10,11,12,13,14,8,1.79769e+308,1.79769e+308,5,4,3,2,3,4,5,6,7,8,1.79769e+308,10,11,12,13,14,15,9,8,7,6,5,4,3,4,1.79769e+308,6,7,8,9,1.79769e+308,11,12,13,14,15,16,1.79769e+308,9,1.79769e+308,7,6,5,4,5,6,7,8,9,10,11,12,13,1.79769e+308,1.79769e+308,1.79769e+308,17,1.79769e+308,1.79769e+308,9,8,7,6,5,6,7,8,9,10,11,12,13,14,15,16,17,18,
282
20,19,18,1.79769e+308,1.79769e+308,1.79769e+308,18,19,1.79769e+308,21,22,1.79769e+308,1.79769e+308,1.79769e+308,1.79769e+308,27,28,1.79769e+308,32,31,1.79769e+308,18,17,16,15,1.79769e+308,17,18,19,20,21,22,1.79769e+308,1.79769e+308,25,26,27,1.79769e+308,1.79769e+308,30,18,17,16,15,14,15,16,1.79769e+308,1.79769e+308,21,20,21,22,23,24,1.79769e+308,26,27,28,29,1.79769e+308,1.79769e+308,15,14,13,14,15,16,17,1.79769e+308,19,20,21,22,23,24,25,26,27,28,16,15,14,13,12,13,14,15,16,1.79769e+308,18,19,1.79769e+308,1.79769e+308,22,23,1.79769e+308,25,26,1.79769e+308,17,1.79769e+308,13,12,11,12,13,14,15,16,17,1.79769e+308,1.79769e+308,22,21,22,23,24,1.79769e+308,26,1.79769e+308,11,12,11,10,11,12,13,14,15,16,17,18,1.79769e+308,20,1.79769e+308,1.79769e+308,23,24,25,9,10,1.79769e+308,10,9,1.79769e+308,11,12,13,1.79769e+308,17,16,17,18,19,20,21,22,23,24,8,9,8,1.79769e+308,8,9,10,11,12,13,1.79769e+308,15,16,1.79769e+308,20,21,22,1.79769e+308,24,1.79769e+308,7,1.79769e+308,7,6,7,1.79769e+308,9,10,11,12,13,14,15,16,1.79769e+308,20,21,22,23,24,6,5,1.79769e+308,5,6,7,8,1.79769e+308,10,11,12,1.79769e+308,1.79769e+308,1.79769e+308,1.79769e+308,19,20,1.79769e+308,22,23,1.79769e+308,4,3,4,5,6,1.79769e+308,8,9,10,11,1.79769e+308,17,16,17,18,19,20,21,22,4,1.79769e+308,2,3,4,5,1.79769e+308,7,8,9,10,1.79769e+308,16,15,16,17,18,19,20,21,3,2,1,1.79769e+308,3,1.79769e+308,5,6,7,8,9,1.79769e+308,1.79769e+308,14,15,16,17,18,19,20,2,1,0,1,2,3,4,5,6,7,8,1.79769e+308,1.79769e+308,13,1.79769e+308,15,16,17,18,19,3,2,1,2,3,4,5,6,1.79769e+308,8,9,10,11,12,13,14,15,16,17,18,4,1.79769e+308,1.79769e+308,3,4,5,6,7,8,9,10,11,12,1.79769e+308,14,15,16,17,18,19,5,6,5,4,5,6,7,8,1.79769e+308,10,11,12,13,1.79769e+308,15,16,17,18,19,20,1.79769e+308,7,1.79769e+308,5,6,7,8,9,10,11,12,13,14,15,16,17,1.79769e+308,1.79769e+308,1.79769e+308,21,1.79769e+308,1.79769e+308,7,6,7,8,9,10,11,12,13,14,15,16,17,18,19,20,21,22,
279
32,31,30,1.79769e+308,1.79769e+308,1.79769e+308,26,25,1.79769e+308,23,22,1.79769e+308,1.79769e+308,1.79769e+308,1.79769e+308,17,16,1.79769e+308,18,17,1.79769e+308,30,29,28,27,1.79769e+308,25,24,23,22,21,20,1.79769e+308,1.79769e+308,17,16,15,1.79769e+308,1.79769e+308,16,30,29,28,27,26,25,24,1.79769e+308,1.79769e+308,21,20,19,18,17,16,1.79769e+308,14,13,14,15,1.79769e+308,1.79769e+308,27,26,25,24,23,22,21,1.79769e+308,19,18,17,16,15,14,13,12,13,14,28,27,26,25,24,23,22,21,20,1.79769e+308,18,19,1.79769e+308,1.79769e+308,14,13,1.79769e+308,11,12,1.79769e+308,29,1.79769e+308,25,24,23,22,21,20,19,18,17,1.79769e+308,1.79769e+308,14,13,12,11,10,1.79769e+308,10,1.79769e+308,25,24,23,22,21,20,19,18,17,16,15,14,1.79769e+308,12,1.79769e+308,1.79769e+308,9,8,9,27,26,1.79769e+308,24,23,1.79769e+308,21,20,19,1.79769e+308,15,14,13,12,11,10,9,8,7,8,28,27,26,1.79769e+308,24,23,22,21,20,19,1.79769e+308,15,14,1.79769e+308,10,9,8,1.79769e+308,6,1.79769e+308,27,1.79769e+308,25,24,23,1.79769e+308,21,20,19,18,17,16,15,16,1.79769e+308,8,7,6,5,4,26,25,1.79769e+308,23,22,23,22,1.79769e+308,18,17,16,1.79769e+308,1.79769e+308,1.79769e+308,1.79769e+308,7,6,1.79769e+308,4,3,1.79769e+308,24,23,22,21,22,1.79769e+308,18,17,16,15,1.79769e+308,9,8,7,6,5,4,3,2,24,1.79769e+308,22,21,20,21,1.79769e+308,17,16,15,14,1.79769e+308,8,7,6,5,4,3,2,1,23,22,21,1.79769e+308,19,1.79769e+308,17,16,15,14,13,1.79769e+308,1.79769e+308,6,5,4,3,2,1,0,22,21,20,19,18,17,16,15,14,13,12,1.79769e+308,1.79769e+308,7,1.79769e+308,5,4,3,2,1,23,22,21,20,19,18,17,16,1.79769e+308,12,11,10,9,8,7,6,5,4,3,2,24,1.79769e+308,1.79769e+308,19,18,17,16,15,14,13,12,11,10,1.79769e+308,8,7,6,5,4,3,23,22,21,20,19,18,17,16,1.79769e+308,14,13,12,11,1.79769e+308,9,8,7,6,5,4,1.79769e+308,23,1.79769e+308,21,20,19,18,17,16,15,14,13,12,11,10,9,1.79769e+308,1.79769e+308,1.79769e+308,5,1.79769e+308,1.79769e+308,23,22,21,20,19,18,17,16,15,14,13,12,11,10,9,8,7,6,
266
21,20,19,1.79769e+308,1.79769e+308,1.79769e+308,17,18,1.79769e+308,18,17,1.79769e+308,1.79769e+308,1.79769e+308,1.79769e+308,22,23,1.79769e+308,27,26,1.79769e+308,19,18,17,16,1.79769e+308,16,17,18,17,16,17,1.79769e+308,1.79769e+308,20,21,22,1.79769e+308,1.79769e+308,25,19,18,17,16,15,16,15,1.79769e+308,1.79769e+308,16,15,16,17,18,19,1.79769e+308,21,22,23,24,1.79769e+308,1.79769e+308,16,15,14,15,14,13,12,1.79769e+308,14,15,16,17,18,19,20,21,22,23,17,16,15,14,13,14,13,12,11,1.79769e+308,13,14,1.79769e+308,1.79769e+308,17,18,1.79769e+308,20,21,1.79769e+308,18,1.79769e+308,14,13,12,13,12,11,10,11,12,1.79769e+308,1.79769e+308,17,16,17,18,19,1.79769e+308,21,1.79769e+308,14,13,12,11,12,11,10,9,10,11,12,13,1.79769e+308,15,1.79769e+308,1.79769e+308,18,19,20,14,13,1.79769e+308,11,10,1.79769e+308,10,9,8,1.79769e+308,12,11,12,13,14,15,16,17,18,19,13,12,11,1.79769e+308,9,10,9,8,7,8,1.79769e+308,10,11,1.79769e+308,15,16,17,1.79769e+308,19,1.79769e+308,12,1.79769e+308,10,9,8,1.79769e+308,8,7,6,7,8,9,10,11,1.79769e+308,17,18,19,20,21,11,10,1.79769e+308,8,7,8,9,1.79769e+308,5,6,7,1.79769e+308,1.79769e+308,1.79769e+308,1.79769e+308,16,17,1.79769e+308,19,20,1.79769e+308,9,8,7,6,7,1.79769e+308,3,4,5,6,1.79769e+308,14,13,14,15,16,17,18,19,9,1.79769e+308,7,6,5,6,1.79769e+308,2,3,4,5,1.79769e+308,13,12,13,14,15,16,17,18,8,7,6,1.79769e+308,4,1.79769e+308,0,1,2,3,4,1.79769e+308,1.79769e+308,11,12,13,14,15,16,17,7,6,5,4,3,2,1,2,3,4,5,1.79769e+308,1.79769e+308,10,1.79769e+308,12,13,14,15,16,8,7,6,5,4,3,2,3,1.79769e+308,5,6,7,8,9,10,11,12,13,14,15,9,1.79769e+308,1.79769e+308,6,5,4,3,4,5,6,7,8,9,1.79769e+308,11,12,13,14,15,16,10,9,8,7,6,5,4,5,1.79769e+308,7,8,9,10,1.79769e+308,12,13,14,15,16,17,1.79769e+308,10,1.79769e+308,8,7,6,5,6,7,8,9,10,11,12,13,14,1.79769e+308,1.79769e+308,1.79769e+308,18,1.79769e+308,1.79769e+308,10,9,8,7,6,7,8,9,10,11,12,13,14,15,16,17,18,19,
264
17,16,15,1.79769e+308,1.79769e+308,1.79769e+308,15,16,1.79769e+308,18,19,1.79769e+308,1.79769e+308,1.79769e+308,1.79769e+308,24,25,1.79769e+308,29,28,1.79769e+308,15,14,13,12,1.79769e+308,14,15,16,17,18,19,1.79769e+308,1.79769e+308,22,23,24,1.79769e+308,1.79769e+308,27,15,14,13,12,11,12,13,1.79769e+308,1.79769e+308,18,17,18,19,20,21,1.79769e+308,23,24,25,26,1.79769e+308,1.79769e+308,12,11,10,11,12,13,14,1.79769e+308,16,17,18,19,20,21,22,23,24,25,13,12,11,10,9,10,11,12,13,1.79769e+308,15,16,1.79769e+308,1.79769e+308,19,20,1.79769e+308,22,23,1.79769e+308,14,1.79769e+308,10,9,8,9,10,11,12,13,14,1.79769e+308,1.79769e+308,19,18,19,20,21,1.79769e+308,23,1.79769e+308,10,9,8,7,8,9,10,11,12,13,14,15,1.79769e+308,17,1.79769e+308,1.79769e+308,20,21,22,10,9,1.79769e+308,7,6,1.79769e+308,8,9,10,1.79769e+308,14,13,14,15,16,17,18,19,20,21,9,8,7,1.79769e+308,5,6,7,8,9,10,1.79769e+308,12,13,1.79769e+308,17,18,19,1.79769e+308,21,1.79769e+308,8,1.79769e+308,6,5,4,1.79769e+308,6,7,8,9,10,11,12,13,1.79769e+308,19,20,21,22,23,7,6,1.79769e+308,4,3,4,5,1.79769e+308,9,10,11,1.79769e+308,1.79769e+308,1.79769e+308,1.79769e+308,18,19,1.79769e+308,21,22,1.79769e+308,5,4,3,2,3,1.79769e+308,7,8,9,10,1.79769e+308,16,15,16,17,18,19,20,21,7,1.79769e+308,3,2,1,2,1.79769e+308,6,7,8,9,1.79769e+308,15,14,15,16,17,18,19,20,6,5,4,1.79769e+308,0,1.79769e+308,4,5,6,7,8,1.79769e+308,1.79769e+308,13,14,15,16,17,18,19,5,4,3,2,1,2,3,4,5,6,7,1.79769e+308,1.79769e+308,12,1.79769e+308,14,15,16,17,18,6,5,4,3,2,3,4,5,1.79769e+308,7,8,9,10,11,12,13,14,15,16,17,7,1.79769e+308,1.79769e+308,4,3,4,5,6,7,8,9,10,11,1.79769e+308,13,14,15,16,17,18,8,7,6,5,4,5,6,7,1.79769e+308,9,10,11,12,1.79769e+308,14,15,16,17,18,19,1.79769e+308,8,1.79769e+308,6,5,6,7,8,9,10,11,12,13,14,15,16,1.79769e+308,1.79769e+308,1.79769e+308,20,1.79769e+308,1.79769e+308,8,7,6,7,8,9,10,11,12,13,14,15,16,17,18,19,20,21,
262
19,18,17,1.79769e+308,1.79769e+308,1.79769e+308,17,18,1.79769e+308,20,21,1.79769e+308,1.79769e+308,1.79769e+308,1.79769e+308,26,27,1.79769e+308,31,30,1.79769e+308,17,16,15,14,1.79769e+308,16,17,18,19,20,21,1.79769e+308,1.79769e+308,24,25,26,1.79769e+308,1.79769e+308,29,17,16,15,14,13,14,15,1.79769e+308,1.79769e+308,20,19,20,21,22,23,1.79769e+308,25,26,27,28,1.79769e+308,1.79769e+308,14,13,12,13,14,15,16,1.79769e+308,18,19,20,21,22,23,24,25,26,27,15,14,13,12,11,12,13,14,15,1.79769e+308,17,18,1.79769e+308,1.79769e+308,21,22,1.79769e+308,24,25,1.79769e+308,16,1.79769e+308,12,11,10,11,12,13,14,15,16,1.79769e+308,1.79769e+308,21,20,21,22,23,1.79769e+308,25,1.79769e+308,10,11,10,9,10,11,12,13,14,15,16,17,1.79769e+308,19,1.79769e+308,1.79769e+308,22,23,24,8,9,1.79769e+308,9,8,1.79769e+308,10,11,12,1.79769e+308,16,15,16,17,18,19,20,21,22,23,7,8,7,1.79769e+308,7,8,9,10,11,12,1.79769e+308,14,15,1.79769e+308,19,20,21,1.79769e+308,23,1.79769e+308,6,1.79769e+308,6,5,6,1.79769e+308,8,9,10,11,12,13,14,15,1.79769e+308,21,22,23,24,25,5,4,1.79769e+308,4,5,6,7,1.79769e+308,11,12,13,1.79769e+308,1.79769e+308,1.79769e+308,1.79769e+308,20,21,1.79769e+308,23,24,1.79769e+308,3,2,3,4,5,1.79769e+308,9,10,11,12,1.79769e+308,18,17,18,19,20,21,22,23,3,1.79769e+308,1,2,3,4,1.79769e+308,8,9,10,11,1.79769e+308,17,16,17,18,19,20,21,22,2,1,0,1.79769e+308,4,1.79769e+308,6,7,8,9,10,1.79769e+308,1.79769e+308,15,16,17,18,19,20,21,3,2,1,2,3,4,5,6,7,8,9,1.79769e+308,1.79769e+308,14,1.79769e+308,16,17,18,19,20,4,3,2,3,4,5,6,7,1.79769e+308,9,10,11,12,13,14,15,16,17,18,19,5,1.79769e+308,1.79769e+308,4,5,6,7,8,9,10,11,12,13,1.79769e+308,15,16,17,18,19,20,6,7,6,5,6,7,8,9,1.79769e+308,11,12,13,14,1.79769e+308,16,17,18,19,20,21,1.79769e+308,8,1.79769e+308,6,7,8,9,10,11,12,13,14,15,16,17,18,1.79769e+308,1.79769e+308,1.79769e+308,22,1.79769e+308,1.79769e+308,8,7,8,9,10,11,12,13,14,15,16,17,18,19,20,21,22,23,
255
27,26,25,1.79769e+308,1.79769e+308,1.79769e+308,21,20,1.79769e+308,18,17,1.79769e+308,1.79769e+308,1.79769e+308,1.79769e+308,14,15,1.79769e+308,17,16,1.79769e+308,25,24,23,22,1.79769e+308,20,19,18,17,16,15,1.79769e+308,1.79769e+308,12,13,14,1.79769e+308,1.79769e+308,15,25,24,23,22,21,20,19,1.79769e+308,1.79769e+308,16,15,14,13,12,11,1.79769e+308,13,12,13,14,1.79769e+308,1.79769e+308,22,21,20,19,18,17,16,1.79769e+308,14,13,12,11,10,11,12,11,12,13,23,22,21,20,19,18,17,16,15,1.79769e+308,13,14,1.79769e+308,1.79769e+308,9,10,1.79769e+308,10,11,1.79769e+308,24,1.79769e+308,20,19,18,17,16,15,14,13,12,1.79769e+308,1.79769e+308,9,8,9,10,9,1.79769e+308,11,1.79769e+308,20,19,18,17,16,15,14,13,12,11,10,9,1.79769e+308,7,1.79769e+308,1.79769e+308,8,9,10,22,21,1.79769e+308,19,18,1.79769e+308,16,15,14,1.79769e+308,10,9,8,7,6,5,6,7,8,9,23,22,23,1.79769e+308,19,18,17,16,15,14,1.79769e+308,10,9,1.79769e+308,5,4,5,1.79769e+308,7,1.79769e+308,24,1.79769e+308,22,21,20,1.79769e+308,16,15,14,13,12,11,10,11,1.79769e+308,3,4,5,6,7,23,22,1.79769e+308,20,19,18,17,1.79769e+308,15,14,13,1.79769e+308,1.79769e+308,1.79769e+308,1.79769e+308,2,3,1.79769e+308,5,6,1.79769e+308,21,20,19,18,19,1.79769e+308,15,14,13,12,1.79769e+308,4,3,2,1,2,3,4,5,21,1.79769e+308,19,18,17,18,1.79769e+308,14,13,12,11,1.79769e+308,3,2,1,0,1,2,3,4,20,19,18,1.79769e+308,16,1.79769e+308,14,13,12,11,10,1.79769e+308,1.79769e+308,3,2,1,2,3,4,5,19,18,17,16,15,14,13,12,11,10,9,1.79769e+308,1.79769e+308,4,1.79769e+308,2,3,4,5,6,20,19,18,17,16,15,14,13,1.79769e+308,9,8,7,6,5,4,3,4,5,6,7,21,1.79769e+308,1.79769e+308,16,15,14,13,12,11,10,9,8,7,1.79769e+308,5,4,5,6,7,8,20,19,18,17,16,15,14,13,1.79769e+308,11,10,9,8,1.79769e+308,6,5,6,7,8,9,1.79769e+308,20,1.79769e+308,18,17,16,15,14,13,12,11,10,9,8,7,6,1.79769e+308,1.79769e+308,1.79769e+308,10,1.79769e+308,1.79769e+308,20,19,18,17,16,15,14,13,12,11,10,9,8,7,8,9,10,11,
254
28,27,26,1.79769e+308,1.79769e+308,1.79769e+308,22,21,1.79769e+308,19,18,1.79769e+308,1.79769e+308,1.79769e+308,1.79769e+308,15,16,1.79769e+308,18,17,1.79769e+308,26,25,24,23,1.79769e+308,21,20,19,18,17,16,1.79769e+308,1.79769e+308,13,14,15,1.79769e+308,1.79769e+308,16,26,25,24,23,22,21,20,1.79769e+308,1.79769e+308,17,16,15,14,13,12,1.79769e+308,14,13,14,15,1.79769e+308,1.79769e+308,23,22,21,20,19,18,17,1.79769e+308,15,14,13,12,11,12,13,12,13,14,24,23,22,21,20,19,18,17,16,1.79769e+308,14,15,1.79769e+308,1.79769e+308,10,11,1.79769e+308,11,12,1.79769e+308,25,1.79769e+308,21,20,19,18,17,16,15,14,13,1.79769e+308,1.79769e+308,10,9,10,11,10,1.79769e+308,12,1.79769e+308,21,20,19,18,17,16,15,14,13,12,11,10,1.79769e+308,8,1.79769e+308,1.79769e+308,9,10,11,23,22,1.79769e+308,20,19,1.79769e+308,17,16,15,1.79769e+308,11,10,9,8,7,6,7,8,9,10,24,23,22,1.79769e+308,20,19,18,17,16,15,1.79769e+308,11,10,1.79769e+308,6,5,6,1.79769e+308,8,1.79769e+308,23,1.79769e+308,21,20,19,1.79769e+308,17,16,15,14,13,12,11,12,1.79769e+308,4,5,6,7,8,22,21,1.79769e+308,19,18,19,18,1.79769e+308,14,13,12,1.79769e+308,1.79769e+308,1.79769e+308,1.79769e+308,3,4,1.79769e+308,6,7,1.79769e+308,20,19,18,17,18,1.79769e+308,14,13,12,11,1.79769e+308,3,2,1,2,3,4,5,6,20,1.79769e+308,18,17,16,17,1.79769e+308,13,12,11,10,1.79769e+308,2,1,0,1,2,3,4,5,19,18,17,1.79769e+308,15,1.79769e+308,13,12,11,10,9,1.79769e+308,1.79769e+308,2,1,2,3,4,5,6,18,17,16,15,14,13,12,11,10,9,8,1.79769e+308,1.79769e+308,3,1.79769e+308,3,4,5,6,7,19,18,17,16,15,14,13,12,1.79769e+308,8,7,6,5,4,5,4,5,6,7,8,20,1.79769e+308,1.79769e+308,15,14,13,12,11,10,9,8,7,6,1.79769e+308,6,5,6,7,8,9,19,18,17,16,15,14,13,12,1.79769e+308,10,9,8,7,1.79769e+308,7,6,7,8,9,10,1.79769e+308,19,1.79769e+308,17,16,15,14,13,12,11,10,9,8,9,8,7,1.79769e+308,1.79769e+308,1.79769e+308,11,1.79769e+308,1.79769e+308,19,18,17,16,15,14,13,12,11,10,9,10,9,8,9,10,11,12,
253
29,28,27,1.79769e+308,1.79769e+308,1.79769e+308,23,22,1.79769e+308,20,19,1.79769e+308,1.79769e+308,1.79769e+308,1.79769e+308,16,17,1.79769e+308,19,18,1.79769e+308,27,26,25,24,1.79769e+308,22,21,20,19,18,17,1.79769e+308,1.79769e+308,14,15,16,1.79769e+308,1.79769e+308,17,27,26,25,24,23,22,21,1.79769e+308,1.79769e+308,18,17,16,15,14,13,1.79769e+308,15,14,15,16,1.79769e+308,1.79769e+308,24,23,22,21,20,19,18,1.79769e+308,16,15,14,13,12,13,14,13,14,15,25,24,23,22,21,20,19,18,17,1.79769e+308,15,16,1.79769e+308,1.79769e+308,11,12,1.79769e+308,12,13,1.79769e+308,26,1.79769e+308,22,21,20,19,18,17,16,15,14,1.79769e+308,1.79769e+308,11,10,11,12,11,1.79769e+308,13,1.79769e+308,22,21,20,19,18,17,16,15,14,13,12,11,1.79769e+308,9,1.79769e+308,1.79769e+308,10,11,12,24,23,1.79769e+308,21,20,1.79769e+308,18,17,16,1.79769e+308,12,11,10,9,8,7,8,9,10,11,23,22,21,1.79769e+308,19,18,17,16,15,14,1.79769e+308,12,11,1.79769e+308,7,6,7,1.79769e+308,9,1.79769e+308,22,1.79769e+308,20,19,18,1.79769e+308,16,15,14,13,12,13,12,13,1.79769e+308,5,6,7,8,9,21,20,1.79769e+308,18,17,18,17,1.79769e+308,13,12,11,1.79769e+308,1.79769e+308,1.79769e+308,1.79769e+308,4,5,1.79769e+308,7,8,1.79769e+308,19,18,17,16,17,1.79769e+308,13,12,11,10,1.79769e+308,2,1,2,3,4,5,6,7,19,1.79769e+308,17,16,15,16,1.79769e+308,12,11,10,9,1.79769e+308,1,0,1,2,3,4,5,6,18,17,16,1.79769e+308,14,1.79769e+308,12,11,10,9,8,1.79769e+308,1.79769e+308,1,2,3,4,5,6,7,17,16,15,14,13,12,11,10,9,8,7,1.79769e+308,1.79769e+308,2,1.79769e+308,4,5,6,7,8,18,17,16,15,14,13,12,11,1.79769e+308,7,6,5,4,3,4,5,6,7,8,9,19,1.79769e+308,1.79769e+308,14,13,12,11,10,9,8,7,6,5,1.79769e+308,5,6,7,8,9,10,18,17,16,15,14,13,12,11,1.79769e+308,9,8,7,6,1.79769e+308,6,7,8,9,10,11,1.79769e+308,18,1.79769e+308,16,15,14,13,12,11,10,9,8,7,8,7,8,1.79769e+308,1.79769e+308,1.79769e+308,12,1.79769e+308,1.79769e+308,18,17,16,15,14,13,12,11,10,9,8,9,8,9,10,11,12,13,
248
20,19,18,1.79769e+308,1.79769e+308,1.79769e+308,14,15,1.79769e+308,15,14,1.79769e+308,1.79769e+308,1.79769e+308,1.79769e+308,19,20,1.79769e+308,24,23,1.79769e+308,18,17,16,15,1.79769e+308,13,14,15,14,13,14,1.79769e+308,1.79769e+308,17,18,19,1.79769e+308,1.79769e+308,22,18,17,16,15,14,13,12,1.79769e+308,1.79769e+308,13,12,13,14,15,16,1.79769e+308,18,19,20,21,1.79769e+308,1.79769e+308,15,14,13,12,11,10,9,1.79769e+308,11,12,13,14,15,16,17,18,19,20,16,15,14,13,12,11,10,9,8,1.79769e+308,10,11,1.79769e+308,1.79769e+308,14,15,1.79769e+308,17,18,1.79769e+308,17,1.79769e+308,13,12,11,10,9,8,7,8,9,1.79769e+308,1.79769e+308,14,13,14,15,16,1.79769e+308,18,1.79769e+308,13,12,11,10,9,8,7,6,7,8,9,10,1.79769e+308,12,1.79769e+308,1.79769e+308,15,16,17,15,14,1.79769e+308,10,9,1.79769e+308,7,6,5,1.79769e+308,9,8,9,10,11,12,13,14,15,16,14,13,12,1.79769e+308,8,7,6,5,4,5,1.79769e+308,7,8,1.79769e+308,12,13,14,1.79769e+308,16,1.79769e+308,15,1.79769e+308,11,10,9,1.79769e+308,5,4,3,4,5,6,7,8,1.79769e+308,14,15,16,17,18,14,13,1.79769e+308,9,8,7,6,1.79769e+308,2,3,4,1.79769e+308,1.79769e+308,1.79769e+308,1.79769e+308,15,16,1.79769e+308,18,19,1.79769e+308,12,11,10,9,8,1.79769e+308,2,1,2,3,1.79769e+308,13,12,13,14,15,16,17,18,12,1.79769e+308,10,9,8,9,1.79769e+308,1,0,1,2,1.79769e+308,12,11,12,13,14,15,16,17,11,10,9,1.79769e+308,7,1.79769e+308,3,2,1,2,3,1.79769e+308,1.79769e+308,10,11,12,13,14,15,16,10,9,8,7,6,5,4,3,2,3,4,1.79769e+308,1.79769e+308,9,1.79769e+308,11,12,13,14,15,11,10,9,8,7,6,5,4,1.79769e+308,4,5,6,7,8,9,10,11,12,13,14,12,1.79769e+308,1.79769e+308,9,8,7,6,5,6,5,6,7,8,1.79769e+308,10,11,12,13,14,15,13,12,11,10,9,8,7,6,1.79769e+308,6,7,8,9,1.79769e+308,11,12,13,14,15,16,1.79769e+308,13,1.79769e+308,11,10,9,8,7,8,7,8,9,10,11,12,13,1.79769e+308,1.79769e+308,1.79769e+308,17,1.79769e+308,1.79769e+308,13,12,11,10,9,8,9,8,9,10,11,12,13,14,15,16,17,18,
245
17,16,15,1.79769e+308,1.79769e+308,1.79769e+308,13,14,1.79769e+308,16,17,1.79769e+308,1.79769e+308,1.79769e+308,1.79769e+308,22,23,1.79769e+308,27,26,1.79769e+308,15,14,13,12,1.79769e+308,12,13,14,15,16,17,1.79769e+308,1.79769e+308,20,21,22,1.79769e+308,1.79769e+308,25,15,14,13,12,11,12,11,1.79769e+308,1.79769e+308,16,15,16,17,18,19,1.79769e+308,21,22,23,24,1.79769e+308,1.79769e+308,12,11,10,11,10,11,12,1.79769e+308,14,15,16,17,18,19,20,21,22,23,13,12,11,10,9,10,9,10,11,1.79769e+308,13,14,1.79769e+308,1.79769e+308,17,18,1.79769e+308,20,21,1.79769e+308,14,1.79769e+308,10,9,8,9,8,9,10,11,12,1.79769e+308,1.79769e+308,17,16,17,18,19,1.79769e+308,21,1.79769e+308,10,9,8,7,8,7,8,9,10,11,12,13,1.79769e+308,15,1.79769e+308,1.79769e+308,18,19,20,10,9,1.79769e+308,7,6,1.79769e+308,6,7,8,1.79769e+308,12,11,12,13,14,15,16,17,18,19,9,8,7,1.79769e+308,5,6,5,6,7,8,1.79769e+308,10,11,1.79769e+308,15,16,17,1.79769e+308,19,1.79769e+308,8,1.79769e+308,6,5,4,1.79769e+308,4,5,6,7,8,9,10,11,1.79769e+308,17,18,19,20,21,7,6,1.79769e+308,4,3,2,3,1.79769e+308,7,8,9,1.79769e+308,1.79769e+308,1.79769e+308,1.79769e+308,18,19,1.79769e+308,21,22,1.79769e+308,5,4,3,2,1,1.79769e+308,9,8,9,10,1.79769e+308,18,17,18,19,20,21,22,23,7,1.79769e+308,3,2,1,0,1.79769e+308,8,9,10,11,1.79769e+308,17,16,17,18,19,20,21,22,6,5,4,1.79769e+308,2,1.79769e+308,6,7,8,9,10,1.79769e+308,1.79769e+308,15,16,17,18,19,20,21,7,6,5,4,3,4,5,6,7,8,9,1.79769e+308,1.79769e+308,14,1.79769e+308,16,17,18,19,20,8,7,6,5,4,5,6,7,1.79769e+308,9,10,11,12,13,14,15,16,17,18,19,9,1.79769e+308,1.79769e+308,6,5,6,7,8,9,10,11,12,13,1.79769e+308,15,16,17,18,19,20,10,9,8,7,6,7,8,9,1.79769e+308,11,12,13,14,1.79769e+308,16,17,18,19,20,21,1.79769e+308,10,1.79769e+308,8,7,8,9,10,11,12,13,14,15,16,17,18,1.79769e+308,1.79769e+308,1.79769e+308,22,1.79769e+308,1.79769e+308,10,9,8,9,10,11,12,13,14,15,16,17,18,19,20,21,22,23,
240
22,21,20,1.79769e+308,1.79769e+308,1.79769e+308,20,21,1.79769e+308,23,24,1.79769e+308,1.79769e+308,1.79769e+308,1.79769e+308,29,30,1.79769e+308,34,33,1.79769e+308,20,19,18,17,1.79769e+308,19,20,21,22,23,24,1.79769e+308,1.79769e+308,27,28,29,1.79769e+308,1.79769e+308,32,20,19,18,17,16,17,18,1.79769e+308,1.79769e+308,23,22,23,24,25,26,1.79769e+308,28,29,30,31,1.79769e+308,1.79769e+308,17,16,15,16,17,18,19,1.79769e+308,21,22,23,24,25,26,27,28,29,30,18,17,16,15,14,15,16,17,18,1.79769e+308,20,21,1.79769e+308,1.79769e+308,24,25,1.79769e+308,27,28,1.79769e+308,19,1.79769e+308,15,14,13,14,15,16,17,18,19,1.79769e+308,1.79769e+308,24,23,24,25,26,1.79769e+308,28,1.79769e+308,13,14,13,12,13,14,15,16,17,18,19,20,1.79769e+308,22,1.79769e+308,1.79769e+308,25,26,27,11,12,1.79769e+308,12,11,1.79769e+308,13,14,15,1.79769e+308,19,18,19,20,21,22,23,24,25,26,10,11,10,1.79769e+308,10,11,12,13,14,15,1.79769e+308,17,18,1.79769e+308,22,23,24,1.79769e+308,26,1.79769e+308,9,1.79769e+308,9,8,9,1.79769e+308,11,12,13,14,15,16,17,18,1.79769e+308,24,25,26,27,28,8,7,1.79769e+308,7,8,9,10,1.79769e+308,14,15,16,1.79769e+308,1.79769e+308,1.79769e+308,1.79769e+308,23,24,1.79769e+308,26,27,1.79769e+308,6,5,6,7,8,1.79769e+308,12,13,14,15,1.79769e+308,21,20,21,22,23,24,25,26,0,1.79769e+308,4,5,6,7,1.79769e+308,11,12,13,14,1.79769e+308,20,19,20,21,22,23,24,25,1,2,3,1.79769e+308,7,1.79769e+308,9,10,11,12,13,1.79769e+308,1.79769e+308,18,19,20,21,22,23,24,2,3,4,5,6,7,8,9,10,11,12,1.79769e+308,1.79769e+308,17,1.79769e+308,19,20,21,22,23,3,4,5,6,7,8,9,10,1.79769e+308,12,13,14,15,16,17,18,19,20,21,22,4,1.79769e+308,1.79769e+308,7,8,9,10,11,12,13,14,15,16,1.79769e+308,18,19,20,21,22,23,5,6,7,8,9,10,11,12,1.79769e+308,14,15,16,17,1.79769e+308,19,20,21,22,23,24,1.79769e+308,7,1.79769e+308,9,10,11,12,13,14,15,16,17,18,19,20,21,1.79769e+308,1.79769e+308,1.79769e+308,25,1.79769e+308,1.79769e+308,11,10,11,12,13,14,15,16,17,18,19,20,21,22,23,24,25,26,
229
20,19,18,1.79769e+308,1.79769e+308,1.79769e+308,14,15,1.79769e+308,15,14,1.79769e+308,1.79769e+308,1.79769e+308,1.79769e+308,17,18,1.79769e+308,22,21,1.79769e+308,18,17,16,15,1.79769e+308,13,14,15,14,13,14,1.79769e+308,1.79769e+308,15,16,17,1.79769e+308,1.79769e+308,20,18,17,16,15,14,13,12,1.79769e+308,1.79769e+308,13,12,13,14,15,14,1.79769e+308,16,17,18,19,1.79769e+308,1.79769e+308,15,14,13,12,11,10,9,1.79769e+308,11,12,13,14,13,14,15,16,17,18,16,15,14,13,12,11,10,9,8,1.79769e+308,10,11,1.79769e+308,1.79769e+308,12,13,1.79769e+308,15,16,1.79769e+308,17,1.79769e+308,13,12,11,10,9,8,7,8,9,1.79769e+308,1.79769e+308,12,11,12,13,14,1.79769e+308,16,1.79769e+308,13,12,11,10,9,8,7,6,7,8,7,8,1.79769e+308,10,1.79769e+308,1.79769e+308,13,14,15,15,14,1.79769e+308,10,9,1.79769e+308,7,6,5,1.79769e+308,7,6,7,8,9,10,11,12,13,14,14,13,12,1.79769e+308,8,7,6,5,4,3,1.79769e+308,5,6,1.79769e+308,10,11,12,1.79769e+308,14,1.79769e+308,15,1.79769e+308,11,10,9,1.79769e+308,5,4,3,2,3,4,5,6,1.79769e+308,12,13,14,15,16,14,13,1.79769e+308,9,8,7,6,1.79769e+308,2,1,2,1.79769e+308,1.79769e+308,1.79769e+308,1.79769e+308,13,14,1.79769e+308,16,17,1.79769e+308,12,11,10,9,8,1.79769e+308,2,1,0,1,1.79769e+308,13,12,13,14,15,16,17,18,14,1.79769e+308,12,11,10,9,1.79769e+308,3,2,1,2,1.79769e+308,12,11,12,13,14,15,16,17,13,12,11,1.79769e+308,9,1.79769e+308,5,4,3,2,3,1.79769e+308,1.79769e+308,10,11,12,13,14,15,16,12,11,10,9,8,7,6,5,4,3,4,1.79769e+308,1.79769e+308,9,1.79769e+308,11,12,13,14,15,13,12,11,10,9,8,7,6,1.79769e+308,4,5,6,7,8,9,10,11,12,13,14,14,1.79769e+308,1.79769e+308,11,10,9,8,7,6,5,6,7,8,1.79769e+308,10,11,12,13,14,15,15,14,13,12,11,10,9,8,1.79769e+308,6,7,8,9,1.79769e+308,11,12,13,14,15,16,1.79769e+308,15,1.79769e+308,13,12,11,10,9,8,7,8,9,10,11,12,13,1.79769e+308,1.79769e+308,1.79769e+308,17,1.79769e+308,1.79769e+308,15,14,13,12,11,10,9,8,9,10,11,12,13,14,15,16,17,18,
225
16,15,14,1.79769e+308,1.79769e+308,1.79769e+308,12,13,1.79769e+308,15,16,1.79769e+308,1.79769e+308,1.79769e+308,1.79769e+308,21,22,1.79769e+308,26,25,1.79769e+308,14,13,12,11,1.79769e+308,11,12,13,14,15,16,1.79769e+308,1.79769e+308,19,20,21,1.79769e+308,1.79769e+308,24,14,13,12,11,10,11,10,1.79769e+308,1.79769e+308,15,14,15,16,17,18,1.79769e+308,20,21,22,23,1.79769e+308,1.79769e+308,11,10,9,10,9,10,11,1.79769e+308,13,14,15,16,17,18,19,20,21,22,12,11,10,9,8,9,8,9,10,1.79769e+308,12,13,1.79769e+308,1.79769e+308,16,17,1.79769e+308,19,20,1.79769e+308,13,1.79769e+308,9,8,7,8,7,8,9,10,11,1.79769e+308,1.79769e+308,16,15,16,17,18,1.79769e+308,20,1.79769e+308,9,8,7,6,7,6,7,8,9,10,11,12,1.79769e+308,14,1.79769e+308,1.79769e+308,17,18,19,9,8,1.79769e+308,6,5,1.79769e+308,5,6,7,1.79769e+308,11,10,11,12,13,14,15,16,17,18,8,7,6,1.79769e+308,4,5,4,5,6,7,1.79769e+308,9,10,1.79769e+308,14,15,16,1.79769e+308,18,1.79769e+308,7,1.79769e+308,5,4,3,1.79769e+308,3,4,5,6,7,8,9,10,1.79769e+308,16,17,18,19,20,6,5,1.79769e+308,3,2,1,2,1.79769e+308,6,7,8,1.79769e+308,1.79769e+308,1.79769e+308,1.79769e+308,17,18,1.79769e+308,20,21,1.79769e+308,4,3,2,1,0,1.79769e+308,8,7,8,9,1.79769e+308,19,18,19,18,19,20,21,22,8,1.79769e+308,4,3,2,1,1.79769e+308,9,8,9,10,1.79769e+308,18,17,18,19,20,21,22,23,7,6,5,1.79769e+308,3,1.79769e+308,7,8,9,10,11,1.79769e+308,1.79769e+308,16,17,18,19,20,21,22,8,7,6,5,4,5,6,7,8,9,10,1.79769e+308,1.79769e+308,15,1.79769e+308,17,18,19,20,21,9,8,7,6,5,6,7,8,1.79769e+308,10,11,12,13,14,15,16,17,18,19,20,10,1.79769e+308,1.79769e+308,7,6,7,8,9,10,11,12,13,14,1.79769e+308,16,17,18,19,20,21,11,10,9,8,7,8,9,10,1.79769e+308,12,13,14,15,1.79769e+308,17,18,19,20,21,22,1.79769e+308,11,1.79769e+308,9,8,9,10,11,12,13,14,15,16,17,18,19,1.79769e+308,1.79769e+308,1.79769e+308,23,1.79769e+308,1.79769e+308,11,10,9,10,11,12,13,14,15,16,17,18,19,20,21,22,23,24,
210
20,19,18,1.79769e+308,1.79769e+308,1.79769e+308,14,15,1.79769e+308,13,12,1.79769e+308,1.79769e+308,1.79769e+308,1.79769e+308,15,16,1.79769e+308,20,19,1.79769e+308,18,17,16,15,1.79769e+308,13,14,13,12,11,12,1.79769e+308,1.79769e+308,13,14,15,1.79769e+308,1.79769e+308,18,18,17,16,15,14,13,12,1.79769e+308,1.79769e+308,11,10,11,12,13,12,1.79769e+308,14,15,16,17,1.79769e+308,1.79769e+308,15,14,13,12,11,10,9,1.79769e+308,9,10,11,12,11,12,13,14,15,16,16,15,14,13,12,11,10,9,8,1.79769e+308,8,9,1.79769e+308,1.79769e+308,10,11,1.79769e+308,13,14,1.79769e+308,17,1.79769e+308,13,12,11,10,9,8,7,8,7,1.79769e+308,1.79769e+308,10,9,10,11,12,1.79769e+308,14,1.79769e+308,13,12,11,10,9,8,7,6,7,6,5,6,1.79769e+308,8,1.79769e+308,1.79769e+308,11,12,13,15,14,1.79769e+308,10,9,1.79769e+308,7,6,5,1.79769e+308,5,4,5,6,7,8,9,10,11,12,14,13,12,1.79769e+308,8,7,6,5,4,3,1.79769e+308,3,4,1.79769e+308,8,9,10,1.79769e+308,12,1.79769e+308,15,1.79769e+308,11,10,9,1.79769e+308,5,4,3,2,1,2,3,4,1.79769e+308,10,11,12,13,14,14,13,1.79769e+308,9,8,7,6,1.79769e+308,2,1,0,1.79769e+308,1.79769e+308,1.79769e+308,1.79769e+308,11,12,1.79769e+308,14,15,1.79769e+308,12,11,10,9,8,1.79769e+308,4,3,2,1,1.79769e+308,13,12,13,12,13,14,15,16,16,1.79769e+308,12,11,10,9,1.79769e+308,5,4,3,2,1.79769e+308,12,11,12,13,14,15,16,17,15,14,13,1.79769e+308,11,1.79769e+308,7,6,5,4,3,1.79769e+308,1.79769e+308,10,11,12,13,14,15,16,14,13,12,11,10,9,8,7,6,5,4,1.79769e+308,1.79769e+308,9,1.79769e+308,11,12,13,14,15,15,14,13,12,11,10,9,8,1.79769e+308,6,5,6,7,8,9,10,11,12,13,14,16,1.79769e+308,1.79769e+308,13,12,11,10,9,8,7,6,7,8,1.79769e+308,10,11,12,13,14,15,17,16,15,14,13,12,11,10,1.79769e+308,8,7,8,9,1.79769e+308,11,12,13,14,15,16,1.79769e+308,17,1.79769e+308,15,14,13,12,11,10,9,8,9,10,11,12,13,1.79769e+308,1.79769e+308,1.79769e+308,17,1.79769e+308,1.79769e+308,17,16,15,14,13,12,11,10,9,10,11,12,13,14,15,16,17,18,
206
16,15,14,1.79769e+308,1.79769e+308,1.79769e+308,10,11,1.79769e+308,13,14,1.79769e+308,1.79769e+308,1.79769e+308,1.79769e+308,19,20,1.79769e+308,24,23,1.79769e+308,14,13,12,11,1.79769e+308,9,10,11,12,13,14,1.79769e+308,1.79769e+308,17,18,19,1.79769e+308,1.79769e+308,22,14,13,12,11,10,9,8,1.79769e+308,1.79769e+308,13,12,13,14,15,16,1.79769e+308,18,19,20,21,1.79769e+308,1.79769e+308,11,10,9,8,7,8,9,1.79769e+308,11,12,13,14,15,16,17,18,19,20,12,11,10,9,8,7,6,7,8,1.79769e+308,10,11,1.79769e+308,1.79769e+308,14,15,1.79769e+308,17,18,1.79769e+308,13,1.79769e+308,9,8,7,6,5,6,7,8,9,1.79769e+308,1.79769e+308,14,13,14,15,16,1.79769e+308,18,1.79769e+308,9,8,7,6,5,4,5,6,7,8,9,10,1.79769e+308,12,1.79769e+308,1.79769e+308,15,16,17,9,8,1.79769e+308,6,5,1.79769e+308,3,4,5,1.79769e+308,9,8,9,10,11,12,13,14,15,16,8,7,6,1.79769e+308,4,3,2,3,4,5,1.79769e+308,7,8,1.79769e+308,12,13,14,1.79769e+308,16,1.79769e+308,9,1.79769e+308,5,4,3,1.79769e+308,1,2,3,4,5,6,7,8,1.79769e+308,14,15,16,17,18,8,7,1.79769e+308,3,2,1,0,1.79769e+308,4,5,6,1.79769e+308,1.79769e+308,1.79769e+308,1.79769e+308,15,16,1.79769e+308,18,19,1.79769e+308,6,5,4,3,2,1.79769e+308,6,5,6,7,1.79769e+308,19,18,17,16,17,18,19,20,10,1.79769e+308,6,5,4,3,1.79769e+308,7,6,7,8,1.79769e+308,18,17,18,17,18,19,20,21,9,8,7,1.79769e+308,5,1.79769e+308,9,8,7,8,9,1.79769e+308,1.79769e+308,16,17,18,19,20,21,22,10,9,8,7,6,7,8,9,8,9,10,1.79769e+308,1.79769e+308,15,1.79769e+308,17,18,19,20,21,11,10,9,8,7,8,9,10,1.79769e+308,10,11,12,13,14,15,16,17,18,19,20,12,1.79769e+308,1.79769e+308,9,8,9,10,11,12,11,12,13,14,1.79769e+308,16,17,18,19,20,21,13,12,11,10,9,10,11,12,1.79769e+308,12,13,14,15,1.79769e+308,17,18,19,20,21,22,1.79769e+308,13,1.79769e+308,11,10,11,12,13,14,13,14,15,16,17,18,19,1.79769e+308,1.79769e+308,1.79769e+308,23,1.79769e+308,1.79769e+308,13,12,11,12,13,14,15,14,15,16,17,18,19,20,21,22,23,24,
204
14,13,12,1.79769e+308,1.79769e+308,1.79769e+308,12,13,1.79769e+308,15,16,1.79769e+308,1.79769e+308,1.79769e+308,1.79769e+308,21,22,1.79769e+308,26,25,1.79769e+308,12,11,10,9,1.79769e+308,11,12,13,14,15,16,1.79769e+308,1.79769e+308,19,20,21,1.79769e+308,1.79769e+308,24,12,11,10,9,8,9,10,1.79769e+308,1.79769e+308,15,14,15,16,17,18,1.79769e+308,20,21,22,23,1.79769e+308,1.79769e+308,9,8,7,8,9,10,11,1.79769e+308,13,14,15,16,17,18,19,20,21,22,10,9,8,7,6,7,8,9,10,1.79769e+308,12,13,1.79769e+308,1.79769e+308,16,17,1.79769e+308,19,20,1.79769e+308,11,1.79769e+308,7,6,5,6,7,8,9,10,11,1.79769e+308,1.79769e+308,16,15,16,17,18,1.79769e+308,20,1.79769e+308,7,6,5,4,5,6,7,8,9,10,11,12,1.79769e+308,14,1.79769e+308,1.79769e+308,17,18,19,7,6,1.79769e+308,4,3,1.79769e+308,5,6,7,1.79769e+308,11,10,11,12,13,14,15,16,17,18,6,5,4,1.79769e+308,2,3,4,5,6,7,1.79769e+308,9,10,1.79769e+308,14,15,16,1.79769e+308,18,1.79769e+308,7,1.79769e+308,3,2,1,1.79769e+308,3,4,5,6,7,8,9,10,1.79769e+308,16,17,18,19,20,6,5,1.79769e+308,1,0,1,2,1.79769e+308,6,7,8,1.79769e+308,1.79769e+308,1.79769e+308,1.79769e+308,17,18,1.79769e+308,20,21,1.79769e+308,4,3,2,1,2,1.79769e+308,8,7,8,9,1.79769e+308,19,18,19,18,19,20,21,22,8,1.79769e+308,4,3,2,3,1.79769e+308,9,8,9,10,1.79769e+308,18,17,18,19,20,21,22,23,7,6,5,1.79769e+308,3,1.79769e+308,7,8,9,10,11,1.79769e+308,1.79769e+308,16,17,18,19,20,21,22,8,7,6,5,4,5,6,7,8,9,10,1.79769e+308,1.79769e+308,15,1.79769e+308,17,18,19,20,21,9,8,7,6,5,6,7,8,1.79769e+308,10,11,12,13,14,15,16,17,18,19,20,10,1.79769e+308,1.79769e+308,7,6,7,8,9,10,11,12,13,14,1.79769e+308,16,17,18,19,20,21,11,10,9,8,7,8,9,10,1.79769e+308,12,13,14,15,1.79769e+308,17,18,19,20,21,22,1.79769e+308,11,1.79769e+308,9,8,9,10,11,12,13,14,15,16,17,18,19,1.79769e+308,1.79769e+308,1.79769e+308,23,1.79769e+308,1.79769e+308,11,10,9,10,11,12,13,14,15,16,17,18,19,20,21,22,23,24,
201
15,14,13,1.79769e+308,1.79769e+308,1.79769e+308,17,18,1.79769e+308,20,21,1.79769e+308,1.79769e+308,1.79769e+308,1.79769e+308,26,27,1.79769e+308,31,30,1.79769e+308,13,12,13,14,1.79769e+308,16,17,18,19,20,21,1.79769e+308,1.79769e+308,24,25,26,1.79769e+308,1.79769e+308,29,13,12,11,12,13,14,15,1.79769e+308,1.79769e+308,20,19,20,21,22,23,1.79769e+308,25,26,27,28,1.79769e+308,1.79769e+308,10,11,12,13,14,15,16,1.79769e+308,18,19,20,21,22,23,24,25,26,27,11,10,9,10,11,12,13,14,15,1.79769e+308,17,18,1.79769e+308,1.79769e+308,21,22,1.79769e+308,24,25,1.79769e+308,12,1.79769e+308,8,9,10,11,12,13,14,15,16,1.79769e+308,1.79769e+308,21,20,21,22,23,1.79769e+308,25,1.79769e+308,6,7,8,9,10,11,12,13,14,15,16,17,1.79769e+308,19,1.79769e+308,1.79769e+308,22,23,24,4,5,1.79769e+308,9,8,1.79769e+308,10,11,12,1.79769e+308,16,15,16,17,18,19,20,21,22,23,3,4,5,1.79769e+308,7,8,9,10,11,12,1.79769e+308,14,15,1.79769e+308,19,20,21,1.79769e+308,23,1.79769e+308,2,1.79769e+308,6,5,6,1.79769e+308,8,9,10,11,12,13,14,15,1.79769e+308,21,22,23,24,25,1,0,1.79769e+308,4,5,6,7,1.79769e+308,11,12,13,1.79769e+308,1.79769e+308,1.79769e+308,1.79769e+308,22,23,1.79769e+308,25,26,1.79769e+308,1,2,3,4,5,1.79769e+308,13,12,13,14,1.79769e+308,22,21,22,23,24,25,26,27,7,1.79769e+308,3,4,5,6,1.79769e+308,12,13,14,15,1.79769e+308,21,20,21,22,23,24,25,26,6,5,4,1.79769e+308,6,1.79769e+308,10,11,12,13,14,1.79769e+308,1.79769e+308,19,20,21,22,23,24,25,7,6,5,6,7,8,9,10,11,12,13,1.79769e+308,1.79769e+308,18,1.79769e+308,20,21,22,23,24,8,7,6,7,8,9,10,11,1.79769e+308,13,14,15,16,17,18,19,20,21,22,23,9,1.79769e+308,1.79769e+308,8,9,10,11,12,13,14,15,16,17,1.79769e+308,19,20,21,22,23,24,10,11,10,9,10,11,12,13,1.79769e+308,15,16,17,18,1.79769e+308,20,21,22,23,24,25,1.79769e+308,12,1.79769e+308,10,11,12,13,14,15,16,17,18,19,20,21,22,1.79769e+308,1.79769e+308,1.79769e+308,26,1.79769e+308,1.79769e+308,12,11,12,13,14,15,16,17,18,19,20,21,22,23,24,25,26,27,
197
26,25,24,1.79769e+308,1.79769e+308,1.79769e+308,20,19,1.79769e+308,17,16,1.79769e+308,1.79769e+308,1.79769e+308,1.79769e+308,13,12,1.79769e+308,14,13,1.79769e+308,24,23,22,21,1.79769e+308,19,18,17,16,15,14,1.79769e+308,1.79769e+308,11,12,11,1.79769e+308,1.79769e+308,12,24,23,22,21,20,19,18,1.79769e+308,1.79769e+308,15,14,13,12,11,10,1.79769e+308,10,9,10,11,1.79769e+308,1.79769e+308,21,20,19,18,17,16,15,1.79769e+308,13,12,11,10,9,10,9,8,9,10,22,21,20,19,18,17,16,15,14,1.79769e+308,12,13,1.79769e+308,1.79769e+308,8,9,1.79769e+308,7,8,1.79769e+308,23,1.79769e+308,19,18,17,16,15,14,13,12,11,1.79769e+308,1.79769e+308,8,7,8,7,6,1.79769e+308,6,1.79769e+308,19,18,17,16,15,14,13,12,11,10,9,8,1.79769e+308,6,1.79769e+308,1.79769e+308,5,4,5,21,20,1.79769e+308,18,17,1.79769e+308,15,14,13,1.79769e+308,9,8,7,6,5,4,3,4,3,4,22,21,22,1.79769e+308,18,17,16,15,14,13,1.79769e+308,9,8,1.79769e+308,4,3,2,1.79769e+308,2,1.79769e+308,23,1.79769e+308,21,20,19,1.79769e+308,15,14,13,12,11,10,9,10,1.79769e+308,2,1,0,1,2,24,23,1.79769e+308,19,18,17,16,1.79769e+308,14,13,12,1.79769e+308,1.79769e+308,1.79769e+308,1.79769e+308,3,2,1.79769e+308,2,3,1.79769e+308,22,21,20,19,18,1.79769e+308,16,15,14,13,1.79769e+308,7,6,5,4,3,4,3,4,26,1.79769e+308,22,21,20,19,1.79769e+308,17,16,15,14,1.79769e+308,8,7,6,5,4,5,4,5,25,24,23,1.79769e+308,21,1.79769e+308,19,18,17,16,15,1.79769e+308,1.79769e+308,8,7,6,5,6,5,6,24,23,22,21,20,19,18,17,16,15,14,1.79769e+308,1.79769e+308,9,1.79769e+308,7,6,7,6,7,25,24,23,22,21,20,19,18,1.79769e+308,14,13,12,11,10,9,8,7,8,7,8,26,1.79769e+308,1.79769e+308,21,20,19,18,17,16,15,14,13,12,1.79769e+308,10,9,8,9,8,9,25,24,23,22,21,20,19,18,1.79769e+308,16,15,14,13,1.79769e+308,11,10,9,10,9,10,1.79769e+308,25,1.79769e+308,23,22,21,20,19,18,17,16,15,14,13,12,11,1.79769e+308,1.79769e+308,1.79769e+308,11,1.79769e+308,1.79769e+308,25,24,23,22,21,20,19,18,17,16,15,14,13,12,13,14,13,12,
192
21,20,19,1.79769e+308,1.79769e+308,1.79769e+308,15,14,1.79769e+308,12,11,1.79769e+308,1.79769e+308,1.79769e+308,1.79769e+308,12,13,1.79769e+308,17,16,1.79769e+308,19,18,17,16,1.79769e+308,14,13,12,11,10,11,1.79769e+308,1.79769e+308,10,11,12,1.79769e+308,1.79769e+308,15,19,18,17,16,15,14,13,1.79769e+308,1.79769e+308,10,9,10,11,10,9,1.79769e+308,11,12,13,14,1.79769e+308,1.79769e+308,16,15,14,13,12,11,10,1.79769e+308,8,9,10,9,8,9,10,11,12,13,17,16,15,14,13,12,11,10,9,1.79769e+308,7,8,1.79769e+308,1.79769e+308,7,8,1.79769e+308,10,11,1.79769e+308,18,1.79769e+308,14,13,12,11,10,9,8,7,6,1.79769e+308,1.79769e+308,7,6,7,8,9,1.79769e+308,11,1.79769e+308,14,13,12,11,10,9,8,7,6,5,4,3,1.79769e+308,5,1.79769e+308,1.79769e+308,8,9,10,16,15,1.79769e+308,11,10,1.79769e+308,8,7,6,1.79769e+308,4,3,2,3,4,5,6,7,8,9,15,14,13,1.79769e+308,9,8,7,6,5,4,1.79769e+308,2,1,1.79769e+308,5,6,7,1.79769e+308,9,1.79769e+308,16,1.79769e+308,12,11,10,1.79769e+308,6,5,4,3,2,1,0,1,1.79769e+308,7,8,9,10,11,15,14,1.79769e+308,10,9,8,7,1.79769e+308,5,4,3,1.79769e+308,1.79769e+308,1.79769e+308,1.79769e+308,8,9,1.79769e+308,11,12,1.79769e+308,13,12,11,10,9,1.79769e+308,7,6,5,4,1.79769e+308,12,11,10,9,10,11,12,13,17,1.79769e+308,13,12,11,10,1.79769e+308,8,7,6,5,1.79769e+308,13,12,11,10,11,12,13,14,16,15,14,1.79769e+308,12,1.79769e+308,10,9,8,7,6,1.79769e+308,1.79769e+308,13,12,11,12,13,14,15,17,16,15,14,13,12,11,10,9,8,7,1.79769e+308,1.79769e+308,12,1.79769e+308,12,13,14,15,16,18,17,16,15,14,13,12,11,1.79769e+308,9,8,9,10,11,12,13,14,15,16,17,19,1.79769e+308,1.79769e+308,16,15,14,13,12,11,10,9,10,11,1.79769e+308,13,14,15,16,17,18,20,19,18,17,16,15,14,13,1.79769e+308,11,10,11,12,1.79769e+308,14,15,16,17,18,19,1.79769e+308,20,1.79769e+308,18,17,16,15,14,13,12,11,12,13,14,15,16,1.79769e+308,1.79769e+308,1.79769e+308,20,1.79769e+308,1.79769e+308,20,19,18,17,16,15,14,13,12,13,14,15,16,17,18,19,20,21,
191
20,19,18,1.79769e+308,1.79769e+308,1.79769e+308,14,13,1.79769e+308,11,10,1.79769e+308,1.79769e+308,1.79769e+308,1.79769e+308,13,14,1.79769e+308,18,17,1.79769e+308,18,17,16,15,1.79769e+308,13,12,11,10,9,10,1.79769e+308,1.79769e+308,11,12,13,1.79769e+308,1.79769e+308,16,18,17,16,15,14,13,12,1.79769e+308,1.79769e+308,9,8,9,10,11,10,1.79769e+308,12,13,14,15,1.79769e+308,1.79769e+308,15,14,13,12,11,10,9,1.79769e+308,7,8,9,10,9,10,11,12,13,14,16,15,14,13,12,11,10,9,8,1.79769e+308,6,7,1.79769e+308,1.79769e+308,8,9,1.79769e+308,11,12,1.79769e+308,17,1.79769e+308,13,12,11,10,9,8,7,6,5,1.79769e+308,1.79769e+308,8,7,8,9,10,1.79769e+308,12,1.79769e+308,13,12,11,10,9,8,7,6,5,4,3,4,1.79769e+308,6,1.79769e+308,1.79769e+308,9,10,11,15,14,1.79769e+308,10,9,1.79769e+308,7,6,5,1.79769e+308,3,2,3,4,5,6,7,8,9,10,14,13,12,1.79769e+308,8,7,6,5,4,3,1.79769e+308,1,2,1.79769e+308,6,7,8,1.79769e+308,10,1.79769e+308,15,1.79769e+308,11,10,9,1.79769e+308,5,4,3,2,1,0,1,2,1.79769e+308,8,9,10,11,12,14,13,1.79769e+308,9,8,7,6,1.79769e+308,4,3,2,1.79769e+308,1.79769e+308,1.79769e+308,1.79769e+308,9,10,1.79769e+308,12,13,1.79769e+308,12,11,10,9,8,1.79769e+308,6,5,4,3,1.79769e+308,13,12,11,10,11,12,13,14,16,1.79769e+308,12,11,10,9,1.79769e+308,7,6,5,4,1.79769e+308,14,13,12,11,12,13,14,15,15,14,13,1.79769e+308,11,1.79769e+308,9,8,7,6,5,1.79769e+308,1.79769e+308,12,13,12,13,14,15,16,16,15,14,13,12,11,10,9,8,7,6,1.79769e+308,1.79769e+308,11,1.79769e+308,13,14,15,16,17,17,16,15,14,13,12,11,10,1.79769e+308,8,7,8,9,10,11,12,13,14,15,16,18,1.79769e+308,1.79769e+308,15,14,13,12,11,10,9,8,9,10,1.79769e+308,12,13,14,15,16,17,19,18,17,16,15,14,13,12,1.79769e+308,10,9,10,11,1.79769e+308,13,14,15,16,17,18,1.79769e+308,19,1.79769e+308,17,16,15,14,13,12,11,10,11,12,13,14,15,1.79769e+308,1.79769e+308,1.79769e+308,19,1.79769e+308,1.79769e+308,19,18,17,16,15,14,13,12,11,12,13,14,15,16,17,18,19,20,
190
19,18,17,1.79769e+308,1.79769e+308,1.79769e+308,13,14,1.79769e+308,12,11,1.79769e+308,1.79769e+308,1.79769e+308,1.79769e+308,14,15,1.79769e+308,19,18,1.79769e+308,17,16,15,14,1.79769e+308,12,13,12,11,10,11,1.79769e+308,1.79769e+308,12,13,14,1.79769e+308,1.79769e+308,17,17,16,15,14,13,12,11,1.79769e+308,1.79769e+308,10,9,10,11,12,11,1.79769e+308,13,14,15,16,1.79769e+308,1.79769e+308,14,13,12,11,10,9,8,1.79769e+308,8,9,10,11,10,11,12,13,14,15,15,14,13,12,11,10,9,8,7,1.79769e+308,7,8,1.79769e+308,1.79769e+308,9,10,1.79769e+308,12,13,1.79769e+308,16,1.79769e+308,12,11,10,9,8,7,6,7,6,1.79769e+308,1.79769e+308,9,8,9,10,11,1.79769e+308,13,1.79769e+308,12,11,10,9,8,7,6,5,6,5,4,5,1.79769e+308,7,1.79769e+308,1.79769e+308,10,11,12,14,13,1.79769e+308,9,8,1.79769e+308,6,5,4,1.79769e+308,4,3,4,5,6,7,8,9,10,11,13,12,11,1.79769e+308,7,6,5,4,3,2,1.79769e+308,2,3,1.79769e+308,7,8,9,1.79769e+308,11,1.79769e+308,14,1.79769e+308,10,9,8,1.79769e+308,4,3,2,1,0,1,2,3,1.79769e+308,9,10,11,12,13,13,12,1.79769e+308,8,7,6,5,1.79769e+308,3,2,1,1.79769e+308,1.79769e+308,1.79769e+308,1.79769e+308,10,11,1.79769e+308,13,14,1.79769e+308,11,10,9,8,7,1.79769e+308,5,4,3,2,1.79769e+308,14,13,12,11,12,13,14,15,15,1.79769e+308,11,10,9,8,1.79769e+308,6,5,4,3,1.79769e+308,13,12,13,12,13,14,15,16,14,13,12,1.79769e+308,10,1.79769e+308,8,7,6,5,4,1.79769e+308,1.79769e+308,11,12,13,14,15,16,17,15,14,13,12,11,10,9,8,7,6,5,1.79769e+308,1.79769e+308,10,1.79769e+308,12,13,14,15,16,16,15,14,13,12,11,10,9,1.79769e+308,7,6,7,8,9,10,11,12,13,14,15,17,1.79769e+308,1.79769e+308,14,13,12,11,10,9,8,7,8,9,1.79769e+308,11,12,13,14,15,16,18,17,16,15,14,13,12,11,1.79769e+308,9,8,9,10,1.79769e+308,12,13,14,15,16,17,1.79769e+308,18,1.79769e+308,16,15,14,13,12,11,10,9,10,11,12,13,14,1.79769e+308,1.79769e+308,1.79769e+308,18,1.79769e+308,1.79769e+308,18,17,16,15,14,13,12,11,10,11,12,13,14,15,16,17,18,19,
189
18,17,16,1.79769e+308,1.79769e+308,1.79769e+308,12,13,1.79769e+308,13,12,1.79769e+308,1.79769e+308,1.79769e+308,1.79769e+308,15,16,1.79769e+308,20,19,1.79769e+308,16,15,14,13,1.79769e+308,11,12,13,12,11,12,1.79769e+308,1.79769e+308,13,14,15,1.79769e+308,1.79769e+308,18,16,15,14,13,12,11,10,1.79769e+308,1.79769e+308,11,10,11,12,13,12,1.79769e+308,14,15,16,17,1.79769e+308,1.79769e+308,13,12,11,10,9,8,7,1.79769e+308,9,10,11,12,11,12,13,14,15,16,14,13,12,11,10,9,8,7,6,1.79769e+308,8,9,1.79769e+308,1.79769e+308,10,11,1.79769e+308,13,14,1.79769e+308,15,1.79769e+308,11,10,9,8,7,6,5,6,7,1.79769e+308,1.79769e+308,10,9,10,11,12,1.79769e+308,14,1.79769e+308,11,10,9,8,7,6,5,4,5,6,5,6,1.79769e+308,8,1.79769e+308,1.79769e+308,11,12,13,13,12,1.79769e+308,8,7,1.79769e+308,5,4,3,1.79769e+308,5,4,5,6,7,8,9,10,11,12,12,11,10,1.79769e+308,6,5,4,3,2,1,1.79769e+308,3,4,1.79769e+308,8,9,10,1.79769e+308,12,1.79769e+308,13,1.79769e+308,9,8,7,1.79769e+308,3,2,1,0,1,2,3,4,1.79769e+308,10,11,12,13,14,12,11,1.79769e+308,7,6,5,4,1.79769e+308,2,1,2,1.79769e+308,1.79769e+308,1.79769e+308,1.79769e+308,11,12,1.79769e+308,14,15,1.79769e+308,10,9,8,7,6,1.79769e+308,4,3,2,3,1.79769e+308,15,14,13,12,13,14,15,16,14,1.79769e+308,10,9,8,7,1.79769e+308,5,4,3,4,1.79769e+308,14,13,14,13,14,15,16,17,13,12,11,1.79769e+308,9,1.79769e+308,7,6,5,4,5,1.79769e+308,1.79769e+308,12,13,14,15,16,17,18,14,13,12,11,10,9,8,7,6,5,6,1.79769e+308,1.79769e+308,11,1.79769e+308,13,14,15,16,17,15,14,13,12,11,10,9,8,1.79769e+308,6,7,8,9,10,11,12,13,14,15,16,16,1.79769e+308,1.79769e+308,13,12,11,10,9,8,7,8,9,10,1.79769e+308,12,13,14,15,16,17,17,16,15,14,13,12,11,10,1.79769e+308,8,9,10,11,1.79769e+308,13,14,15,16,17,18,1.79769e+308,17,1.79769e+308,15,14,13,12,11,10,9,10,11,12,13,14,15,1.79769e+308,1.79769e+308,1.79769e+308,19,1.79769e+308,1.79769e+308,17,16,15,14,13,12,11,10,11,12,13,14,15,16,17,18,19,20,
188
17,16,15,1.79769e+308,1.79769e+308,1.79769e+308,11,12,1.79769e+308,12,11,1.79769e+308,1.79769e+308,1.79769e+308,1.79769e+308,16,17,1.79769e+308,21,20,1.79769e+308,15,14,13,12,1.79769e+308,10,11,12,11,10,11,1.79769e+308,1.79769e+308,14,15,16,1.79769e+308,1.79769e+308,19,15,14,13,12,11,10,9,1.79769e+308,1.79769e+308,10,9,10,11,12,13,1.79769e+308,15,16,17,18,1.79769e+308,1.79769e+308,12,11,10,9,8,7,6,1.79769e+308,8,9,10,11,12,13,14,15,16,17,13,12,11,10,9,8,7,6,5,1.79769e+308,7,8,1.79769e+308,1.79769e+308,11,12,1.79769e+308,14,15,1.79769e+308,14,1.79769e+308,10,9,8,7,6,5,4,5,6,1.79769e+308,1.79769e+308,11,10,11,12,13,1.79769e+308,15,1.79769e+308,10,9,8,7,6,5,4,3,4,5,6,7,1.79769e+308,9,1.79769e+308,1.79769e+308,12,13,14,12,11,1.79769e+308,7,6,1.79769e+308,4,3,2,1.79769e+308,6,5,6,7,8,9,10,11,12,13,11,10,9,1.79769e+308,5,4,3,2,1,2,1.79769e+308,4,5,1.79769e+308,9,10,11,1.79769e+308,13,1.79769e+308,12,1.79769e+308,8,7,6,1.79769e+308,2,1,0,1,2,3,4,5,1.79769e+308,11,12,13,14,15,11,10,1.79769e+308,6,5,4,3,1.79769e+308,1,2,3,1.79769e+308,1.79769e+308,1.79769e+308,1.79769e+308,12,13,1.79769e+308,15,16,1.79769e+308,9,8,7,6,5,1.79769e+308,3,2,3,4,1.79769e+308,16,15,14,13,14,15,16,17,13,1.79769e+308,9,8,7,6,1.79769e+308,4,3,4,5,1.79769e+308,15,14,15,14,15,16,17,18,12,11,10,1.79769e+308,8,1.79769e+308,6,5,4,5,6,1.79769e+308,1.79769e+308,13,14,15,16,17,18,19,13,12,11,10,9,8,7,6,5,6,7,1.79769e+308,1.79769e+308,12,1.79769e+308,14,15,16,17,18,14,13,12,11,10,9,8,7,1.79769e+308,7,8,9,10,11,12,13,14,15,16,17,15,1.79769e+308,1.79769e+308,12,11,10,9,8,9,8,9,10,11,1.79769e+308,13,14,15,16,17,18,16,15,14,13,12,11,10,9,1.79769e+308,9,10,11,12,1.79769e+308,14,15,16,17,18,19,1.79769e+308,16,1.79769e+308,14,13,12,11,10,11,10,11,12,13,14,15,16,1.79769e+308,1.79769e+308,1.79769e+308,20,1.79769e+308,1.79769e+308,16,15,14,13,12,11,12,11,12,13,14,15,16,17,18,19,20,21,
187
16,15,14,1.79769e+308,1.79769e+308,1.79769e+308,10,11,1.79769e+308,13,12,1.79769e+308,1.79769e+308,1.79769e+308,1.79769e+308,17,18,1.79769e+308,22,21,1.79769e+308,14,13,12,11,1.79769e+308,9,10,11,12,11,12,1.79769e+308,1.79769e+308,15,16,17,1.79769e+308,1.79769e+308,20,14,13,12,11,10,9,8,1.79769e+308,1.79769e+308,11,10,11,12,13,14,1.79769e+308,16,17,18,19,1.79769e+308,1.79769e+308,11,10,9,8,7,6,7,1.79769e+308,9,10,11,12,13,14,15,16,17,18,12,11,10,9,8,7,6,5,6,1.79769e+308,8,9,1.79769e+308,1.79769e+308,12,13,1.79769e+308,15,16,1.79769e+308,13,1.79769e+308,9,8,7,6,5,4,5,6,7,1.79769e+308,1.79769e+308,12,11,12,13,14,1.79769e+308,16,1.79769e+308,9,8,7,6,5,4,3,4,5,6,7,8,1.79769e+308,10,1.79769e+308,1.79769e+308,13,14,15,11,10,1.79769e+308,6,5,1.79769e+308,3,2,3,1.79769e+308,7,6,7,8,9,10,11,12,13,14,10,9,8,1.79769e+308,4,3,2,1,2,3,1.79769e+308,5,6,1.79769e+308,10,11,12,1.79769e+308,14,1.79769e+308,11,1.79769e+308,7,6,5,1.79769e+308,1,0,1,2,3,4,5,6,1.79769e+308,12,13,14,15,16,10,9,1.79769e+308,5,4,3,2,1.79769e+308,2,3,4,1.79769e+308,1.79769e+308,1.79769e+308,1.79769e+308,13,14,1.79769e+308,16,17,1.79769e+308,8,7,6,5,4,1.79769e+308,4,3,4,5,1.79769e+308,17,16,15,14,15,16,17,18,12,1.79769e+308,8,7,6,5,1.79769e+308,5,4,5,6,1.79769e+308,16,15,16,15,16,17,18,19,11,10,9,1.79769e+308,7,1.79769e+308,7,6,5,6,7,1.79769e+308,1.79769e+308,14,15,16,17,18,19,20,12,11,10,9,8,9,8,7,6,7,8,1.79769e+308,1.79769e+308,13,1.79769e+308,15,16,17,18,19,13,12,11,10,9,10,9,8,1.79769e+308,8,9,10,11,12,13,14,15,16,17,18,14,1.79769e+308,1.79769e+308,11,10,11,10,9,10,9,10,11,12,1.79769e+308,14,15,16,17,18,19,15,14,13,12,11,12,11,10,1.79769e+308,10,11,12,13,1.79769e+308,15,16,17,18,19,20,1.79769e+308,15,1.79769e+308,13,12,13,12,11,12,11,12,13,14,15,16,17,1.79769e+308,1.79769e+308,1.79769e+308,21,1.79769e+308,1.79769e+308,15,14,13,14,13,12,13,12,13,14,15,16,17,18,19,20,21,22,
186
15,14,13,1.79769e+308,1.79769e+308,1.79769e+308,9,10,1.79769e+308,12,13,1.79769e+308,1.79769e+308,1.79769e+308,1.79769e+308,18,19,1.79769e+308,23,22,1.79769e+308,13,12,11,10,1.79769e+308,8,9,10,11,12,13,1.79769e+308,1.79769e+308,16,17,18,1.79769e+308,1.79769e+308,21,13,12,11,10,9,8,7,1.79769e+308,1.79769e+308,12,11,12,13,14,15,1.79769e+308,17,18,19,20,1.79769e+308,1.79769e+308,10,9,8,7,6,7,8,1.79769e+308,10,11,12,13,14,15,16,17,18,19,11,10,9,8,7,6,5,6,7,1.79769e+308,9,10,1.79769e+308,1.79769e+308,13,14,1.79769e+308,16,17,1.79769e+308,12,1.79769e+308,8,7,6,5,4,5,6,7,8,1.79769e+308,1.79769e+308,13,12,13,14,15,1.79769e+308,17,1.79769e+308,8,7,6,5,4,3,4,5,6,7,8,9,1.79769e+308,11,1.79769e+308,1.79769e+308,14,15,16,10,9,1.79769e+308,5,4,1.79769e+308,2,3,4,1.79769e+308,8,7,8,9,10,11,12,13,14,15,9,8,7,1.79769e+308,3,2,1,2,3,4,1.79769e+308,6,7,1.79769e+308,11,12,13,1.79769e+308,15,1.79769e+308,10,1.79769e+308,6,5,4,1.79769e+308,0,1,2,3,4,5,6,7,1.79769e+308,13,14,15,16,17,9,8,1.79769e+308,4,3,2,1,1.79769e+308,3,4,5,1.79769e+308,1.79769e+308,1.79769e+308,1.79769e+308,14,15,1.79769e+308,17,18,1.79769e+308,7,6,5,4,3,1.79769e+308,5,4,5,6,1.79769e+308,18,17,16,15,16,17,18,19,11,1.79769e+308,7,6,5,4,1.79769e+308,6,5,6,7,1.79769e+308,17,16,17,16,17,18,19,20,10,9,8,1.79769e+308,6,1.79769e+308,8,7,6,7,8,1.79769e+308,1.79769e+308,15,16,17,18,19,20,21,11,10,9,8,7,8,9,8,7,8,9,1.79769e+308,1.79769e+308,14,1.79769e+308,16,17,18,19,20,12,11,10,9,8,9,10,9,1.79769e+308,9,10,11,12,13,14,15,16,17,18,19,13,1.79769e+308,1.79769e+308,10,9,10,11,10,11,10,11,12,13,1.79769e+308,15,16,17,18,19,20,14,13,12,11,10,11,12,11,1.79769e+308,11,12,13,14,1.79769e+308,16,17,18,19,20,21,1.79769e+308,14,1.79769e+308,12,11,12,13,12,13,12,13,14,15,16,17,18,1.79769e+308,1.79769e+308,1.79769e+308,22,1.79769e+308,1.79769e+308,14,13,12,13,14,13,14,13,14,15,16,17,18,19,20,21,22,23,
182
13,12,11,1.79769e+308,1.79769e+308,1.79769e+308,13,14,1.79769e+308,16,17,1.79769e+308,1.79769e+308,1.79769e+308,1.79769e+308,22,23,1.79769e+308,27,26,1.79769e+308,11,10,11,10,1.79769e+308,12,13,14,15,16,17,1.79769e+308,1.79769e+308,20,21,22,1.79769e+308,1.79769e+308,25,11,10,9,10,9,10,11,1.79769e+308,1.79769e+308,16,15,16,17,18,19,1.79769e+308,21,22,23,24,1.79769e+308,1.79769e+308,8,9,8,9,10,11,12,1.79769e+308,14,15,16,17,18,19,20,21,22,23,9,8,7,8,7,8,9,10,11,1.79769e+308,13,14,1.79769e+308,1.79769e+308,19,20,1.79769e+308,22,23,1.79769e+308,10,1.79769e+308,6,7,6,7,8,9,10,11,12,1.79769e+308,1.79769e+308,19,18,19,20,21,1.79769e+308,23,1.79769e+308,4,5,6,5,6,7,8,9,10,11,12,13,1.79769e+308,17,1.79769e+308,1.79769e+308,20,21,22,4,3,1.79769e+308,5,4,1.79769e+308,6,7,8,1.79769e+308,12,13,14,15,16,17,18,19,20,21,3,2,1,1.79769e+308,3,4,5,6,7,8,1.79769e+308,12,13,1.79769e+308,17,18,19,1.79769e+308,21,1.79769e+308,4,1.79769e+308,0,1,2,1.79769e+308,6,7,8,9,10,11,12,13,1.79769e+308,19,20,21,22,23,5,6,1.79769e+308,2,3,4,5,1.79769e+308,9,10,11,1.79769e+308,1.79769e+308,1.79769e+308,1.79769e+308,20,21,1.79769e+308,23,24,1.79769e+308,5,4,3,4,5,1.79769e+308,11,10,11,12,1.79769e+308,22,21,22,21,22,23,24,25,9,1.79769e+308,5,4,5,6,1.79769e+308,12,11,12,13,1.79769e+308,21,20,21,22,23,24,25,26,8,7,6,1.79769e+308,6,1.79769e+308,10,11,12,13,14,1.79769e+308,1.79769e+308,19,20,21,22,23,24,25,9,8,7,8,7,8,9,10,11,12,13,1.79769e+308,1.79769e+308,18,1.79769e+308,20,21,22,23,24,10,9,8,9,8,9,10,11,1.79769e+308,13,14,15,16,17,18,19,20,21,22,23,11,1.79769e+308,1.79769e+308,10,9,10,11,12,13,14,15,16,17,1.79769e+308,19,20,21,22,23,24,12,13,12,11,10,11,12,13,1.79769e+308,15,16,17,18,1.79769e+308,20,21,22,23,24,25,1.79769e+308,14,1.79769e+308,12,11,12,13,14,15,16,17,18,19,20,21,22,1.79769e+308,1.79769e+308,1.79769e+308,26,1.79769e+308,1.79769e+308,14,13,12,13,14,15,16,17,18,19,20,21,22,23,24,25,26,27,
180
13,12,11,1.79769e+308,1.79769e+308,1.79769e+308,15,16,1.79769e+308,18,19,1.79769e+308,1.79769e+308,1.79769e+308,1.79769e+308,24,25,1.79769e+308,29,28,1.79769e+308,11,10,11,12,1.79769e+308,14,15,16,17,18,19,1.79769e+308,1.79769e+308,22,23,24,1.79769e+308,1.79769e+308,27,11,10,9,10,11,12,13,1.79769e+308,1.79769e+308,18,17,18,19,20,21,1.79769e+308,23,24,25,26,1.79769e+308,1.79769e+308,8,9,10,11,12,13,14,1.79769e+308,16,17,18,19,20,21,22,23,24,25,9,8,7,8,9,10,11,12,13,1.79769e+308,15,16,1.79769e+308,1.79769e+308,21,22,1.79769e+308,24,25,1.79769e+308,10,1.79769e+308,6,7,8,9,10,11,12,13,14,1.79769e+308,1.79769e+308,21,20,21,22,23,1.79769e+308,25,1.79769e+308,4,5,6,7,8,9,10,11,12,13,14,15,1.79769e+308,19,1.79769e+308,1.79769e+308,22,23,24,2,3,1.79769e+308,7,8,1.79769e+308,10,11,12,1.79769e+308,14,15,16,17,18,19,20,21,22,23,1,2,3,1.79769e+308,7,8,9,10,11,12,1.79769e+308,16,17,1.79769e+308,19,20,21,1.79769e+308,23,1.79769e+308,0,1.79769e+308,4,5,6,1.79769e+308,10,11,12,13,14,15,16,17,1.79769e+308,21,22,23,24,25,1,2,1.79769e+308,6,7,8,9,1.79769e+308,13,14,15,1.79769e+308,1.79769e+308,1.79769e+308,1.79769e+308,22,23,1.79769e+308,25,26,1.79769e+308,3,4,5,6,7,1.79769e+308,15,14,15,16,1.79769e+308,24,23,24,23,24,25,26,27,9,1.79769e+308,5,6,7,8,1.79769e+308,14,15,16,17,1.79769e+308,23,22,23,24,25,26,27,28,8,7,6,1.79769e+308,8,1.79769e+308,12,13,14,15,16,1.79769e+308,1.79769e+308,21,22,23,24,25,26,27,9,8,7,8,9,10,11,12,13,14,15,1.79769e+308,1.79769e+308,20,1.79769e+308,22,23,24,25,26,10,9,8,9,10,11,12,13,1.79769e+308,15,16,17,18,19,20,21,22,23,24,25,11,1.79769e+308,1.79769e+308,10,11,12,13,14,15,16,17,18,19,1.79769e+308,21,22,23,24,25,26,12,13,12,11,12,13,14,15,1.79769e+308,17,18,19,20,1.79769e+308,22,23,24,25,26,27,1.79769e+308,14,1.79769e+308,12,13,14,15,16,17,18,19,20,21,22,23,24,1.79769e+308,1.79769e+308,1.79769e+308,28,1.79769e+308,1.79769e+308,14,13,14,15,16,17,18,19,20,21,22,23,24,25,26,27,28,29,
178
26,25,24,1.79769e+308,1.79769e+308,1.79769e+308,20,19,1.79769e+308,17,16,1.79769e+308,1.79769e+308,1.79769e+308,1.79769e+308,11,10,1.79769e+308,12,11,1.79769e+308,24,23,22,21,1.79769e+308,19,18,17,16,15,14,1.79769e+308,1.79769e+308,11,10,9,1.79769e+308,1.79769e+308,10,24,23,22,21,20,19,18,1.79769e+308,1.79769e+308,15,14,13,12,11,10,1.79769e+308,8,7,8,9,1.79769e+308,1.79769e+308,21,20,19,18,17,16,15,1.79769e+308,13,12,11,10,9,8,7,6,7,8,22,21,20,19,18,17,16,15,14,1.79769e+308,12,13,1.79769e+308,1.79769e+308,8,7,1.79769e+308,5,6,1.79769e+308,23,1.79769e+308,19,18,17,16,15,14,13,12,11,1.79769e+308,1.79769e+308,8,7,6,5,4,1.79769e+308,4,1.79769e+308,19,18,17,16,15,14,13,12,11,10,9,8,1.79769e+308,6,1.79769e+308,1.79769e+308,3,2,3,21,20,1.79769e+308,18,17,1.79769e+308,15,14,13,1.79769e+308,9,8,7,6,5,4,3,2,1,2,22,21,22,1.79769e+308,18,17,16,15,14,13,1.79769e+308,9,8,1.79769e+308,6,5,4,1.79769e+308,0,1.79769e+308,23,1.79769e+308,21,20,19,1.79769e+308,15,14,13,12,11,10,9,10,1.79769e+308,4,3,2,1,2,24,23,1.79769e+308,19,18,17,16,1.79769e+308,14,13,12,1.79769e+308,1.79769e+308,1.79769e+308,1.79769e+308,5,4,1.79769e+308,2,3,1.79769e+308,22,21,20,19,18,1.79769e+308,16,15,14,13,1.79769e+308,9,8,7,6,5,4,3,4,26,1.79769e+308,22,21,20,19,1.79769e+308,17,16,15,14,1.79769e+308,10,9,8,7,6,5,4,5,25,24,23,1.79769e+308,21,1.79769e+308,19,18,17,16,15,1.79769e+308,1.79769e+308,10,9,8,7,6,5,6,26,25,24,23,22,21,20,19,18,17,16,1.79769e+308,1.79769e+308,11,1.79769e+308,9,8,7,6,7,27,26,25,24,23,22,21,20,1.79769e+308,16,15,14,13,12,11,10,9,8,7,8,28,1.79769e+308,1.79769e+308,23,22,21,20,19,18,17,16,15,14,1.79769e+308,12,11,10,9,8,9,27,26,25,24,23,22,21,20,1.79769e+308,18,17,16,15,1.79769e+308,13,12,11,10,9,10,1.79769e+308,27,1.79769e+308,25,24,23,22,21,20,19,18,17,16,15,14,13,1.79769e+308,1.79769e+308,1.79769e+308,11,1.79769e+308,1.79769e+308,27,26,25,24,23,22,21,20,19,18,17,16,15,14,15,14,13,12,
176
24,23,22,1.79769e+308,1.79769e+308,1.79769e+308,18,17,1.79769e+308,15,14,1.79769e+308,1.79769e+308,1.79769e+308,1.79769e+308,11,10,1.79769e+308,12,11,1.79769e+308,22,21,20,19,1.79769e+308,17,16,15,14,13,12,1.79769e+308,1.79769e+308,9,10,9,1.79769e+308,1.79769e+308,10,22,21,20,19,18,17,16,1.79769e+308,1.79769e+308,13,12,11,10,9,8,1.79769e+308,8,7,8,9,1.79769e+308,1.79769e+308,19,18,17,16,15,14,13,1.79769e+308,11,10,9,8,7,8,7,6,7,8,20,19,18,17,16,15,14,13,12,1.79769e+308,10,11,1.79769e+308,1.79769e+308,6,7,1.79769e+308,5,6,1.79769e+308,21,1.79769e+308,17,16,15,14,13,12,11,10,9,1.79769e+308,1.79769e+308,6,5,6,5,4,1.79769e+308,6,1.79769e+308,17,16,15,14,13,12,11,10,9,8,7,6,1.79769e+308,4,1.79769e+308,1.79769e+308,3,4,5,19,18,1.79769e+308,16,15,1.79769e+308,13,12,11,1.79769e+308,7,6,5,4,3,2,1,2,3,4,20,19,20,1.79769e+308,16,15,14,13,12,11,1.79769e+308,7,6,1.79769e+308,2,1,0,1.79769e+308,4,1.79769e+308,21,1.79769e+308,19,18,17,1.79769e+308,13,12,11,10,9,8,7,8,1.79769e+308,2,1,2,3,4,22,21,1.79769e+308,17,16,15,14,1.79769e+308,12,11,10,1.79769e+308,1.79769e+308,1.79769e+308,1.79769e+308,3,2,1.79769e+308,4,5,1.79769e+308,20,19,18,17,16,1.79769e+308,14,13,12,11,1.79769e+308,7,6,5,4,3,4,5,6,24,1.79769e+308,20,19,18,17,1.79769e+308,15,14,13,12,1.79769e+308,8,7,6,5,4,5,6,7,23,22,21,1.79769e+308,19,1.79769e+308,17,16,15,14,13,1.79769e+308,1.79769e+308,8,7,6,5,6,7,8,24,23,22,21,20,19,18,17,16,15,14,1.79769e+308,1.79769e+308,9,1.79769e+308,7,6,7,8,9,25,24,23,22,21,20,19,18,1.79769e+308,14,13,12,11,10,9,8,7,8,9,10,26,1.79769e+308,1.79769e+308,21,20,19,18,17,16,15,14,13,12,1.79769e+308,10,9,8,9,10,11,25,24,23,22,21,20,19,18,1.79769e+308,16,15,14,13,1.79769e+308,11,10,9,10,11,12,1.79769e+308,25,1.79769e+308,23,22,21,20,19,18,17,16,15,14,13,12,11,1.79769e+308,1.79769e+308,1.79769e+308,13,1.79769e+308,1.79769e+308,25,24,23,22,21,20,19,18,17,16,15,14,13,12,13,14,15,14,
175
23,22,21,1.79769e+308,1.79769e+308,1.79769e+308,17,16,1.79769e+308,14,13,1.79769e+308,1.79769e+308,1.79769e+308,1.79769e+308,10,11,1.79769e+308,13,12,1.79769e+308,21,20,19,18,1.79769e+308,16,15,14,13,12,11,1.79769e+308,1.79769e+308,8,9,10,1.79769e+308,1.79769e+308,11,21,20,19,18,17,16,15,1.79769e+308,1.79769e+308,12,11,10,9,8,7,1.79769e+308,9,8,9,10,1.79769e+308,1.79769e+308,18,17,16,15,14,13,12,1.79769e+308,10,9,8,7,6,7,8,7,8,9,19,18,17,16,15,14,13,12,11,1.79769e+308,9,10,1.79769e+308,1.79769e+308,5,6,1.79769e+308,6,7,1.79769e+308,20,1.79769e+308,16,15,14,13,12,11,10,9,8,1.79769e+308,1.79769e+308,5,4,5,6,5,1.79769e+308,7,1.79769e+308,16,15,14,13,12,11,10,9,8,7,6,5,1.79769e+308,3,1.79769e+308,1.79769e+308,4,5,6,18,17,1.79769e+308,15,14,1.79769e+308,12,11,10,1.79769e+308,6,5,4,3,2,1,2,3,4,5,19,18,19,1.79769e+308,15,14,13,12,11,10,1.79769e+308,6,5,1.79769e+308,1,0,1,1.79769e+308,5,1.79769e+308,20,1.79769e+308,18,17,16,1.79769e+308,12,11,10,9,8,7,6,7,1.79769e+308,1,2,3,4,5,21,20,1.79769e+308,16,15,14,13,1.79769e+308,11,10,9,1.79769e+308,1.79769e+308,1.79769e+308,1.79769e+308,2,3,1.79769e+308,5,6,1.79769e+308,19,18,17,16,15,1.79769e+308,13,12,11,10,1.79769e+308,6,5,4,3,4,5,6,7,23,1.79769e+308,19,18,17,16,1.79769e+308,14,13,12,11,1.79769e+308,7,6,5,4,5,6,7,8,22,21,20,1.79769e+308,18,1.79769e+308,16,15,14,13,12,1.79769e+308,1.79769e+308,7,6,5,6,7,8,9,23,22,21,20,19,18,17,16,15,14,13,1.79769e+308,1.79769e+308,8,1.79769e+308,6,7,8,9,10,24,23,22,21,20,19,18,17,1.79769e+308,13,12,11,10,9,8,7,8,9,10,11,25,1.79769e+308,1.79769e+308,20,19,18,17,16,15,14,13,12,11,1.79769e+308,9,8,9,10,11,12,24,23,22,21,20,19,18,17,1.79769e+308,15,14,13,12,1.79769e+308,10,9,10,11,12,13,1.79769e+308,24,1.79769e+308,22,21,20,19,18,17,16,15,14,13,12,11,10,1.79769e+308,1.79769e+308,1.79769e+308,14,1.79769e+308,1.79769e+308,24,23,22,21,20,19,18,17,16,15,14,13,12,11,12,13,14,15,
174
22,21,20,1.79769e+308,1.79769e+308,1.79769e+308,16,15,1.79769e+308,13,12,1.79769e+308,1.79769e+308,1.79769e+308,1.79769e+308,9,10,1.79769e+308,14,13,1.79769e+308,20,19,18,17,1.79769e+308,15,14,13,12,11,10,1.79769e+308,1.79769e+308,7,8,9,1.79769e+308,1.79769e+308,12,20,19,18,17,16,15,14,1.79769e+308,1.79769e+308,11,10,9,8,7,6,1.79769e+308,8,9,10,11,1.79769e+308,1.79769e+308,17,16,15,14,13,12,11,1.79769e+308,9,8,7,6,5,6,7,8,9,10,18,17,16,15,14,13,12,11,10,1.79769e+308,8,9,1.79769e+308,1.79769e+308,4,5,1.79769e+308,7,8,1.79769e+308,19,1.79769e+308,15,14,13,12,11,10,9,8,7,1.79769e+308,1.79769e+308,4,3,4,5,6,1.79769e+308,8,1.79769e+308,15,14,13,12,11,10,9,8,7,6,5,4,1.79769e+308,2,1.79769e+308,1.79769e+308,5,6,7,17,16,1.79769e+308,14,13,1.79769e+308,11,10,9,1.79769e+308,5,4,3,2,1,2,3,4,5,6,18,17,18,1.79769e+308,14,13,12,11,10,9,1.79769e+308,5,4,1.79769e+308,0,1,2,1.79769e+308,6,1.79769e+308,19,1.79769e+308,17,16,15,1.79769e+308,11,10,9,8,7,6,5,6,1.79769e+308,2,3,4,5,6,20,19,1.79769e+308,15,14,13,12,1.79769e+308,10,9,8,1.79769e+308,1.79769e+308,1.79769e+308,1.79769e+308,3,4,1.79769e+308,6,7,1.79769e+308,18,17,16,15,14,1.79769e+308,12,11,10,9,1.79769e+308,7,6,5,4,5,6,7,8,22,1.79769e+308,18,17,16,15,1.79769e+308,13,12,11,10,1.79769e+308,8,7,6,5,6,7,8,9,21,20,19,1.79769e+308,17,1.79769e+308,15,14,13,12,11,1.79769e+308,1.79769e+308,8,7,6,7,8,9,10,22,21,20,19,18,17,16,15,14,13,12,1.79769e+308,1.79769e+308,9,1.79769e+308,7,8,9,10,11,23,22,21,20,19,18,17,16,1.79769e+308,14,13,12,11,10,9,8,9,10,11,12,24,1.79769e+308,1.79769e+308,21,20,19,18,17,16,15,14,13,12,1.79769e+308,10,9,10,11,12,13,25,24,23,22,21,20,19,18,1.79769e+308,16,15,14,13,1.79769e+308,11,10,11,12,13,14,1.79769e+308,25,1.79769e+308,23,22,21,20,19,18,17,16,15,14,13,12,11,1.79769e+308,1.79769e+308,1.79769e+308,15,1.79769e+308,1.79769e+308,25,24,23,22,21,20,19,18,17,16,15,14,13,12,13,14,15,16,
172
20,19,18,1.79769e+308,1.79769e+308,1.79769e+308,14,13,1.79769e+308,11,10,1.79769e+308,1.79769e+308,1.79769e+308,1.79769e+308,11,12,1.79769e+308,16,15,1.79769e+308,18,17,16,15,1.79769e+308,13,12,11,10,9,10,1.79769e+308,1.79769e+308,9,10,11,1.79769e+308,1.79769e+308,14,18,17,16,15,14,13,12,1.79769e+308,1.79769e+308,9,8,9,10,9,8,1.79769e+308,10,11,12,13,1.79769e+308,1.79769e+308,15,14,13,12,11,10,9,1.79769e+308,7,8,9,8,7,8,9,10,11,12,16,15,14,13,12,11,10,9,8,1.79769e+308,6,7,1.79769e+308,1.79769e+308,6,7,1.79769e+308,9,10,1.79769e+308,17,1.79769e+308,13,12,11,10,9,8,7,6,5,1.79769e+308,1.79769e+308,6,5,6,7,8,1.79769e+308,10,1.79769e+308,13,12,11,10,9,8,7,6,5,4,3,2,1.79769e+308,4,1.79769e+308,1.79769e+308,7,8,9,15,14,1.79769e+308,12,11,1.79769e+308,9,8,7,1.79769e+308,3,2,1,2,3,4,5,6,7,8,16,15,14,1.79769e+308,10,9,8,7,6,5,1.79769e+308,1,0,1.79769e+308,4,5,6,1.79769e+308,8,1.79769e+308,17,1.79769e+308,13,12,11,1.79769e+308,7,6,5,4,3,2,1,2,1.79769e+308,6,7,8,9,10,16,15,1.79769e+308,11,10,9,8,1.79769e+308,6,5,4,1.79769e+308,1.79769e+308,1.79769e+308,1.79769e+308,7,8,1.79769e+308,10,11,1.79769e+308,14,13,12,11,10,1.79769e+308,8,7,6,5,1.79769e+308,11,10,9,8,9,10,11,12,18,1.79769e+308,14,13,12,11,1.79769e+308,9,8,7,6,1.79769e+308,12,11,10,9,10,11,12,13,17,16,15,1.79769e+308,13,1.79769e+308,11,10,9,8,7,1.79769e+308,1.79769e+308,12,11,10,11,12,13,14,18,17,16,15,14,13,12,11,10,9,8,1.79769e+308,1.79769e+308,13,1.79769e+308,11,12,13,14,15,19,18,17,16,15,14,13,12,1.79769e+308,10,9,10,11,12,13,12,13,14,15,16,20,1.79769e+308,1.79769e+308,17,16,15,14,13,12,11,10,11,12,1.79769e+308,14,13,14,15,16,17,21,20,19,18,17,16,15,14,1.79769e+308,12,11,12,13,1.79769e+308,15,14,15,16,17,18,1.79769e+308,21,1.79769e+308,19,18,17,16,15,14,13,12,13,14,15,16,15,1.79769e+308,1.79769e+308,1.79769e+308,19,1.79769e+308,1.79769e+308,21,20,19,18,17,16,15,14,13,14,15,16,17,16,17,18,19,20,
171
19,18,17,1.79769e+308,1.79769e+308,1.79769e+308,13,12,1.79769e+308,10,9,1.79769e+308,1.79769e+308,1.79769e+308,1.79769e+308,12,13,1.79769e+308,17,16,1.79769e+308,17,16,15,14,1.79769e+308,12,11,10,9,8,9,1.79769e+308,1.79769e+308,10,11,12,1.79769e+308,1.79769e+308,15,17,16,15,14,13,12,11,1.79769e+308,1.79769e+308,8,7,8,9,10,9,1.79769e+308,11,12,13,14,1.79769e+308,1.79769e+308,14,13,12,11,10,9,8,1.79769e+308,6,7,8,9,8,9,10,11,12,13,15,14,13,12,11,10,9,8,7,1.79769e+308,5,6,1.79769e+308,1.79769e+308,7,8,1.79769e+308,10,11,1.79769e+308,16,1.79769e+308,12,11,10,9,8,7,6,5,4,1.79769e+308,1.79769e+308,7,6,7,8,9,1.79769e+308,11,1.79769e+308,12,11,10,9,8,7,6,5,4,3,2,3,1.79769e+308,5,1.79769e+308,1.79769e+308,8,9,10,14,13,1.79769e+308,11,10,1.79769e+308,8,7,6,1.79769e+308,2,1,2,3,4,5,6,7,8,9,15,14,13,1.79769e+308,9,8,7,6,5,4,1.79769e+308,0,1,1.79769e+308,5,6,7,1.79769e+308,9,1.79769e+308,16,1.79769e+308,12,11,10,1.79769e+308,6,5,4,3,2,1,2,3,1.79769e+308,7,8,9,10,11,15,14,1.79769e+308,10,9,8,7,1.79769e+308,5,4,3,1.79769e+308,1.79769e+308,1.79769e+308,1.79769e+308,8,9,1.79769e+308,11,12,1.79769e+308,13,12,11,10,9,1.79769e+308,7,6,5,4,1.79769e+308,12,11,10,9,10,11,12,13,17,1.79769e+308,13,12,11,10,1.79769e+308,8,7,6,5,1.79769e+308,13,12,11,10,11,12,13,14,16,15,14,1.79769e+308,12,1.79769e+308,10,9,8,7,6,1.79769e+308,1.79769e+308,13,12,11,12,13,14,15,17,16,15,14,13,12,11,10,9,8,7,1.79769e+308,1.79769e+308,12,1.79769e+308,12,13,14,15,16,18,17,16,15,14,13,12,11,1.79769e+308,9,8,9,10,11,12,13,14,15,16,17,19,1.79769e+308,1.79769e+308,16,15,14,13,12,11,10,9,10,11,1.79769e+308,13,14,15,16,17,18,20,19,18,17,16,15,14,13,1.79769e+308,11,10,11,12,1.79769e+308,14,15,16,17,18,19,1.79769e+308,20,1.79769e+308,18,17,16,15,14,13,12,11,12,13,14,15,16,1.79769e+308,1.79769e+308,1.79769e+308,20,1.79769e+308,1.79769e+308,20,19,18,17,16,15,14,13,12,13,14,15,16,17,18,19,20,21,
169
17,16,15,1.79769e+308,1.79769e+308,1.79769e+308,11,12,1.79769e+308,12,11,1.79769e+308,1.79769e+308,1.79769e+308,1.79769e+308,16,17,1.79769e+308,21,20,1.79769e+308,15,14,13,12,1.79769e+308,10,11,12,11,10,11,1.79769e+308,1.79769e+308,14,15,16,1.79769e+308,1.79769e+308,19,15,14,13,12,11,10,9,1.79769e+308,1.79769e+308,10,9,10,11,12,13,1.79769e+308,15,16,17,18,1.79769e+308,1.79769e+308,12,11,10,9,8,7,6,1.79769e+308,8,9,10,11,12,13,14,15,16,17,13,12,11,10,9,8,7,6,5,1.79769e+308,7,8,1.79769e+308,1.79769e+308,11,12,1.79769e+308,14,15,1.79769e+308,14,1.79769e+308,10,9,8,7,6,5,4,5,6,1.79769e+308,1.79769e+308,11,10,11,12,13,1.79769e+308,15,1.79769e+308,10,9,8,7,6,5,4,3,4,5,6,7,1.79769e+308,9,1.79769e+308,1.79769e+308,12,13,14,12,11,1.79769e+308,7,6,1.79769e+308,4,3,2,1.79769e+308,6,5,6,7,8,9,10,11,12,13,11,10,9,1.79769e+308,5,4,3,2,1,0,1.79769e+308,4,5,1.79769e+308,9,10,11,1.79769e+308,13,1.79769e+308,12,1.79769e+308,8,7,6,1.79769e+308,4,3,2,1,2,3,4,5,1.79769e+308,11,12,13,14,15,13,12,1.79769e+308,8,7,6,5,1.79769e+308,3,2,3,1.79769e+308,1.79769e+308,1.79769e+308,1.79769e+308,12,13,1.79769e+308,15,16,1.79769e+308,11,10,9,8,7,1.79769e+308,5,4,3,4,1.79769e+308,16,15,14,13,14,15,16,17,15,1.79769e+308,11,10,9,8,1.79769e+308,6,5,4,5,1.79769e+308,15,14,15,14,15,16,17,18,14,13,12,1.79769e+308,10,1.79769e+308,8,7,6,5,6,1.79769e+308,1.79769e+308,13,14,15,16,17,18,19,15,14,13,12,11,10,9,8,7,6,7,1.79769e+308,1.79769e+308,12,1.79769e+308,14,15,16,17,18,16,15,14,13,12,11,10,9,1.79769e+308,7,8,9,10,11,12,13,14,15,16,17,17,1.79769e+308,1.79769e+308,14,13,12,11,10,9,8,9,10,11,1.79769e+308,13,14,15,16,17,18,18,17,16,15,14,13,12,11,1.79769e+308,9,10,11,12,1.79769e+308,14,15,16,17,18,19,1.79769e+308,18,1.79769e+308,16,15,14,13,12,11,10,11,12,13,14,15,16,1.79769e+308,1.79769e+308,1.79769e+308,20,1.79769e+308,1.79769e+308,18,17,16,15,14,13,12,11,12,13,14,15,16,17,18,19,20,21,
168
16,15,14,1.79769e+308,1.79769e+308,1.79769e+308,10,11,1.79769e+308,11,10,1.79769e+308,1.79769e+308,1.79769e+308,1.79769e+308,15,16,1.79769e+308,20,19,1.79769e+308,14,13,12,11,1.79769e+308,9,10,11,10,9,10,1.79769e+308,1.79769e+308,13,14,15,1.79769e+308,1.79769e+308,18,14,13,12,11,10,9,8,1.79769e+308,1.79769e+308,9,8,9,10,11,12,1.79769e+308,14,15,16,17,1.79769e+308,1.79769e+308,11,10,9,8,7,6,5,1.79769e+308,7,8,9,10,11,12,13,14,15,16,12,11,10,9,8,7,6,5,4,1.79769e+308,6,7,1.79769e+308,1.79769e+308,12,13,1.79769e+308,15,16,1.79769e+308,13,1.79769e+308,9,8,7,6,5,4,3,4,5,1.79769e+308,1.79769e+308,12,11,12,13,14,1.79769e+308,16,1.79769e+308,9,8,7,6,5,4,3,2,3,4,5,6,1.79769e+308,10,1.79769e+308,1.79769e+308,13,14,15,11,10,1.79769e+308,6,5,1.79769e+308,3,2,1,1.79769e+308,5,6,7,8,9,10,11,12,13,14,10,9,8,1.79769e+308,4,3,2,1,0,1,1.79769e+308,5,6,1.79769e+308,10,11,12,1.79769e+308,14,1.79769e+308,11,1.79769e+308,7,6,5,1.79769e+308,3,2,1,2,3,4,5,6,1.79769e+308,12,13,14,15,16,12,11,1.79769e+308,7,6,5,4,1.79769e+308,2,3,4,1.79769e+308,1.79769e+308,1.79769e+308,1.79769e+308,13,14,1.79769e+308,16,17,1.79769e+308,10,9,8,7,6,1.79769e+308,4,3,4,5,1.79769e+308,17,16,15,14,15,16,17,18,14,1.79769e+308,10,9,8,7,1.79769e+308,5,4,5,6,1.79769e+308,16,15,16,15,16,17,18,19,13,12,11,1.79769e+308,9,1.79769e+308,7,6,5,6,7,1.79769e+308,1.79769e+308,14,15,16,17,18,19,20,14,13,12,11,10,9,8,7,6,7,8,1.79769e+308,1.79769e+308,13,1.79769e+308,15,16,17,18,19,15,14,13,12,11,10,9,8,1.79769e+308,8,9,10,11,12,13,14,15,16,17,18,16,1.79769e+308,1.79769e+308,13,12,11,10,9,10,9,10,11,12,1.79769e+308,14,15,16,17,18,19,17,16,15,14,13,12,11,10,1.79769e+308,10,11,12,13,1.79769e+308,15,16,17,18,19,20,1.79769e+308,17,1.79769e+308,15,14,13,12,11,12,11,12,13,14,15,16,17,1.79769e+308,1.79769e+308,1.79769e+308,21,1.79769e+308,1.79769e+308,17,16,15,14,13,12,13,12,13,14,15,16,17,18,19,20,21,22,
167
15,14,13,1.79769e+308,1.79769e+308,1.79769e+308,9,10,1.79769e+308,12,11,1.79769e+308,1.79769e+308,1.79769e+308,1.79769e+308,16,17,1.79769e+308,21,20,1.79769e+308,13,12,11,10,1.79769e+308,8,9,10,11,10,11,1.79769e+308,1.79769e+308,14,15,16,1.79769e+308,1.79769e+308,19,13,12,11,10,9,8,7,1.79769e+308,1.79769e+308,10,9,10,11,12,13,1.79769e+308,15,16,17,18,1.79769e+308,1.79769e+308,10,9,8,7,6,5,6,1.79769e+308,8,9,10,11,12,13,14,15,16,17,11,10,9,8,7,6,5,4,5,1.79769e+308,7,8,1.79769e+308,1.79769e+308,13,14,1.79769e+308,16,17,1.79769e+308,12,1.79769e+308,8,7,6,5,4,3,4,5,6,1.79769e+308,1.79769e+308,13,12,13,14,15,1.79769e+308,17,1.79769e+308,8,7,6,5,4,3,2,3,4,5,6,7,1.79769e+308,11,1.79769e+308,1.79769e+308,14,15,16,10,9,1.79769e+308,5,4,1.79769e+308,2,1,2,1.79769e+308,6,7,8,9,10,11,12,13,14,15,9,8,7,1.79769e+308,3,2,1,0,1,2,1.79769e+308,6,7,1.79769e+308,11,12,13,1.79769e+308,15,1.79769e+308,10,1.79769e+308,6,5,4,1.79769e+308,2,1,2,3,4,5,6,7,1.79769e+308,13,14,15,16,17,11,10,1.79769e+308,6,5,4,3,1.79769e+308,3,4,5,1.79769e+308,1.79769e+308,1.79769e+308,1.79769e+308,14,15,1.79769e+308,17,18,1.79769e+308,9,8,7,6,5,1.79769e+308,5,4,5,6,1.79769e+308,18,17,16,15,16,17,18,19,13,1.79769e+308,9,8,7,6,1.79769e+308,6,5,6,7,1.79769e+308,17,16,17,16,17,18,19,20,12,11,10,1.79769e+308,8,1.79769e+308,8,7,6,7,8,1.79769e+308,1.79769e+308,15,16,17,18,19,20,21,13,12,11,10,9,10,9,8,7,8,9,1.79769e+308,1.79769e+308,14,1.79769e+308,16,17,18,19,20,14,13,12,11,10,11,10,9,1.79769e+308,9,10,11,12,13,14,15,16,17,18,19,15,1.79769e+308,1.79769e+308,12,11,12,11,10,11,10,11,12,13,1.79769e+308,15,16,17,18,19,20,16,15,14,13,12,13,12,11,1.79769e+308,11,12,13,14,1.79769e+308,16,17,18,19,20,21,1.79769e+308,16,1.79769e+308,14,13,14,13,12,13,12,13,14,15,16,17,18,1.79769e+308,1.79769e+308,1.79769e+308,22,1.79769e+308,1.79769e+308,16,15,14,15,14,13,14,13,14,15,16,17,18,19,20,21,22,23,
166
14,13,12,1.79769e+308,1.79769e+308,1.79769e+308,8,9,1.79769e+308,11,12,1.79769e+308,1.79769e+308,1.79769e+308,1.79769e+308,17,18,1.79769e+308,22,21,1.79769e+308,12,11,10,9,1.79769e+308,7,8,9,10,11,12,1.79769e+308,1.79769e+308,15,16,17,1.79769e+308,1.79769e+308,20,12,11,10,9,8,7,6,1.79769e+308,1.79769e+308,11,10,11,12,13,14,1.79769e+308,16,17,18,19,1.79769e+308,1.79769e+308,9,8,7,6,5,6,7,1.79769e+308,9,10,11,12,13,14,15,16,17,18,10,9,8,7,6,5,4,5,6,1.79769e+308,8,9,1.79769e+308,1.79769e+308,14,15,1.79769e+308,17,18,1.79769e+308,11,1.79769e+308,7,6,5,4,3,4,5,6,7,1.79769e+308,1.79769e+308,14,13,14,15,16,1.79769e+308,18,1.79769e+308,7,6,5,4,3,2,3,4,5,6,7,8,1.79769e+308,12,1.79769e+308,1.79769e+308,15,16,17,9,8,1.79769e+308,4,3,1.79769e+308,1,2,3,1.79769e+308,7,8,9,10,11,12,13,14,15,16,8,7,6,1.79769e+308,2,1,0,1,2,3,1.79769e+308,7,8,1.79769e+308,12,13,14,1.79769e+308,16,1.79769e+308,9,1.79769e+308,5,4,3,1.79769e+308,1,2,3,4,5,6,7,8,1.79769e+308,14,15,16,17,18,10,9,1.79769e+308,5,4,3,2,1.79769e+308,4,5,6,1.79769e+308,1.79769e+308,1.79769e+308,1.79769e+308,15,16,1.79769e+308,18,19,1.79769e+308,8,7,6,5,4,1.79769e+308,6,5,6,7,1.79769e+308,19,18,17,16,17,18,19,20,12,1.79769e+308,8,7,6,5,1.79769e+308,7,6,7,8,1.79769e+308,18,17,18,17,18,19,20,21,11,10,9,1.79769e+308,7,1.79769e+308,9,8,7,8,9,1.79769e+308,1.79769e+308,16,17,18,19,20,21,22,12,11,10,9,8,9,10,9,8,9,10,1.79769e+308,1.79769e+308,15,1.79769e+308,17,18,19,20,21,13,12,11,10,9,10,11,10,1.79769e+308,10,11,12,13,14,15,16,17,18,19,20,14,1.79769e+308,1.79769e+308,11,10,11,12,11,12,11,12,13,14,1.79769e+308,16,17,18,19,20,21,15,14,13,12,11,12,13,12,1.79769e+308,12,13,14,15,1.79769e+308,17,18,19,20,21,22,1.79769e+308,15,1.79769e+308,13,12,13,14,13,14,13,14,15,16,17,18,19,1.79769e+308,1.79769e+308,1.79769e+308,23,1.79769e+308,1.79769e+308,15,14,13,14,15,14,15,14,15,16,17,18,19,20,21,22,23,24,
165
13,12,11,1.79769e+308,1.79769e+308,1.79769e+308,9,10,1.79769e+308,12,13,1.79769e+308,1.79769e+308,1.79769e+308,1.79769e+308,18,19,1.79769e+308,23,22,1.79769e+308,11,10,9,8,1.79769e+308,8,9,10,11,12,13,1.79769e+308,1.79769e+308,16,17,18,1.79769e+308,1.79769e+308,21,11,10,9,8,7,8,7,1.79769e+308,1.79769e+308,12,11,12,13,14,15,1.79769e+308,17,18,19,20,1.79769e+308,1.79769e+308,8,7,6,7,6,7,8,1.79769e+308,10,11,12,13,14,15,16,17,18,19,9,8,7,6,5,6,5,6,7,1.79769e+308,9,10,1.79769e+308,1.79769e+308,15,16,1.79769e+308,18,19,1.79769e+308,10,1.79769e+308,6,5,4,5,4,5,6,7,8,1.79769e+308,1.79769e+308,15,14,15,16,17,1.79769e+308,19,1.79769e+308,6,5,4,3,4,3,4,5,6,7,8,9,1.79769e+308,13,1.79769e+308,1.79769e+308,16,17,18,8,7,1.79769e+308,3,2,1.79769e+308,2,3,4,1.79769e+308,8,9,10,11,12,13,14,15,16,17,7,6,5,1.79769e+308,1,0,1,2,3,4,1.79769e+308,8,9,1.79769e+308,13,14,15,1.79769e+308,17,1.79769e+308,8,1.79769e+308,4,3,2,1.79769e+308,2,3,4,5,6,7,8,9,1.79769e+308,15,16,17,18,19,9,8,1.79769e+308,4,3,4,3,1.79769e+308,5,6,7,1.79769e+308,1.79769e+308,1.79769e+308,1.79769e+308,16,17,1.79769e+308,19,20,1.79769e+308,7,6,5,4,5,1.79769e+308,7,6,7,8,1.79769e+308,20,19,18,17,18,19,20,21,11,1.79769e+308,7,6,5,6,1.79769e+308,8,7,8,9,1.79769e+308,19,18,19,18,19,20,21,22,10,9,8,1.79769e+308,6,1.79769e+308,10,9,8,9,10,1.79769e+308,1.79769e+308,17,18,19,20,21,22,23,11,10,9,8,7,8,9,10,9,10,11,1.79769e+308,1.79769e+308,16,1.79769e+308,18,19,20,21,22,12,11,10,9,8,9,10,11,1.79769e+308,11,12,13,14,15,16,17,18,19,20,21,13,1.79769e+308,1.79769e+308,10,9,10,11,12,13,12,13,14,15,1.79769e+308,17,18,19,20,21,22,14,13,12,11,10,11,12,13,1.79769e+308,13,14,15,16,1.79769e+308,18,19,20,21,22,23,1.79769e+308,14,1.79769e+308,12,11,12,13,14,15,14,15,16,17,18,19,20,1.79769e+308,1.79769e+308,1.79769e+308,24,1.79769e+308,1.79769e+308,14,13,12,13,14,15,16,15,16,17,18,19,20,21,22,23,24,25,
164
12,11,10,1.79769e+308,1.79769e+308,1.79769e+308,10,11,1.79769e+308,13,14,1.79769e+308,1.79769e+308,1.79769e+308,1.79769e+308,19,20,1.79769e+308,24,23,1.79769e+308,10,9,8,7,1.79769e+308,9,10,11,12,13,14,1.79769e+308,1.79769e+308,17,18,19,1.79769e+308,1.79769e+308,22,10,9,8,7,6,7,8,1.79769e+308,1.79769e+308,13,12,13,14,15,16,1.79769e+308,18,19,20,21,1.79769e+308,1.79769e+308,7,6,5,6,7,8,9,1.79769e+308,11,12,13,14,15,16,17,18,19,20,8,7,6,5,4,5,6,7,8,1.79769e+308,10,11,1.79769e+308,1.79769e+308,16,17,1.79769e+308,19,20,1.79769e+308,9,1.79769e+308,5,4,3,4,5,6,7,8,9,1.79769e+308,1.79769e+308,16,15,16,17,18,1.79769e+308,20,1.79769e+308,5,4,3,2,3,4,5,6,7,8,9,10,1.79769e+308,14,1.79769e+308,1.79769e+308,17,18,19,7,6,1.79769e+308,2,1,1.79769e+308,3,4,5,1.79769e+308,9,10,11,12,13,14,15,16,17,18,6,5,4,1.79769e+308,0,1,2,3,4,5,1.79769e+308,9,10,1.79769e+308,14,15,16,1.79769e+308,18,1.79769e+308,7,1.79769e+308,3,2,1,1.79769e+308,3,4,5,6,7,8,9,10,1.79769e+308,16,17,18,19,20,8,7,1.79769e+308,3,2,3,4,1.79769e+308,6,7,8,1.79769e+308,1.79769e+308,1.79769e+308,1.79769e+308,17,18,1.79769e+308,20,21,1.79769e+308,6,5,4,3,4,1.79769e+308,8,7,8,9,1.79769e+308,21,20,19,18,19,20,21,22,10,1.79769e+308,6,5,4,5,1.79769e+308,9,8,9,10,1.79769e+308,20,19,20,19,20,21,22,23,9,8,7,1.79769e+308,5,1.79769e+308,9,10,9,10,11,1.79769e+308,1.79769e+308,18,19,20,21,22,23,24,10,9,8,7,6,7,8,9,10,11,12,1.79769e+308,1.79769e+308,17,1.79769e+308,19,20,21,22,23,11,10,9,8,7,8,9,10,1.79769e+308,12,13,14,15,16,17,18,19,20,21,22,12,1.79769e+308,1.79769e+308,9,8,9,10,11,12,13,14,15,16,1.79769e+308,18,19,20,21,22,23,13,12,11,10,9,10,11,12,1.79769e+308,14,15,16,17,1.79769e+308,19,20,21,22,23,24,1.79769e+308,13,1.79769e+308,11,10,11,12,13,14,15,16,17,18,19,20,21,1.79769e+308,1.79769e+308,1.79769e+308,25,1.79769e+308,1.79769e+308,13,12,11,12,13,14,15,16,17,18,19,20,21,22,23,24,25,26,
162
12,11,10,1.79769e+308,1.79769e+308,1.79769e+308,14,15,1.79769e+308,17,18,1.79769e+308,1.79769e+308,1.79769e+308,1.79769e+308,23,24,1.79769e+308,28,27,1.79769e+308,10,9,10,11,1.79769e+308,13,14,15,16,17,18,1.79769e+308,1.79769e+308,21,22,23,1.79769e+308,1.79769e+308,26,10,9,8,9,10,11,12,1.79769e+308,1.79769e+308,17,16,17,18,19,20,1.79769e+308,22,23,24,25,1.79769e+308,1.79769e+308,7,8,9,10,11,12,13,1.79769e+308,15,16,17,18,19,20,21,22,23,24,8,7,6,7,8,9,10,11,12,1.79769e+308,14,15,1.79769e+308,1.79769e+308,20,21,1.79769e+308,23,24,1.79769e+308,9,1.79769e+308,5,6,7,8,9,10,11,12,13,1.79769e+308,1.79769e+308,20,19,20,21,22,1.79769e+308,24,1.79769e+308,3,4,5,6,7,8,9,10,11,12,13,14,1.79769e+308,18,1.79769e+308,1.79769e+308,21,22,23,3,2,1.79769e+308,6,5,1.79769e+308,7,8,9,1.79769e+308,13,14,15,16,17,18,19,20,21,22,2,1,0,1.79769e+308,4,5,6,7,8,9,1.79769e+308,13,14,1.79769e+308,18,19,20,1.79769e+308,22,1.79769e+308,3,1.79769e+308,1,2,3,1.79769e+308,7,8,9,10,11,12,13,14,1.79769e+308,20,21,22,23,24,4,5,1.79769e+308,3,4,5,6,1.79769e+308,10,11,12,1.79769e+308,1.79769e+308,1.79769e+308,1.79769e+308,21,22,1.79769e+308,24,25,1.79769e+308,6,5,4,5,6,1.79769e+308,12,11,12,13,1.79769e+308,23,22,23,22,23,24,25,26,10,1.79769e+308,6,5,6,7,1.79769e+308,13,12,13,14,1.79769e+308,22,21,22,23,24,25,26,27,9,8,7,1.79769e+308,7,1.79769e+308,11,12,13,14,15,1.79769e+308,1.79769e+308,20,21,22,23,24,25,26,10,9,8,9,8,9,10,11,12,13,14,1.79769e+308,1.79769e+308,19,1.79769e+308,21,22,23,24,25,11,10,9,10,9,10,11,12,1.79769e+308,14,15,16,17,18,19,20,21,22,23,24,12,1.79769e+308,1.79769e+308,11,10,11,12,13,14,15,16,17,18,1.79769e+308,20,21,22,23,24,25,13,14,13,12,11,12,13,14,1.79769e+308,16,17,18,19,1.79769e+308,21,22,23,24,25,26,1.79769e+308,15,1.79769e+308,13,12,13,14,15,16,17,18,19,20,21,22,23,1.79769e+308,1.79769e+308,1.79769e+308,27,1.79769e+308,1.79769e+308,15,14,13,14,15,16,17,18,19,20,21,22,23,24,25,26,27,28,
161
11,10,9,1.79769e+308,1.79769e+308,1.79769e+308,13,14,1.79769e+308,16,17,1.79769e+308,1.79769e+308,1.79769e+308,1.79769e+308,22,23,1.79769e+308,27,26,1.79769e+308,9,8,9,10,1.79769e+308,12,13,14,15,16,17,1.79769e+308,1.79769e+308,20,21,22,1.79769e+308,1.79769e+308,25,9,8,7,8,9,10,11,1.79769e+308,1.79769e+308,16,15,16,17,18,19,1.79769e+308,21,22,23,24,1.79769e+308,1.79769e+308,6,7,8,9,10,11,12,1.79769e+308,14,15,16,17,18,19,20,21,22,23,7,6,5,6,7,8,9,10,11,1.79769e+308,13,14,1.79769e+308,1.79769e+308,19,20,1.79769e+308,22,23,1.79769e+308,8,1.79769e+308,4,5,6,7,8,9,10,11,12,1.79769e+308,1.79769e+308,19,18,19,20,21,1.79769e+308,23,1.79769e+308,2,3,4,5,6,7,8,9,10,11,12,13,1.79769e+308,17,1.79769e+308,1.79769e+308,20,21,22,2,1,1.79769e+308,5,6,1.79769e+308,8,9,10,1.79769e+308,12,13,14,15,16,17,18,19,20,21,1,0,1,1.79769e+308,5,6,7,8,9,10,1.79769e+308,14,15,1.79769e+308,17,18,19,1.79769e+308,21,1.79769e+308,2,1.79769e+308,2,3,4,1.79769e+308,8,9,10,11,12,13,14,15,1.79769e+308,19,20,21,22,23,3,4,1.79769e+308,4,5,6,7,1.79769e+308,11,12,13,1.79769e+308,1.79769e+308,1.79769e+308,1.79769e+308,20,21,1.79769e+308,23,24,1.79769e+308,5,6,5,6,7,1.79769e+308,13,12,13,14,1.79769e+308,24,23,22,21,22,23,24,25,11,1.79769e+308,7,6,7,8,1.79769e+308,14,13,14,15,1.79769e+308,23,22,23,22,23,24,25,26,10,9,8,1.79769e+308,8,1.79769e+308,12,13,14,15,16,1.79769e+308,1.79769e+308,21,22,23,24,25,26,27,11,10,9,10,9,10,11,12,13,14,15,1.79769e+308,1.79769e+308,20,1.79769e+308,22,23,24,25,26,12,11,10,11,10,11,12,13,1.79769e+308,15,16,17,18,19,20,21,22,23,24,25,13,1.79769e+308,1.79769e+308,12,11,12,13,14,15,16,17,18,19,1.79769e+308,21,22,23,24,25,26,14,15,14,13,12,13,14,15,1.79769e+308,17,18,19,20,1.79769e+308,22,23,24,25,26,27,1.79769e+308,16,1.79769e+308,14,13,14,15,16,17,18,19,20,21,22,23,24,1.79769e+308,1.79769e+308,1.79769e+308,28,1.79769e+308,1.79769e+308,16,15,14,15,16,17,18,19,20,21,22,23,24,25,26,27,28,29,
160
12,11,10,1.79769e+308,1.79769e+308,1.79769e+308,14,15,1.79769e+308,17,18,1.79769e+308,1.79769e+308,1.79769e+308,1.79769e+308,23,24,1.79769e+308,28,27,1.79769e+308,10,9,10,11,1.79769e+308,13,14,15,16,17,18,1.79769e+308,1.79769e+308,21,22,23,1.79769e+308,1.79769e+308,26,10,9,8,9,10,11,12,1.79769e+308,1.79769e+308,17,16,17,18,19,20,1.79769e+308,22,23,24,25,1.79769e+308,1.79769e+308,7,8,9,10,11,12,13,1.79769e+308,15,16,17,18,19,20,21,22,23,24,8,7,6,7,8,9,10,11,12,1.79769e+308,14,15,1.79769e+308,1.79769e+308,20,21,1.79769e+308,23,24,1.79769e+308,9,1.79769e+308,5,6,7,8,9,10,11,12,13,1.79769e+308,1.79769e+308,20,19,20,21,22,1.79769e+308,24,1.79769e+308,3,4,5,6,7,8,9,10,11,12,13,14,1.79769e+308,18,1.79769e+308,1.79769e+308,21,22,23,1,2,1.79769e+308,6,7,1.79769e+308,9,10,11,1.79769e+308,13,14,15,16,17,18,19,20,21,22,0,1,2,1.79769e+308,6,7,8,9,10,11,1.79769e+308,15,16,1.79769e+308,18,19,20,1.79769e+308,22,1.79769e+308,1,1.79769e+308,3,4,5,1.79769e+308,9,10,11,12,13,14,15,16,1.79769e+308,20,21,22,23,24,2,3,1.79769e+308,5,6,7,8,1.79769e+308,12,13,14,1.79769e+308,1.79769e+308,1.79769e+308,1.79769e+308,21,22,1.79769e+308,24,25,1.79769e+308,4,5,6,7,8,1.79769e+308,14,13,14,15,1.79769e+308,25,24,23,22,23,24,25,26,10,1.79769e+308,6,7,8,9,1.79769e+308,15,14,15,16,1.79769e+308,24,23,24,23,24,25,26,27,9,8,7,1.79769e+308,9,1.79769e+308,13,14,15,16,17,1.79769e+308,1.79769e+308,22,23,24,25,26,27,28,10,9,8,9,10,11,12,13,14,15,16,1.79769e+308,1.79769e+308,21,1.79769e+308,23,24,25,26,27,11,10,9,10,11,12,13,14,1.79769e+308,16,17,18,19,20,21,22,23,24,25,26,12,1.79769e+308,1.79769e+308,11,12,13,14,15,16,17,18,19,20,1.79769e+308,22,23,24,25,26,27,13,14,13,12,13,14,15,16,1.79769e+308,18,19,20,21,1.79769e+308,23,24,25,26,27,28,1.79769e+308,15,1.79769e+308,13,14,15,16,17,18,19,20,21,22,23,24,25,1.79769e+308,1.79769e+308,1.79769e+308,29,1.79769e+308,1.79769e+308,15,14,15,16,17,18,19,20,21,22,23,24,25,26,27,28,29,30,
159
26,25,24,1.79769e+308,1.79769e+308,1.79769e+308,20,19,1.79769e+308,17,16,1.79769e+308,1.79769e+308,1.79769e+308,1.79769e+308,11,10,1.79769e+308,12,11,1.79769e+308,24,23,22,21,1.79769e+308,19,18,17,16,15,14,1.79769e+308,1.79769e+308,11,10,9,1.79769e+308,1.79769e+308,10,24,23,22,21,20,19,18,1.79769e+308,1.79769e+308,15,14,13,12,11,10,1.79769e+308,8,7,8,9,1.79769e+308,1.79769e+308,21,20,19,18,17,16,15,1.79769e+308,13,12,11,10,9,8,7,6,7,8,22,21,20,19,18,17,16,15,14,1.79769e+308,12,13,1.79769e+308,1.79769e+308,8,7,1.79769e+308,5,6,1.79769e+308,23,1.79769e+308,19,18,17,16,15,14,13,12,11,1.79769e+308,1.79769e+308,8,7,6,5,4,1.79769e+308,2,1.79769e+308,19,18,17,16,15,14,13,12,11,10,9,8,1.79769e+308,6,1.79769e+308,1.79769e+308,3,2,1,21,20,1.79769e+308,18,17,1.79769e+308,15,14,13,1.79769e+308,9,8,7,6,5,4,3,2,1,0,22,21,22,1.79769e+308,18,17,16,15,14,13,1.79769e+308,9,8,1.79769e+308,6,5,4,1.79769e+308,2,1.79769e+308,23,1.79769e+308,21,20,19,1.79769e+308,15,14,13,12,11,10,9,10,1.79769e+308,6,5,4,3,4,24,23,1.79769e+308,19,18,17,16,1.79769e+308,14,13,12,1.79769e+308,1.79769e+308,1.79769e+308,1.79769e+308,7,6,1.79769e+308,4,5,1.79769e+308,22,21,20,19,18,1.79769e+308,16,15,14,13,1.79769e+308,11,10,9,8,7,6,5,6,26,1.79769e+308,22,21,20,19,1.79769e+308,17,16,15,14,1.79769e+308,12,11,10,9,8,7,6,7,25,24,23,1.79769e+308,21,1.79769e+308,19,18,17,16,15,1.79769e+308,1.79769e+308,12,11,10,9,8,7,8,26,25,24,23,22,21,20,19,18,17,16,1.79769e+308,1.79769e+308,13,1.79769e+308,11,10,9,8,9,27,26,25,24,23,22,21,20,1.79769e+308,18,17,16,15,14,13,12,11,10,9,10,28,1.79769e+308,1.79769e+308,25,24,23,22,21,20,19,18,17,16,1.79769e+308,14,13,12,11,10,11,29,28,27,26,25,24,23,22,1.79769e+308,20,19,18,17,1.79769e+308,15,14,13,12,11,12,1.79769e+308,29,1.79769e+308,27,26,25,24,23,22,21,20,19,18,17,16,15,1.79769e+308,1.79769e+308,1.79769e+308,13,1.79769e+308,1.79769e+308,29,28,27,26,25,24,23,22,21,20,19,18,17,16,17,16,15,14,
158
25,24,23,1.79769e+308,1.79769e+308,1.79769e+308,19,18,1.79769e+308,16,15,1.79769e+308,1.79769e+308,1.79769e+308,1.79769e+308,10,9,1.79769e+308,11,10,1.79769e+308,23,22,21,20,1.79769e+308,18,17,16,15,14,13,1.79769e+308,1.79769e+308,10,9,8,1.79769e+308,1.79769e+308,9,23,22,21,20,19,18,17,1.79769e+308,1.79769e+308,14,13,12,11,10,9,1.79769e+308,7,6,7,8,1.79769e+308,1.79769e+308,20,19,18,17,16,15,14,1.79769e+308,12,11,10,9,8,7,6,5,6,7,21,20,19,18,17,16,15,14,13,1.79769e+308,11,12,1.79769e+308,1.79769e+308,7,6,1.79769e+308,4,5,1.79769e+308,22,1.79769e+308,18,17,16,15,14,13,12,11,10,1.79769e+308,1.79769e+308,7,6,5,4,3,1.79769e+308,3,1.79769e+308,18,17,16,15,14,13,12,11,10,9,8,7,1.79769e+308,5,1.79769e+308,1.79769e+308,2,1,2,20,19,1.79769e+308,17,16,1.79769e+308,14,13,12,1.79769e+308,8,7,6,5,4,3,2,1,0,1,21,20,21,1.79769e+308,17,16,15,14,13,12,1.79769e+308,8,7,1.79769e+308,5,4,3,1.79769e+308,1,1.79769e+308,22,1.79769e+308,20,19,18,1.79769e+308,14,13,12,11,10,9,8,9,1.79769e+308,5,4,3,2,3,23,22,1.79769e+308,18,17,16,15,1.79769e+308,13,12,11,1.79769e+308,1.79769e+308,1.79769e+308,1.79769e+308,6,5,1.79769e+308,3,4,1.79769e+308,21,20,19,18,17,1.79769e+308,15,14,13,12,1.79769e+308,10,9,8,7,6,5,4,5,25,1.79769e+308,21,20,19,18,1.79769e+308,16,15,14,13,1.79769e+308,11,10,9,8,7,6,5,6,24,23,22,1.79769e+308,20,1.79769e+308,18,17,16,15,14,1.79769e+308,1.79769e+308,11,10,9,8,7,6,7,25,24,23,22,21,20,19,18,17,16,15,1.79769e+308,1.79769e+308,12,1.79769e+308,10,9,8,7,8,26,25,24,23,22,21,20,19,1.79769e+308,17,16,15,14,13,12,11,10,9,8,9,27,1.79769e+308,1.79769e+308,24,23,22,21,20,19,18,17,16,15,1.79769e+308,13,12,11,10,9,10,28,27,26,25,24,23,22,21,1.79769e+308,19,18,17,16,1.79769e+308,14,13,12,11,10,11,1.79769e+308,28,1.79769e+308,26,25,24,23,22,21,20,19,18,17,16,15,14,1.79769e+308,1.79769e+308,1.79769e+308,12,1.79769e+308,1.79769e+308,28,27,26,25,24,23,22,21,20,19,18,17,16,15,16,15,14,13,
157
24,23,22,1.79769e+308,1.79769e+308,1.79769e+308,18,17,1.79769e+308,15,14,1.79769e+308,1.79769e+308,1.79769e+308,1.79769e+308,9,8,1.79769e+308,10,9,1.79769e+308,22,21,20,19,1.79769e+308,17,16,15,14,13,12,1.79769e+308,1.79769e+308,9,8,7,1.79769e+308,1.79769e+308,8,22,21,20,19,18,17,16,1.79769e+308,1.79769e+308,13,12,11,10,9,8,1.79769e+308,6,5,6,7,1.79769e+308,1.79769e+308,19,18,17,16,15,14,13,1.79769e+308,11,10,9,8,7,6,5,4,5,6,20,19,18,17,16,15,14,13,12,1.79769e+308,10,11,1.79769e+308,1.79769e+308,6,5,1.79769e+308,3,4,1.79769e+308,21,1.79769e+308,17,16,15,14,13,12,11,10,9,1.79769e+308,1.79769e+308,6,5,4,3,2,1.79769e+308,4,1.79769e+308,17,16,15,14,13,12,11,10,9,8,7,6,1.79769e+308,4,1.79769e+308,1.79769e+308,1,2,3,19,18,1.79769e+308,16,15,1.79769e+308,13,12,11,1.79769e+308,7,6,5,4,3,2,1,0,1,2,20,19,20,1.79769e+308,16,15,14,13,12,11,1.79769e+308,7,6,1.79769e+308,4,3,2,1.79769e+308,2,1.79769e+308,21,1.79769e+308,19,18,17,1.79769e+308,13,12,11,10,9,8,7,8,1.79769e+308,4,3,4,3,4,22,21,1.79769e+308,17,16,15,14,1.79769e+308,12,11,10,1.79769e+308,1.79769e+308,1.79769e+308,1.79769e+308,5,4,1.79769e+308,4,5,1.79769e+308,20,19,18,17,16,1.79769e+308,14,13,12,11,1.79769e+308,9,8,7,6,5,6,5,6,24,1.79769e+308,20,19,18,17,1.79769e+308,15,14,13,12,1.79769e+308,10,9,8,7,6,7,6,7,23,22,21,1.79769e+308,19,1.79769e+308,17,16,15,14,13,1.79769e+308,1.79769e+308,10,9,8,7,8,7,8,24,23,22,21,20,19,18,17,16,15,14,1.79769e+308,1.79769e+308,11,1.79769e+308,9,8,9,8,9,25,24,23,22,21,20,19,18,1.79769e+308,16,15,14,13,12,11,10,9,10,9,10,26,1.79769e+308,1.79769e+308,23,22,21,20,19,18,17,16,15,14,1.79769e+308,12,11,10,11,10,11,27,26,25,24,23,22,21,20,1.79769e+308,18,17,16,15,1.79769e+308,13,12,11,12,11,12,1.79769e+308,27,1.79769e+308,25,24,23,22,21,20,19,18,17,16,15,14,13,1.79769e+308,1.79769e+308,1.79769e+308,13,1.79769e+308,1.79769e+308,27,26,25,24,23,22,21,20,19,18,17,16,15,14,15,16,15,14,
156
23,22,21,1.79769e+308,1.79769e+308,1.79769e+308,17,16,1.79769e+308,14,13,1.79769e+308,1.79769e+308,1.79769e+308,1.79769e+308,10,9,1.79769e+308,11,10,1.79769e+308,21,20,19,18,1.79769e+308,16,15,14,13,12,11,1.79769e+308,1.79769e+308,8,9,8,1.79769e+308,1.79769e+308,9,21,20,19,18,17,16,15,1.79769e+308,1.79769e+308,12,11,10,9,8,7,1.79769e+308,7,6,7,8,1.79769e+308,1.79769e+308,18,17,16,15,14,13,12,1.79769e+308,10,9,8,7,6,7,6,5,6,7,19,18,17,16,15,14,13,12,11,1.79769e+308,9,10,1.79769e+308,1.79769e+308,5,6,1.79769e+308,4,5,1.79769e+308,20,1.79769e+308,16,15,14,13,12,11,10,9,8,1.79769e+308,1.79769e+308,5,4,5,4,3,1.79769e+308,5,1.79769e+308,16,15,14,13,12,11,10,9,8,7,6,5,1.79769e+308,3,1.79769e+308,1.79769e+308,2,3,4,18,17,1.79769e+308,15,14,1.79769e+308,12,11,10,1.79769e+308,6,5,4,3,2,1,0,1,2,3,19,18,19,1.79769e+308,15,14,13,12,11,10,1.79769e+308,6,5,1.79769e+308,3,2,1,1.79769e+308,3,1.79769e+308,20,1.79769e+308,18,17,16,1.79769e+308,12,11,10,9,8,7,6,7,1.79769e+308,3,2,3,4,5,21,20,1.79769e+308,16,15,14,13,1.79769e+308,11,10,9,1.79769e+308,1.79769e+308,1.79769e+308,1.79769e+308,4,3,1.79769e+308,5,6,1.79769e+308,19,18,17,16,15,1.79769e+308,13,12,11,10,1.79769e+308,8,7,6,5,4,5,6,7,23,1.79769e+308,19,18,17,16,1.79769e+308,14,13,12,11,1.79769e+308,9,8,7,6,5,6,7,8,22,21,20,1.79769e+308,18,1.79769e+308,16,15,14,13,12,1.79769e+308,1.79769e+308,9,8,7,6,7,8,9,23,22,21,20,19,18,17,16,15,14,13,1.79769e+308,1.79769e+308,10,1.79769e+308,8,7,8,9,10,24,23,22,21,20,19,18,17,1.79769e+308,15,14,13,12,11,10,9,8,9,10,11,25,1.79769e+308,1.79769e+308,22,21,20,19,18,17,16,15,14,13,1.79769e+308,11,10,9,10,11,12,26,25,24,23,22,21,20,19,1.79769e+308,17,16,15,14,1.79769e+308,12,11,10,11,12,13,1.79769e+308,26,1.79769e+308,24,23,22,21,20,19,18,17,16,15,14,13,12,1.79769e+308,1.79769e+308,1.79769e+308,14,1.79769e+308,1.79769e+308,26,25,24,23,22,21,20,19,18,17,16,15,14,13,14,15,16,15,
155
22,21,20,1.79769e+308,1.79769e+308,1.79769e+308,16,15,1.79769e+308,13,12,1.79769e+308,1.79769e+308,1.79769e+308,1.79769e+308,9,10,1.79769e+308,12,11,1.79769e+308,20,19,18,17,1.79769e+308,15,14,13,12,11,10,1.79769e+308,1.79769e+308,7,8,9,1.79769e+308,1.79769e+308,10,20,19,18,17,16,15,14,1.79769e+308,1.79769e+308,11,10,9,8,7,6,1.79769e+308,8,7,8,9,1.79769e+308,1.79769e+308,17,16,15,14,13,12,11,1.79769e+308,9,8,7,6,5,6,7,6,7,8,18,17,16,15,14,13,12,11,10,1.79769e+308,8,9,1.79769e+308,1.79769e+308,4,5,1.79769e+308,5,6,1.79769e+308,19,1.79769e+308,15,14,13,12,11,10,9,8,7,1.79769e+308,1.79769e+308,4,3,4,5,4,1.79769e+308,6,1.79769e+308,15,14,13,12,11,10,9,8,7,6,5,4,1.79769e+308,2,1.79769e+308,1.79769e+308,3,4,5,17,16,1.79769e+308,14,13,1.79769e+308,11,10,9,1.79769e+308,5,4,3,2,1,0,1,2,3,4,18,17,18,1.79769e+308,14,13,12,11,10,9,1.79769e+308,5,4,1.79769e+308,2,1,2,1.79769e+308,4,1.79769e+308,19,1.79769e+308,17,16,15,1.79769e+308,11,10,9,8,7,6,5,6,1.79769e+308,2,3,4,5,6,20,19,1.79769e+308,15,14,13,12,1.79769e+308,10,9,8,1.79769e+308,1.79769e+308,1.79769e+308,1.79769e+308,3,4,1.79769e+308,6,7,1.79769e+308,18,17,16,15,14,1.79769e+308,12,11,10,9,1.79769e+308,7,6,5,4,5,6,7,8,22,1.79769e+308,18,17,16,15,1.79769e+308,13,12,11,10,1.79769e+308,8,7,6,5,6,7,8,9,21,20,19,1.79769e+308,17,1.79769e+308,15,14,13,12,11,1.79769e+308,1.79769e+308,8,7,6,7,8,9,10,22,21,20,19,18,17,16,15,14,13,12,1.79769e+308,1.79769e+308,9,1.79769e+308,7,8,9,10,11,23,22,21,20,19,18,17,16,1.79769e+308,14,13,12,11,10,9,8,9,10,11,12,24,1.79769e+308,1.79769e+308,21,20,19,18,17,16,15,14,13,12,1.79769e+308,10,9,10,11,12,13,25,24,23,22,21,20,19,18,1.79769e+308,16,15,14,13,1.79769e+308,11,10,11,12,13,14,1.79769e+308,25,1.79769e+308,23,22,21,20,19,18,17,16,15,14,13,12,11,1.79769e+308,1.79769e+308,1.79769e+308,15,1.79769e+308,1.79769e+308,25,24,23,22,21,20,19,18,17,16,15,14,13,12,13,14,15,16,
153
20,19,18,1.79769e+308,1.79769e+308,1.79769e+308,14,13,1.79769e+308,11,10,1.79769e+308,1.79769e+308,1.79769e+308,1.79769e+308,9,10,1.79769e+308,14,13,1.79769e+308,18,17,16,15,1.79769e+308,13,12,11,10,9,10,1.79769e+308,1.79769e+308,7,8,9,1.79769e+308,1.79769e+308,12,18,17,16,15,14,13,12,1.79769e+308,1.79769e+308,9,8,9,8,7,6,1.79769e+308,8,9,10,11,1.79769e+308,1.79769e+308,15,14,13,12,11,10,9,1.79769e+308,7,8,7,6,5,6,7,8,9,10,16,15,14,13,12,11,10,9,8,1.79769e+308,6,7,1.79769e+308,1.79769e+308,4,5,1.79769e+308,7,8,1.79769e+308,17,1.79769e+308,13,12,11,10,9,8,7,6,5,1.79769e+308,1.79769e+308,4,3,4,5,6,1.79769e+308,8,1.79769e+308,13,12,11,10,9,8,7,6,5,4,3,2,1.79769e+308,2,1.79769e+308,1.79769e+308,5,6,7,15,14,1.79769e+308,12,11,1.79769e+308,9,8,7,1.79769e+308,3,2,1,0,1,2,3,4,5,6,16,15,16,1.79769e+308,12,11,10,9,8,7,1.79769e+308,3,2,1.79769e+308,2,3,4,1.79769e+308,6,1.79769e+308,17,1.79769e+308,15,14,13,1.79769e+308,9,8,7,6,5,4,3,4,1.79769e+308,4,5,6,7,8,18,17,1.79769e+308,13,12,11,10,1.79769e+308,8,7,6,1.79769e+308,1.79769e+308,1.79769e+308,1.79769e+308,5,6,1.79769e+308,8,9,1.79769e+308,16,15,14,13,12,1.79769e+308,10,9,8,7,1.79769e+308,9,8,7,6,7,8,9,10,20,1.79769e+308,16,15,14,13,1.79769e+308,11,10,9,8,1.79769e+308,10,9,8,7,8,9,10,11,19,18,17,1.79769e+308,15,1.79769e+308,13,12,11,10,9,1.79769e+308,1.79769e+308,10,9,8,9,10,11,12,20,19,18,17,16,15,14,13,12,11,10,1.79769e+308,1.79769e+308,11,1.79769e+308,9,10,11,12,13,21,20,19,18,17,16,15,14,1.79769e+308,12,11,12,13,12,11,10,11,12,13,14,22,1.79769e+308,1.79769e+308,19,18,17,16,15,14,13,12,13,14,1.79769e+308,12,11,12,13,14,15,23,22,21,20,19,18,17,16,1.79769e+308,14,13,14,15,1.79769e+308,13,12,13,14,15,16,1.79769e+308,23,1.79769e+308,21,20,19,18,17,16,15,14,15,16,15,14,13,1.79769e+308,1.79769e+308,1.79769e+308,17,1.79769e+308,1.79769e+308,23,22,21,20,19,18,17,16,15,16,17,16,15,14,15,16,17,18,
152
19,18,17,1.79769e+308,1.79769e+308,1.79769e+308,13,12,1.79769e+308,10,9,1.79769e+308,1.79769e+308,1.79769e+308,1.79769e+308,10,11,1.79769e+308,15,14,1.79769e+308,17,16,15,14,1.79769e+308,12,11,10,9,8,9,1.79769e+308,1.79769e+308,8,9,10,1.79769e+308,1.79769e+308,13,17,16,15,14,13,12,11,1.79769e+308,1.79769e+308,8,7,8,9,8,7,1.79769e+308,9,10,11,12,1.79769e+308,1.79769e+308,14,13,12,11,10,9,8,1.79769e+308,6,7,8,7,6,7,8,9,10,11,15,14,13,12,11,10,9,8,7,1.79769e+308,5,6,1.79769e+308,1.79769e+308,5,6,1.79769e+308,8,9,1.79769e+308,16,1.79769e+308,12,11,10,9,8,7,6,5,4,1.79769e+308,1.79769e+308,5,4,5,6,7,1.79769e+308,9,1.79769e+308,12,11,10,9,8,7,6,5,4,3,2,1,1.79769e+308,3,1.79769e+308,1.79769e+308,6,7,8,14,13,1.79769e+308,11,10,1.79769e+308,8,7,6,1.79769e+308,2,1,0,1,2,3,4,5,6,7,15,14,15,1.79769e+308,11,10,9,8,7,6,1.79769e+308,2,1,1.79769e+308,3,4,5,1.79769e+308,7,1.79769e+308,16,1.79769e+308,14,13,12,1.79769e+308,8,7,6,5,4,3,2,3,1.79769e+308,5,6,7,8,9,17,16,1.79769e+308,12,11,10,9,1.79769e+308,7,6,5,1.79769e+308,1.79769e+308,1.79769e+308,1.79769e+308,6,7,1.79769e+308,9,10,1.79769e+308,15,14,13,12,11,1.79769e+308,9,8,7,6,1.79769e+308,10,9,8,7,8,9,10,11,19,1.79769e+308,15,14,13,12,1.79769e+308,10,9,8,7,1.79769e+308,11,10,9,8,9,10,11,12,18,17,16,1.79769e+308,14,1.79769e+308,12,11,10,9,8,1.79769e+308,1.79769e+308,11,10,9,10,11,12,13,19,18,17,16,15,14,13,12,11,10,9,1.79769e+308,1.79769e+308,12,1.79769e+308,10,11,12,13,14,20,19,18,17,16,15,14,13,1.79769e+308,11,10,11,12,13,12,11,12,13,14,15,21,1.79769e+308,1.79769e+308,18,17,16,15,14,13,12,11,12,13,1.79769e+308,13,12,13,14,15,16,22,21,20,19,18,17,16,15,1.79769e+308,13,12,13,14,1.79769e+308,14,13,14,15,16,17,1.79769e+308,22,1.79769e+308,20,19,18,17,16,15,14,13,14,15,16,15,14,1.79769e+308,1.79769e+308,1.79769e+308,18,1.79769e+308,1.79769e+308,22,21,20,19,18,17,16,15,14,15,16,17,16,15,16,17,18,19,
144
11,10,9,1.79769e+308,1.79769e+308,1.79769e+308,9,10,1.79769e+308,12,13,1.79769e+308,1.79769e+308,1.79769e+308,1.79769e+308,18,19,1.79769e+308,23,22,1.79769e+308,9,8,7,6,1.79769e+308,8,9,10,11,12,13,1.79769e+308,1.79769e+308,16,17,18,1.79769e+308,1.79769e+308,21,9,8,7,6,5,6,7,1.79769e+308,1.79769e+308,12,11,12,13,14,15,1.79769e+308,17,18,19,20,1.79769e+308,1.79769e+308,6,5,4,5,6,7,8,1.79769e+308,10,11,12,13,14,15,16,17,18,19,7,6,5,4,3,4,5,6,7,1.79769e+308,9,10,1.79769e+308,1.79769e+308,15,16,1.79769e+308,18,19,1.79769e+308,8,1.79769e+308,4,3,2,3,4,5,6,7,8,1.79769e+308,1.79769e+308,15,14,15,16,17,1.79769e+308,19,1.79769e+308,4,3,2,1,2,3,4,5,6,7,8,9,1.79769e+308,13,1.79769e+308,1.79769e+308,16,17,18,6,5,1.79769e+308,1,0,1.79769e+308,4,5,6,1.79769e+308,8,9,10,11,12,13,14,15,16,17,7,6,5,1.79769e+308,1,2,3,4,5,6,1.79769e+308,10,11,1.79769e+308,13,14,15,1.79769e+308,17,1.79769e+308,8,1.79769e+308,4,3,2,1.79769e+308,4,5,6,7,8,9,10,11,1.79769e+308,15,16,17,18,19,9,8,1.79769e+308,4,3,4,5,1.79769e+308,7,8,9,1.79769e+308,1.79769e+308,1.79769e+308,1.79769e+308,16,17,1.79769e+308,19,20,1.79769e+308,7,6,5,4,5,1.79769e+308,9,8,9,10,1.79769e+308,20,19,18,17,18,19,20,21,11,1.79769e+308,7,6,5,6,1.79769e+308,10,9,10,11,1.79769e+308,21,20,19,18,19,20,21,22,10,9,8,1.79769e+308,6,1.79769e+308,10,11,10,11,12,1.79769e+308,1.79769e+308,19,20,19,20,21,22,23,11,10,9,8,7,8,9,10,11,12,13,1.79769e+308,1.79769e+308,18,1.79769e+308,20,21,22,23,24,12,11,10,9,8,9,10,11,1.79769e+308,13,14,15,16,17,18,19,20,21,22,23,13,1.79769e+308,1.79769e+308,10,9,10,11,12,13,14,15,16,17,1.79769e+308,19,20,21,22,23,24,14,13,12,11,10,11,12,13,1.79769e+308,15,16,17,18,1.79769e+308,20,21,22,23,24,25,1.79769e+308,14,1.79769e+308,12,11,12,13,14,15,16,17,18,19,20,21,22,1.79769e+308,1.79769e+308,1.79769e+308,26,1.79769e+308,1.79769e+308,14,13,12,13,14,15,16,17,18,19,20,21,22,23,24,25,26,27,
134
22,21,20,1.79769e+308,1.79769e+308,1.79769e+308,14,13,1.79769e+308,11,10,1.79769e+308,1.79769e+308,1.79769e+308,1.79769e+308,7,8,1.79769e+308,12,11,1.79769e+308,20,19,18,17,1.79769e+308,13,12,11,10,9,8,1.79769e+308,1.79769e+308,5,6,7,1.79769e+308,1.79769e+308,10,20,19,18,17,16,15,14,1.79769e+308,1.79769e+308,9,8,7,6,5,4,1.79769e+308,6,7,8,9,1.79769e+308,1.79769e+308,17,16,15,14,13,12,11,1.79769e+308,7,6,5,4,3,4,5,6,7,8,18,17,16,15,14,13,12,11,10,1.79769e+308,8,7,1.79769e+308,1.79769e+308,2,3,1.79769e+308,5,6,1.79769e+308,19,1.79769e+308,15,14,13,12,11,10,9,8,7,1.79769e+308,1.79769e+308,2,1,2,3,4,1.79769e+308,8,1.79769e+308,15,14,13,12,11,10,9,8,7,6,5,4,1.79769e+308,0,1.79769e+308,1.79769e+308,5,6,7,17,16,1.79769e+308,14,13,1.79769e+308,11,10,9,1.79769e+308,5,4,3,2,1,2,3,4,5,6,18,17,18,1.79769e+308,14,13,12,11,10,9,1.79769e+308,5,4,1.79769e+308,2,3,4,1.79769e+308,6,1.79769e+308,19,1.79769e+308,17,16,15,1.79769e+308,11,10,9,8,7,6,5,6,1.79769e+308,4,5,6,7,8,20,19,1.79769e+308,15,14,13,12,1.79769e+308,10,9,8,1.79769e+308,1.79769e+308,1.79769e+308,1.79769e+308,5,6,1.79769e+308,8,9,1.79769e+308,18,17,16,15,14,1.79769e+308,12,11,10,9,1.79769e+308,9,8,7,6,7,8,9,10,22,1.79769e+308,18,17,16,15,1.79769e+308,13,12,11,10,1.79769e+308,10,9,8,7,8,9,10,11,21,20,19,1.79769e+308,17,1.79769e+308,15,14,13,12,11,1.79769e+308,1.79769e+308,10,9,8,9,10,11,12,22,21,20,19,18,17,16,15,14,13,12,1.79769e+308,1.79769e+308,11,1.79769e+308,9,10,11,12,13,23,22,21,20,19,18,17,16,1.79769e+308,14,13,14,13,12,11,10,11,12,13,14,24,1.79769e+308,1.79769e+308,21,20,19,18,17,16,15,14,15,14,1.79769e+308,12,11,12,13,14,15,25,24,23,22,21,20,19,18,1.79769e+308,16,15,16,15,1.79769e+308,13,12,13,14,15,16,1.79769e+308,25,1.79769e+308,23,22,21,20,19,18,17,16,17,16,15,14,13,1.79769e+308,1.79769e+308,1.79769e+308,17,1.79769e+308,1.79769e+308,25,24,23,22,21,20,19,18,17,18,17,16,15,14,15,16,17,18,
130
16,15,14,1.79769e+308,1.79769e+308,1.79769e+308,10,9,1.79769e+308,7,6,1.79769e+308,1.79769e+308,1.79769e+308,1.79769e+308,11,12,1.79769e+308,16,15,1.79769e+308,14,13,12,11,1.79769e+308,9,8,7,6,5,6,1.79769e+308,1.79769e+308,9,10,11,1.79769e+308,1.79769e+308,14,14,13,12,11,10,9,8,1.79769e+308,1.79769e+308,5,4,5,6,7,8,1.79769e+308,10,11,12,13,1.79769e+308,1.79769e+308,11,10,9,8,7,6,5,1.79769e+308,3,4,5,6,7,8,9,10,11,12,12,11,10,9,8,7,6,5,4,1.79769e+308,2,3,1.79769e+308,1.79769e+308,8,9,1.79769e+308,11,12,1.79769e+308,13,1.79769e+308,9,8,7,6,5,4,3,2,1,1.79769e+308,1.79769e+308,8,7,8,9,10,1.79769e+308,12,1.79769e+308,9,8,7,6,5,4,3,2,1,0,1,2,1.79769e+308,6,1.79769e+308,1.79769e+308,9,10,11,11,10,1.79769e+308,8,7,1.79769e+308,5,4,3,1.79769e+308,1,2,3,4,5,6,7,8,9,10,12,11,12,1.79769e+308,8,7,6,5,4,5,1.79769e+308,3,4,1.79769e+308,6,7,8,1.79769e+308,10,1.79769e+308,13,1.79769e+308,11,10,9,1.79769e+308,7,6,5,6,5,4,5,6,1.79769e+308,8,9,10,11,12,14,15,1.79769e+308,11,10,9,8,1.79769e+308,6,7,6,1.79769e+308,1.79769e+308,1.79769e+308,1.79769e+308,9,10,1.79769e+308,12,13,1.79769e+308,14,13,12,11,10,1.79769e+308,8,7,8,7,1.79769e+308,13,12,11,10,11,12,13,14,18,1.79769e+308,14,13,12,11,1.79769e+308,9,8,9,8,1.79769e+308,14,13,12,11,12,13,14,15,17,16,15,1.79769e+308,13,1.79769e+308,11,10,9,10,9,1.79769e+308,1.79769e+308,14,13,12,13,14,15,16,18,17,16,15,14,13,12,11,10,11,10,1.79769e+308,1.79769e+308,15,1.79769e+308,13,14,15,16,17,19,18,17,16,15,14,13,12,1.79769e+308,12,11,12,13,14,15,14,15,16,17,18,20,1.79769e+308,1.79769e+308,17,16,15,14,13,14,13,12,13,14,1.79769e+308,16,15,16,17,18,19,21,20,19,18,17,16,15,14,1.79769e+308,14,13,14,15,1.79769e+308,17,16,17,18,19,20,1.79769e+308,21,1.79769e+308,19,18,17,16,15,16,15,14,15,16,17,18,17,1.79769e+308,1.79769e+308,1.79769e+308,21,1.79769e+308,1.79769e+308,21,20,19,18,17,16,17,16,15,16,17,18,19,18,19,20,21,22,
127
13,12,11,1.79769e+308,1.79769e+308,1.79769e+308,7,8,1.79769e+308,10,9,1.79769e+308,1.79769e+308,1.79769e+308,1.79769e+308,14,15,1.79769e+308,19,18,1.79769e+308,11,10,9,8,1.79769e+308,6,7,8,9,8,9,1.79769e+308,1.79769e+308,12,13,14,1.79769e+308,1.79769e+308,17,11,10,9,8,7,6,5,1.79769e+308,1.79769e+308,8,7,8,9,10,11,1.79769e+308,13,14,15,16,1.79769e+308,1.79769e+308,8,7,6,5,4,3,4,1.79769e+308,6,7,8,9,10,11,12,13,14,15,9,8,7,6,5,4,3,2,3,1.79769e+308,5,6,1.79769e+308,1.79769e+308,11,12,1.79769e+308,14,15,1.79769e+308,10,1.79769e+308,6,5,4,3,2,1,2,3,4,1.79769e+308,1.79769e+308,11,10,11,12,13,1.79769e+308,15,1.79769e+308,6,5,4,3,2,1,0,1,2,3,4,5,1.79769e+308,9,1.79769e+308,1.79769e+308,12,13,14,8,7,1.79769e+308,5,4,1.79769e+308,2,1,2,1.79769e+308,4,5,6,7,8,9,10,11,12,13,9,8,9,1.79769e+308,5,4,3,2,3,4,1.79769e+308,6,7,1.79769e+308,9,10,11,1.79769e+308,13,1.79769e+308,10,1.79769e+308,8,7,6,1.79769e+308,4,3,4,5,6,7,8,9,1.79769e+308,11,12,13,14,15,11,12,1.79769e+308,8,7,6,5,1.79769e+308,5,6,7,1.79769e+308,1.79769e+308,1.79769e+308,1.79769e+308,12,13,1.79769e+308,15,16,1.79769e+308,11,10,9,8,7,1.79769e+308,7,6,7,8,1.79769e+308,16,15,14,13,14,15,16,17,15,1.79769e+308,11,10,9,8,1.79769e+308,8,7,8,9,1.79769e+308,17,16,15,14,15,16,17,18,14,13,12,1.79769e+308,10,1.79769e+308,10,9,8,9,10,1.79769e+308,1.79769e+308,17,16,15,16,17,18,19,15,14,13,12,11,12,11,10,9,10,11,1.79769e+308,1.79769e+308,16,1.79769e+308,16,17,18,19,20,16,15,14,13,12,13,12,11,1.79769e+308,11,12,13,14,15,16,17,18,19,20,21,17,1.79769e+308,1.79769e+308,14,13,14,13,12,13,12,13,14,15,1.79769e+308,17,18,19,20,21,22,18,17,16,15,14,15,14,13,1.79769e+308,13,14,15,16,1.79769e+308,18,19,20,21,22,23,1.79769e+308,18,1.79769e+308,16,15,16,15,14,15,14,15,16,17,18,19,20,1.79769e+308,1.79769e+308,1.79769e+308,24,1.79769e+308,1.79769e+308,18,17,16,17,16,15,16,15,16,17,18,19,20,21,22,23,24,25,
122
8,7,6,1.79769e+308,1.79769e+308,1.79769e+308,10,11,1.79769e+308,13,14,1.79769e+308,1.79769e+308,1.79769e+308,1.79769e+308,19,20,1.79769e+308,24,23,1.79769e+308,6,5,6,7,1.79769e+308,9,10,11,12,13,14,1.79769e+308,1.79769e+308,17,18,19,1.79769e+308,1.79769e+308,22,6,5,4,5,6,7,8,1.79769e+308,1.79769e+308,13,12,13,14,15,16,1.79769e+308,18,19,20,21,1.79769e+308,1.79769e+308,3,4,5,6,7,8,9,1.79769e+308,11,12,13,14,15,16,17,18,19,20,4,3,2,3,4,5,6,7,8,1.79769e+308,10,11,1.79769e+308,1.79769e+308,16,17,1.79769e+308,19,20,1.79769e+308,5,1.79769e+308,1,2,3,4,5,6,7,8,9,1.79769e+308,1.79769e+308,16,15,16,17,18,1.79769e+308,20,1.79769e+308,1,0,1,2,3,4,5,6,7,8,9,10,1.79769e+308,14,1.79769e+308,1.79769e+308,17,18,19,3,2,1.79769e+308,2,3,1.79769e+308,5,6,7,1.79769e+308,9,10,11,12,13,14,15,16,17,18,4,3,4,1.79769e+308,4,5,6,7,8,9,1.79769e+308,11,12,1.79769e+308,14,15,16,1.79769e+308,18,1.79769e+308,5,1.79769e+308,5,6,5,1.79769e+308,7,8,9,10,11,12,13,14,1.79769e+308,16,17,18,19,20,6,7,1.79769e+308,7,6,7,8,1.79769e+308,10,11,12,1.79769e+308,1.79769e+308,1.79769e+308,1.79769e+308,17,18,1.79769e+308,20,21,1.79769e+308,8,9,8,7,8,1.79769e+308,12,11,12,13,1.79769e+308,21,20,19,18,19,20,21,22,14,1.79769e+308,10,9,8,9,1.79769e+308,13,12,13,14,1.79769e+308,22,21,20,19,20,21,22,23,13,12,11,1.79769e+308,9,1.79769e+308,13,14,13,14,15,1.79769e+308,1.79769e+308,22,21,20,21,22,23,24,14,13,12,11,10,11,12,13,14,15,16,1.79769e+308,1.79769e+308,21,1.79769e+308,21,22,23,24,25,15,14,13,12,11,12,13,14,1.79769e+308,16,17,18,19,20,21,22,23,24,25,26,16,1.79769e+308,1.79769e+308,13,12,13,14,15,16,17,18,19,20,1.79769e+308,22,23,24,25,26,27,17,16,15,14,13,14,15,16,1.79769e+308,18,19,20,21,1.79769e+308,23,24,25,26,27,28,1.79769e+308,17,1.79769e+308,15,14,15,16,17,18,19,20,21,22,23,24,25,1.79769e+308,1.79769e+308,1.79769e+308,29,1.79769e+308,1.79769e+308,17,16,15,16,17,18,19,20,21,22,23,24,25,26,27,28,29,30,
117
24,23,22,1.79769e+308,1.79769e+308,1.79769e+308,16,15,1.79769e+308,13,12,1.79769e+308,1.79769e+308,1.79769e+308,1.79769e+308,7,6,1.79769e+308,8,7,1.79769e+308,22,21,20,19,1.79769e+308,15,14,13,12,11,10,1.79769e+308,1.79769e+308,7,6,5,1.79769e+308,1.79769e+308,6,22,21,20,19,18,17,16,1.79769e+308,1.79769e+308,11,10,9,8,7,6,1.79769e+308,4,3,4,5,1.79769e+308,1.79769e+308,21,20,19,18,17,16,15,1.79769e+308,9,8,7,6,5,4,3,2,3,4,22,21,20,19,18,17,16,15,14,1.79769e+308,10,9,1.79769e+308,1.79769e+308,4,3,1.79769e+308,1,2,1.79769e+308,23,1.79769e+308,19,18,17,16,15,14,13,12,11,1.79769e+308,1.79769e+308,4,3,2,1,0,1.79769e+308,4,1.79769e+308,19,18,17,16,15,14,13,12,11,10,9,8,1.79769e+308,4,1.79769e+308,1.79769e+308,1,2,3,21,20,1.79769e+308,18,17,1.79769e+308,15,14,13,1.79769e+308,9,8,7,6,5,4,3,2,3,4,22,21,22,1.79769e+308,18,17,16,15,14,13,1.79769e+308,9,8,1.79769e+308,6,5,4,1.79769e+308,4,1.79769e+308,23,1.79769e+308,21,20,19,1.79769e+308,15,14,13,12,11,10,9,10,1.79769e+308,6,5,6,5,6,24,23,1.79769e+308,19,18,17,16,1.79769e+308,14,13,12,1.79769e+308,1.79769e+308,1.79769e+308,1.79769e+308,7,6,1.79769e+308,6,7,1.79769e+308,22,21,20,19,18,1.79769e+308,16,15,14,13,1.79769e+308,11,10,9,8,7,8,7,8,26,1.79769e+308,22,21,20,19,1.79769e+308,17,16,15,14,1.79769e+308,12,11,10,9,8,9,8,9,25,24,23,1.79769e+308,21,1.79769e+308,19,18,17,16,15,1.79769e+308,1.79769e+308,12,11,10,9,10,9,10,26,25,24,23,22,21,20,19,18,17,16,1.79769e+308,1.79769e+308,13,1.79769e+308,11,10,11,10,11,27,26,25,24,23,22,21,20,1.79769e+308,18,17,16,15,14,13,12,11,12,11,12,28,1.79769e+308,1.79769e+308,25,24,23,22,21,20,19,18,17,16,1.79769e+308,14,13,12,13,12,13,29,28,27,26,25,24,23,22,1.79769e+308,20,19,18,17,1.79769e+308,15,14,13,14,13,14,1.79769e+308,29,1.79769e+308,27,26,25,24,23,22,21,20,19,18,17,16,15,1.79769e+308,1.79769e+308,1.79769e+308,15,1.79769e+308,1.79769e+308,29,28,27,26,25,24,23,22,21,20,19,18,17,16,17,18,17,16,
114
21,20,19,1.79769e+308,1.79769e+308,1.79769e+308,13,12,1.79769e+308,10,9,1.79769e+308,1.79769e+308,1.79769e+308,1.79769e+308,6,7,1.79769e+308,11,10,1.79769e+308,19,18,17,16,1.79769e+308,12,11,10,9,8,7,1.79769e+308,1.79769e+308,4,5,6,1.79769e+308,1.79769e+308,9,19,18,17,16,15,14,13,1.79769e+308,1.79769e+308,8,7,6,5,4,3,1.79769e+308,5,6,7,8,1.79769e+308,1.79769e+308,18,17,16,15,14,13,12,1.79769e+308,6,5,4,3,2,3,4,5,6,7,19,18,17,16,15,14,13,12,11,1.79769e+308,7,6,1.79769e+308,1.79769e+308,1,2,1.79769e+308,4,5,1.79769e+308,20,1.79769e+308,16,15,14,13,12,11,10,9,8,1.79769e+308,1.79769e+308,1,0,1,2,3,1.79769e+308,7,1.79769e+308,16,15,14,13,12,11,10,9,8,7,6,5,1.79769e+308,1,1.79769e+308,1.79769e+308,4,5,6,18,17,1.79769e+308,15,14,1.79769e+308,12,11,10,1.79769e+308,6,5,4,3,2,3,4,5,6,7,19,18,19,1.79769e+308,15,14,13,12,11,10,1.79769e+308,6,5,1.79769e+308,3,4,5,1.79769e+308,7,1.79769e+308,20,1.79769e+308,18,17,16,1.79769e+308,12,11,10,9,8,7,6,7,1.79769e+308,5,6,7,8,9,21,20,1.79769e+308,16,15,14,13,1.79769e+308,11,10,9,1.79769e+308,1.79769e+308,1.79769e+308,1.79769e+308,6,7,1.79769e+308,9,10,1.79769e+308,19,18,17,16,15,1.79769e+308,13,12,11,10,1.79769e+308,10,9,8,7,8,9,10,11,23,1.79769e+308,19,18,17,16,1.79769e+308,14,13,12,11,1.79769e+308,11,10,9,8,9,10,11,12,22,21,20,1.79769e+308,18,1.79769e+308,16,15,14,13,12,1.79769e+308,1.79769e+308,11,10,9,10,11,12,13,23,22,21,20,19,18,17,16,15,14,13,1.79769e+308,1.79769e+308,12,1.79769e+308,10,11,12,13,14,24,23,22,21,20,19,18,17,1.79769e+308,15,14,15,14,13,12,11,12,13,14,15,25,1.79769e+308,1.79769e+308,22,21,20,19,18,17,16,15,16,15,1.79769e+308,13,12,13,14,15,16,26,25,24,23,22,21,20,19,1.79769e+308,17,16,17,16,1.79769e+308,14,13,14,15,16,17,1.79769e+308,26,1.79769e+308,24,23,22,21,20,19,18,17,18,17,16,15,14,1.79769e+308,1.79769e+308,1.79769e+308,18,1.79769e+308,1.79769e+308,26,25,24,23,22,21,20,19,18,19,18,17,16,15,16,17,18,19,
109
14,13,12,1.79769e+308,1.79769e+308,1.79769e+308,8,9,1.79769e+308,7,6,1.79769e+308,1.79769e+308,1.79769e+308,1.79769e+308,11,12,1.79769e+308,16,15,1.79769e+308,12,11,10,9,1.79769e+308,7,8,7,6,5,6,1.79769e+308,1.79769e+308,9,10,11,1.79769e+308,1.79769e+308,14,12,11,10,9,8,7,6,1.79769e+308,1.79769e+308,5,4,5,6,7,8,1.79769e+308,10,11,12,13,1.79769e+308,1.79769e+308,9,8,7,6,5,4,3,1.79769e+308,3,4,5,6,7,8,9,10,11,12,10,9,8,7,6,5,4,3,2,1.79769e+308,2,3,1.79769e+308,1.79769e+308,8,9,1.79769e+308,11,12,1.79769e+308,11,1.79769e+308,7,6,5,4,3,2,1,0,1,1.79769e+308,1.79769e+308,10,9,10,11,12,1.79769e+308,14,1.79769e+308,9,8,7,6,5,4,3,2,1,2,3,4,1.79769e+308,8,1.79769e+308,1.79769e+308,11,12,13,11,10,1.79769e+308,8,7,1.79769e+308,5,4,3,1.79769e+308,3,4,5,6,7,8,9,10,11,12,12,11,12,1.79769e+308,8,7,6,5,4,5,1.79769e+308,5,6,1.79769e+308,8,9,10,1.79769e+308,12,1.79769e+308,13,1.79769e+308,11,10,9,1.79769e+308,7,6,5,6,7,6,7,8,1.79769e+308,10,11,12,13,14,14,15,1.79769e+308,11,10,9,8,1.79769e+308,6,7,8,1.79769e+308,1.79769e+308,1.79769e+308,1.79769e+308,11,12,1.79769e+308,14,15,1.79769e+308,14,13,12,11,10,1.79769e+308,8,7,8,9,1.79769e+308,15,14,13,12,13,14,15,16,18,1.79769e+308,14,13,12,11,1.79769e+308,9,8,9,10,1.79769e+308,16,15,14,13,14,15,16,17,17,16,15,1.79769e+308,13,1.79769e+308,11,10,9,10,11,1.79769e+308,1.79769e+308,16,15,14,15,16,17,18,18,17,16,15,14,13,12,11,10,11,12,1.79769e+308,1.79769e+308,17,1.79769e+308,15,16,17,18,19,19,18,17,16,15,14,13,12,1.79769e+308,12,13,14,15,16,17,16,17,18,19,20,20,1.79769e+308,1.79769e+308,17,16,15,14,13,14,13,14,15,16,1.79769e+308,18,17,18,19,20,21,21,20,19,18,17,16,15,14,1.79769e+308,14,15,16,17,1.79769e+308,19,18,19,20,21,22,1.79769e+308,21,1.79769e+308,19,18,17,16,15,16,15,16,17,18,19,20,19,1.79769e+308,1.79769e+308,1.79769e+308,23,1.79769e+308,1.79769e+308,21,20,19,18,17,16,17,16,17,18,19,20,21,20,21,22,23,24,
108
13,12,11,1.79769e+308,1.79769e+308,1.79769e+308,7,8,1.79769e+308,8,7,1.79769e+308,1.79769e+308,1.79769e+308,1.79769e+308,12,13,1.79769e+308,17,16,1.79769e+308,11,10,9,8,1.79769e+308,6,7,8,7,6,7,1.79769e+308,1.79769e+308,10,11,12,1.79769e+308,1.79769e+308,15,11,10,9,8,7,6,5,1.79769e+308,1.79769e+308,6,5,6,7,8,9,1.79769e+308,11,12,13,14,1.79769e+308,1.79769e+308,8,7,6,5,4,3,2,1.79769e+308,4,5,6,7,8,9,10,11,12,13,9,8,7,6,5,4,3,2,1,1.79769e+308,3,4,1.79769e+308,1.79769e+308,9,10,1.79769e+308,12,13,1.79769e+308,10,1.79769e+308,6,5,4,3,2,1,0,1,2,1.79769e+308,1.79769e+308,11,10,11,12,13,1.79769e+308,15,1.79769e+308,8,7,6,5,4,3,2,1,2,3,4,5,1.79769e+308,9,1.79769e+308,1.79769e+308,12,13,14,10,9,1.79769e+308,7,6,1.79769e+308,4,3,2,1.79769e+308,4,5,6,7,8,9,10,11,12,13,11,10,11,1.79769e+308,7,6,5,4,3,4,1.79769e+308,6,7,1.79769e+308,9,10,11,1.79769e+308,13,1.79769e+308,12,1.79769e+308,10,9,8,1.79769e+308,6,5,4,5,6,7,8,9,1.79769e+308,11,12,13,14,15,13,14,1.79769e+308,10,9,8,7,1.79769e+308,5,6,7,1.79769e+308,1.79769e+308,1.79769e+308,1.79769e+308,12,13,1.79769e+308,15,16,1.79769e+308,13,12,11,10,9,1.79769e+308,7,6,7,8,1.79769e+308,16,15,14,13,14,15,16,17,17,1.79769e+308,13,12,11,10,1.79769e+308,8,7,8,9,1.79769e+308,17,16,15,14,15,16,17,18,16,15,14,1.79769e+308,12,1.79769e+308,10,9,8,9,10,1.79769e+308,1.79769e+308,17,16,15,16,17,18,19,17,16,15,14,13,12,11,10,9,10,11,1.79769e+308,1.79769e+308,16,1.79769e+308,16,17,18,19,20,18,17,16,15,14,13,12,11,1.79769e+308,11,12,13,14,15,16,17,18,19,20,21,19,1.79769e+308,1.79769e+308,16,15,14,13,12,13,12,13,14,15,1.79769e+308,17,18,19,20,21,22,20,19,18,17,16,15,14,13,1.79769e+308,13,14,15,16,1.79769e+308,18,19,20,21,22,23,1.79769e+308,20,1.79769e+308,18,17,16,15,14,15,14,15,16,17,18,19,20,1.79769e+308,1.79769e+308,1.79769e+308,24,1.79769e+308,1.79769e+308,20,19,18,17,16,15,16,15,16,17,18,19,20,21,22,23,24,25,
105
10,9,8,1.79769e+308,1.79769e+308,1.79769e+308,6,7,1.79769e+308,9,10,1.79769e+308,1.79769e+308,1.79769e+308,1.79769e+308,15,16,1.79769e+308,20,19,1.79769e+308,8,7,6,5,1.79769e+308,5,6,7,8,9,10,1.79769e+308,1.79769e+308,13,14,15,1.79769e+308,1.79769e+308,18,8,7,6,5,4,3,4,1.79769e+308,1.79769e+308,9,8,9,10,11,12,1.79769e+308,14,15,16,17,1.79769e+308,1.79769e+308,5,4,3,2,3,4,5,1.79769e+308,7,8,9,10,11,12,13,14,15,16,6,5,4,3,2,1,2,3,4,1.79769e+308,6,7,1.79769e+308,1.79769e+308,12,13,1.79769e+308,15,16,1.79769e+308,7,1.79769e+308,3,2,1,0,1,2,3,4,5,1.79769e+308,1.79769e+308,14,13,14,15,16,1.79769e+308,18,1.79769e+308,5,4,3,2,1,2,3,4,5,6,7,8,1.79769e+308,12,1.79769e+308,1.79769e+308,15,16,17,7,6,1.79769e+308,4,3,1.79769e+308,3,4,5,1.79769e+308,7,8,9,10,11,12,13,14,15,16,8,7,8,1.79769e+308,4,5,4,5,6,7,1.79769e+308,9,10,1.79769e+308,12,13,14,1.79769e+308,16,1.79769e+308,9,1.79769e+308,7,6,5,1.79769e+308,5,6,7,8,9,10,11,12,1.79769e+308,14,15,16,17,18,10,11,1.79769e+308,7,6,7,6,1.79769e+308,8,9,10,1.79769e+308,1.79769e+308,1.79769e+308,1.79769e+308,15,16,1.79769e+308,18,19,1.79769e+308,10,9,8,7,8,1.79769e+308,10,9,10,11,1.79769e+308,19,18,17,16,17,18,19,20,14,1.79769e+308,10,9,8,9,1.79769e+308,11,10,11,12,1.79769e+308,20,19,18,17,18,19,20,21,13,12,11,1.79769e+308,9,1.79769e+308,13,12,11,12,13,1.79769e+308,1.79769e+308,20,19,18,19,20,21,22,14,13,12,11,10,11,12,13,12,13,14,1.79769e+308,1.79769e+308,19,1.79769e+308,19,20,21,22,23,15,14,13,12,11,12,13,14,1.79769e+308,14,15,16,17,18,19,20,21,22,23,24,16,1.79769e+308,1.79769e+308,13,12,13,14,15,16,15,16,17,18,1.79769e+308,20,21,22,23,24,25,17,16,15,14,13,14,15,16,1.79769e+308,16,17,18,19,1.79769e+308,21,22,23,24,25,26,1.79769e+308,17,1.79769e+308,15,14,15,16,17,18,17,18,19,20,21,22,23,1.79769e+308,1.79769e+308,1.79769e+308,27,1.79769e+308,1.79769e+308,17,16,15,16,17,18,19,18,19,20,21,22,23,24,25,26,27,28,
295
29,28,27,1.79769e+308,1.79769e+308,1.79769e+308,23,22,1.79769e+308,20,19,1.79769e+308,1.79769e+308,1.79769e+308,1.79769e+308,16,17,1.79769e+308,19,18,1.79769e+308,27,26,25,24,1.79769e+308,22,21,20,19,18,17,1.79769e+308,1.79769e+308,14,15,16,1.79769e+308,1.79769e+308,17,27,26,25,24,23,22,21,1.79769e+308,1.79769e+308,18,17,16,15,14,13,1.79769e+308,15,14,15,16,1.79769e+308,1.79769e+308,24,23,22,21,20,19,18,1.79769e+308,16,15,14,13,12,13,14,13,14,15,25,24,23,22,21,20,19,18,17,1.79769e+308,15,16,1.79769e+308,1.79769e+308,11,12,1.79769e+308,12,13,1.79769e+308,26,1.79769e+308,22,21,20,19,18,17,16,15,14,1.79769e+308,1.79769e+308,11,10,11,12,11,1.79769e+308,13,1.79769e+308,22,21,20,19,18,17,16,15,14,13,12,11,1.79769e+308,9,1.79769e+308,1.79769e+308,10,11,12,24,23,1.79769e+308,21,20,1.79769e+308,18,17,16,1.79769e+308,12,11,10,9,8,7,8,9,10,11,23,22,21,1.79769e+308,19,18,17,16,15,14,1.79769e+308,12,11,1.79769e+308,7,6,7,1.79769e+308,9,1.79769e+308,22,1.79769e+308,20,19,18,1.79769e+308,16,15,14,13,12,13,12,13,1.79769e+308,5,6,7,8,9,21,20,1.79769e+308,18,17,18,17,1.79769e+308,13,12,11,1.79769e+308,1.79769e+308,1.79769e+308,1.79769e+308,4,5,1.79769e+308,7,8,1.79769e+308,19,18,17,16,17,1.79769e+308,13,12,11,10,1.79769e+308,6,5,4,3,4,5,6,7,19,1.79769e+308,17,16,15,16,1.79769e+308,12,11,10,9,1.79769e+308,5,4,3,2,3,4,5,6,18,17,16,1.79769e+308,14,1.79769e+308,12,11,10,9,8,1.79769e+308,1.79769e+308,3,2,1,2,3,4,5,17,16,15,14,13,12,11,10,9,8,7,1.79769e+308,1.79769e+308,4,1.79769e+308,0,1,2,3,4,18,17,16,15,14,13,12,11,1.79769e+308,7,6,5,4,3,2,1,2,3,4,5,19,1.79769e+308,1.79769e+308,14,13,12,11,10,9,8,7,6,5,1.79769e+308,3,2,3,4,5,6,18,17,16,15,14,13,12,11,1.79769e+308,9,8,7,6,1.79769e+308,4,3,4,5,6,7,1.79769e+308,18,1.79769e+308,16,15,14,13,12,11,10,9,8,7,6,5,4,1.79769e+308,1.79769e+308,1.79769e+308,8,1.79769e+308,1.79769e+308,18,17,16,15,14,13,12,11,10,9,8,7,6,5,6,7,8,9,
102
7,6,5,1.79769e+308,1.79769e+308,1.79769e+308,9,10,1.79769e+308,12,13,1.79769e+308,1.79769e+308,1.79769e+308,1.79769e+308,18,19,1.79769e+308,23,22,1.79769e+308,5,4,5,6,1.79769e+308,8,9,10,11,12,13,1.79769e+308,1.79769e+308,16,17,18,1.79769e+308,1.79769e+308,21,5,4,3,4,5,6,7,1.79769e+308,1.79769e+308,12,11,12,13,14,15,1.79769e+308,17,18,19,20,1.79769e+308,1.79769e+308,2,3,4,5,6,7,8,1.79769e+308,10,11,12,13,14,15,16,17,18,19,3,2,1,2,3,4,5,6,7,1.79769e+308,9,10,1.79769e+308,1.79769e+308,15,16,1.79769e+308,18,19,1.79769e+308,4,1.79769e+308,0,1,2,3,4,5,6,7,8,1.79769e+308,1.79769e+308,17,16,17,18,19,1.79769e+308,21,1.79769e+308,2,1,2,3,4,5,6,7,8,9,10,11,1.79769e+308,15,1.79769e+308,1.79769e+308,18,19,20,4,3,1.79769e+308,3,4,1.79769e+308,6,7,8,1.79769e+308,10,11,12,13,14,15,16,17,18,19,5,4,5,1.79769e+308,5,6,7,8,9,10,1.79769e+308,12,13,1.79769e+308,15,16,17,1.79769e+308,19,1.79769e+308,6,1.79769e+308,6,7,6,1.79769e+308,8,9,10,11,12,13,14,15,1.79769e+308,17,18,19,20,21,7,8,1.79769e+308,8,7,8,9,1.79769e+308,11,12,13,1.79769e+308,1.79769e+308,1.79769e+308,1.79769e+308,18,19,1.79769e+308,21,22,1.79769e+308,9,10,9,8,9,1.79769e+308,13,12,13,14,1.79769e+308,22,21,20,19,20,21,22,23,15,1.79769e+308,11,10,9,10,1.79769e+308,14,13,14,15,1.79769e+308,23,22,21,20,21,22,23,24,14,13,12,1.79769e+308,10,1.79769e+308,14,15,14,15,16,1.79769e+308,1.79769e+308,23,22,21,22,23,24,25,15,14,13,12,11,12,13,14,15,16,17,1.79769e+308,1.79769e+308,22,1.79769e+308,22,23,24,25,26,16,15,14,13,12,13,14,15,1.79769e+308,17,18,19,20,21,22,23,24,25,26,27,17,1.79769e+308,1.79769e+308,14,13,14,15,16,17,18,19,20,21,1.79769e+308,23,24,25,26,27,28,18,17,16,15,14,15,16,17,1.79769e+308,19,20,21,22,1.79769e+308,24,25,26,27,28,29,1.79769e+308,18,1.79769e+308,16,15,16,17,18,19,20,21,22,23,24,25,26,1.79769e+308,1.79769e+308,1.79769e+308,30,1.79769e+308,1.79769e+308,18,17,16,17,18,19,20,21,22,23,24,25,26,27,28,29,30,31,
293
29,28,27,1.79769e+308,1.79769e+308,1.79769e+308,23,24,1.79769e+308,22,21,1.79769e+308,1.79769e+308,1.79769e+308,1.79769e+308,18,19,1.79769e+308,21,20,1.79769e+308,27,26,25,24,1.79769e+308,22,23,22,21,20,19,1.79769e+308,1.79769e+308,16,17,18,1.79769e+308,1.79769e+308,19,27,26,25,24,23,22,21,1.79769e+308,1.79769e+308,20,19,18,17,16,15,1.79769e+308,17,16,17,18,1.79769e+308,1.79769e+308,24,23,22,21,20,19,18,1.79769e+308,18,17,16,15,14,15,16,15,16,17,25,24,23,22,21,20,19,18,17,1.79769e+308,17,18,1.79769e+308,1.79769e+308,13,14,1.79769e+308,14,15,1.79769e+308,26,1.79769e+308,22,21,20,19,18,17,16,17,16,1.79769e+308,1.79769e+308,13,12,13,14,13,1.79769e+308,15,1.79769e+308,22,21,20,19,18,17,16,15,16,15,14,13,1.79769e+308,11,1.79769e+308,1.79769e+308,12,13,14,22,21,1.79769e+308,19,18,1.79769e+308,16,15,14,1.79769e+308,14,13,12,11,10,9,10,11,12,13,21,20,19,1.79769e+308,17,16,15,14,13,12,1.79769e+308,12,13,1.79769e+308,9,8,9,1.79769e+308,11,1.79769e+308,20,1.79769e+308,18,17,16,1.79769e+308,14,13,12,11,10,11,12,13,1.79769e+308,7,8,9,10,11,19,18,1.79769e+308,16,15,16,15,1.79769e+308,11,10,9,1.79769e+308,1.79769e+308,1.79769e+308,1.79769e+308,6,7,1.79769e+308,9,10,1.79769e+308,17,16,15,14,15,1.79769e+308,11,10,9,8,1.79769e+308,4,3,4,5,6,7,8,9,17,1.79769e+308,15,14,13,14,1.79769e+308,10,9,8,7,1.79769e+308,3,2,3,4,5,6,7,8,16,15,14,1.79769e+308,12,1.79769e+308,10,9,8,7,6,1.79769e+308,1.79769e+308,1,2,3,4,5,6,7,15,14,13,12,11,10,9,8,7,6,5,1.79769e+308,1.79769e+308,0,1.79769e+308,4,5,6,7,8,16,15,14,13,12,11,10,9,1.79769e+308,5,4,3,2,1,2,3,4,5,6,7,17,1.79769e+308,1.79769e+308,12,11,10,9,8,7,6,5,4,3,1.79769e+308,3,4,5,6,7,8,16,15,14,13,12,11,10,9,1.79769e+308,7,6,5,4,1.79769e+308,4,5,6,7,8,9,1.79769e+308,16,1.79769e+308,14,13,12,11,10,9,8,7,6,5,6,5,6,1.79769e+308,1.79769e+308,1.79769e+308,10,1.79769e+308,1.79769e+308,16,15,14,13,12,11,10,9,8,7,6,7,6,7,8,9,10,11,
100
9,8,7,1.79769e+308,1.79769e+308,1.79769e+308,11,12,1.79769e+308,14,15,1.79769e+308,1.79769e+308,1.79769e+308,1.79769e+308,22,23,1.79769e+308,27,26,1.79769e+308,7,6,7,8,1.79769e+308,10,11,12,13,14,15,1.79769e+308,1.79769e+308,20,21,22,1.79769e+308,1.79769e+308,25,7,6,5,6,7,8,9,1.79769e+308,1.79769e+308,14,15,16,17,18,19,1.79769e+308,21,22,23,24,1.79769e+308,1.79769e+308,4,5,6,7,8,9,10,1.79769e+308,14,15,16,17,18,19,20,21,22,23,1,2,3,4,5,6,7,8,9,1.79769e+308,13,14,1.79769e+308,1.79769e+308,19,20,1.79769e+308,22,23,1.79769e+308,0,1.79769e+308,4,5,6,7,8,9,10,11,12,1.79769e+308,1.79769e+308,21,20,21,22,23,1.79769e+308,25,1.79769e+308,6,5,6,7,8,9,10,11,12,13,14,15,1.79769e+308,19,1.79769e+308,1.79769e+308,22,23,24,8,7,1.79769e+308,7,8,1.79769e+308,10,11,12,1.79769e+308,14,15,16,17,18,19,20,21,22,23,9,8,9,1.79769e+308,9,10,11,12,13,14,1.79769e+308,16,17,1.79769e+308,19,20,21,1.79769e+308,23,1.79769e+308,10,1.79769e+308,10,11,10,1.79769e+308,12,13,14,15,16,17,18,19,1.79769e+308,21,22,23,24,25,11,12,1.79769e+308,12,11,12,13,1.79769e+308,15,16,17,1.79769e+308,1.79769e+308,1.79769e+308,1.79769e+308,22,23,1.79769e+308,25,26,1.79769e+308,13,14,13,12,13,1.79769e+308,17,16,17,18,1.79769e+308,26,25,24,23,24,25,26,27,19,1.79769e+308,15,14,13,14,1.79769e+308,18,17,18,19,1.79769e+308,27,26,25,24,25,26,27,28,18,17,16,1.79769e+308,14,1.79769e+308,18,19,18,19,20,1.79769e+308,1.79769e+308,27,26,25,26,27,28,29,19,18,17,16,15,16,17,18,19,20,21,1.79769e+308,1.79769e+308,26,1.79769e+308,26,27,28,29,30,20,19,18,17,16,17,18,19,1.79769e+308,21,22,23,24,25,26,27,28,29,30,31,21,1.79769e+308,1.79769e+308,18,17,18,19,20,21,22,23,24,25,1.79769e+308,27,28,29,30,31,32,22,21,20,19,18,19,20,21,1.79769e+308,23,24,25,26,1.79769e+308,28,29,30,31,32,33,1.79769e+308,22,1.79769e+308,20,19,20,21,22,23,24,25,26,27,28,29,30,1.79769e+308,1.79769e+308,1.79769e+308,34,1.79769e+308,1.79769e+308,22,21,20,21,22,23,24,25,26,27,28,29,30,31,32,33,34,35,
288
22,21,20,1.79769e+308,1.79769e+308,1.79769e+308,16,17,1.79769e+308,17,16,1.79769e+308,1.79769e+308,1.79769e+308,1.79769e+308,21,22,1.79769e+308,26,25,1.79769e+308,20,19,18,17,1.79769e+308,15,16,17,16,15,16,1.79769e+308,1.79769e+308,19,20,21,1.79769e+308,1.79769e+308,24,20,19,18,17,16,15,14,1.79769e+308,1.79769e+308,15,14,15,16,17,18,1.79769e+308,20,21,22,23,1.79769e+308,1.79769e+308,17,16,15,14,13,12,11,1.79769e+308,13,14,15,16,17,18,19,20,21,22,18,17,16,15,14,13,12,11,10,1.79769e+308,12,13,1.79769e+308,1.79769e+308,16,17,1.79769e+308,19,20,1.79769e+308,19,1.79769e+308,15,14,13,12,11,10,9,10,11,1.79769e+308,1.79769e+308,16,15,16,17,18,1.79769e+308,20,1.79769e+308,15,14,13,12,11,10,9,8,9,10,11,12,1.79769e+308,14,1.79769e+308,1.79769e+308,17,18,19,15,14,1.79769e+308,12,11,1.79769e+308,9,8,7,1.79769e+308,11,10,11,12,13,14,15,16,17,18,14,13,12,1.79769e+308,10,9,8,7,6,7,1.79769e+308,9,10,1.79769e+308,14,15,16,1.79769e+308,18,1.79769e+308,13,1.79769e+308,11,10,9,1.79769e+308,7,6,5,6,7,8,9,10,1.79769e+308,14,15,16,17,18,12,11,1.79769e+308,9,8,9,8,1.79769e+308,4,5,6,1.79769e+308,1.79769e+308,1.79769e+308,1.79769e+308,13,14,1.79769e+308,16,17,1.79769e+308,10,9,8,7,8,1.79769e+308,4,3,4,5,1.79769e+308,11,10,11,12,13,14,15,16,10,1.79769e+308,8,7,6,7,1.79769e+308,3,2,3,4,1.79769e+308,10,9,10,11,12,13,14,15,9,8,7,1.79769e+308,5,1.79769e+308,3,2,1,2,3,1.79769e+308,1.79769e+308,8,9,10,11,12,13,14,8,7,6,5,4,3,2,1,0,1,2,1.79769e+308,1.79769e+308,7,1.79769e+308,9,10,11,12,13,9,8,7,6,5,4,3,2,1.79769e+308,2,3,4,5,6,7,8,9,10,11,12,10,1.79769e+308,1.79769e+308,7,6,5,4,3,4,3,4,5,6,1.79769e+308,8,9,10,11,12,13,11,10,9,8,7,6,5,4,1.79769e+308,4,5,6,7,1.79769e+308,9,10,11,12,13,14,1.79769e+308,11,1.79769e+308,9,8,7,6,5,6,5,6,7,8,9,10,11,1.79769e+308,1.79769e+308,1.79769e+308,15,1.79769e+308,1.79769e+308,11,10,9,8,7,6,7,6,7,8,9,10,11,12,13,14,15,16,
95
21,20,19,1.79769e+308,1.79769e+308,1.79769e+308,13,12,1.79769e+308,10,9,1.79769e+308,1.79769e+308,1.79769e+308,1.79769e+308,6,5,1.79769e+308,9,8,1.79769e+308,19,18,17,16,1.79769e+308,12,11,10,9,8,7,1.79769e+308,1.79769e+308,4,5,4,1.79769e+308,1.79769e+308,7,19,18,17,16,15,14,13,1.79769e+308,1.79769e+308,8,7,6,5,4,3,1.79769e+308,3,4,5,6,1.79769e+308,1.79769e+308,18,17,16,15,14,13,12,1.79769e+308,6,5,4,3,2,1,2,3,4,5,19,18,17,16,15,14,13,12,11,1.79769e+308,7,6,1.79769e+308,1.79769e+308,1,0,1.79769e+308,4,5,1.79769e+308,20,1.79769e+308,16,15,14,13,12,11,10,9,8,1.79769e+308,1.79769e+308,3,2,1,2,3,1.79769e+308,7,1.79769e+308,18,17,16,15,14,13,12,11,10,9,8,7,1.79769e+308,3,1.79769e+308,1.79769e+308,4,5,6,20,19,1.79769e+308,17,16,1.79769e+308,14,13,12,1.79769e+308,8,7,6,5,4,5,6,5,6,7,21,20,21,1.79769e+308,17,16,15,14,13,12,1.79769e+308,8,7,1.79769e+308,5,6,7,1.79769e+308,7,1.79769e+308,22,1.79769e+308,20,19,18,1.79769e+308,14,13,12,11,10,9,8,9,1.79769e+308,7,8,9,8,9,23,22,1.79769e+308,18,17,16,15,1.79769e+308,13,12,11,1.79769e+308,1.79769e+308,1.79769e+308,1.79769e+308,8,9,1.79769e+308,9,10,1.79769e+308,21,20,19,18,17,1.79769e+308,15,14,13,12,1.79769e+308,12,11,10,9,10,11,10,11,25,1.79769e+308,21,20,19,18,1.79769e+308,16,15,14,13,1.79769e+308,13,12,11,10,11,12,11,12,24,23,22,1.79769e+308,20,1.79769e+308,18,17,16,15,14,1.79769e+308,1.79769e+308,13,12,11,12,13,12,13,25,24,23,22,21,20,19,18,17,16,15,1.79769e+308,1.79769e+308,14,1.79769e+308,12,13,14,13,14,26,25,24,23,22,21,20,19,1.79769e+308,17,16,17,16,15,14,13,14,15,14,15,27,1.79769e+308,1.79769e+308,24,23,22,21,20,19,18,17,18,17,1.79769e+308,15,14,15,16,15,16,28,27,26,25,24,23,22,21,1.79769e+308,19,18,19,18,1.79769e+308,16,15,16,17,16,17,1.79769e+308,28,1.79769e+308,26,25,24,23,22,21,20,19,20,19,18,17,16,1.79769e+308,1.79769e+308,1.79769e+308,18,1.79769e+308,1.79769e+308,28,27,26,25,24,23,22,21,20,21,20,19,18,17,18,19,20,19,
287
21,20,19,1.79769e+308,1.79769e+308,1.79769e+308,17,18,1.79769e+308,18,17,1.79769e+308,1.79769e+308,1.79769e+308,1.79769e+308,22,23,1.79769e+308,27,26,1.79769e+308,19,18,17,16,1.79769e+308,16,17,18,17,16,17,1.79769e+308,1.79769e+308,20,21,22,1.79769e+308,1.79769e+308,25,19,18,17,16,15,16,15,1.79769e+308,1.79769e+308,16,15,16,17,18,19,1.79769e+308,21,22,23,24,1.79769e+308,1.79769e+308,16,15,14,15,14,13,12,1.79769e+308,14,15,16,17,18,19,20,21,22,23,17,16,15,14,13,14,13,12,11,1.79769e+308,13,14,1.79769e+308,1.79769e+308,17,18,1.79769e+308,20,21,1.79769e+308,18,1.79769e+308,14,13,12,13,12,11,10,11,12,1.79769e+308,1.79769e+308,17,16,17,18,19,1.79769e+308,21,1.79769e+308,14,13,12,11,12,11,10,9,10,11,12,13,1.79769e+308,15,1.79769e+308,1.79769e+308,18,19,20,14,13,1.79769e+308,11,10,1.79769e+308,10,9,8,1.79769e+308,12,11,12,13,14,15,16,17,18,19,13,12,11,1.79769e+308,9,10,9,8,7,8,1.79769e+308,10,11,1.79769e+308,15,16,17,1.79769e+308,19,1.79769e+308,12,1.79769e+308,10,9,8,1.79769e+308,8,7,6,7,8,9,10,11,1.79769e+308,15,16,17,18,19,11,10,1.79769e+308,8,7,8,9,1.79769e+308,5,6,7,1.79769e+308,1.79769e+308,1.79769e+308,1.79769e+308,14,15,1.79769e+308,17,18,1.79769e+308,9,8,7,6,7,1.79769e+308,3,4,5,6,1.79769e+308,12,11,12,13,14,15,16,17,9,1.79769e+308,7,6,5,6,1.79769e+308,2,3,4,5,1.79769e+308,11,10,11,12,13,14,15,16,8,7,6,1.79769e+308,4,1.79769e+308,2,1,2,3,4,1.79769e+308,1.79769e+308,9,10,11,12,13,14,15,7,6,5,4,3,2,1,0,1,2,3,1.79769e+308,1.79769e+308,8,1.79769e+308,10,11,12,13,14,8,7,6,5,4,3,2,1,1.79769e+308,3,4,5,6,7,8,9,10,11,12,13,9,1.79769e+308,1.79769e+308,6,5,4,3,2,3,4,5,6,7,1.79769e+308,9,10,11,12,13,14,10,9,8,7,6,5,4,3,1.79769e+308,5,6,7,8,1.79769e+308,10,11,12,13,14,15,1.79769e+308,10,1.79769e+308,8,7,6,5,4,5,6,7,8,9,10,11,12,1.79769e+308,1.79769e+308,1.79769e+308,16,1.79769e+308,1.79769e+308,10,9,8,7,6,5,6,7,8,9,10,11,12,13,14,15,16,17,
94
20,19,18,1.79769e+308,1.79769e+308,1.79769e+308,12,11,1.79769e+308,9,8,1.79769e+308,1.79769e+308,1.79769e+308,1.79769e+308,5,6,1.79769e+308,10,9,1.79769e+308,18,17,16,15,1.79769e+308,11,10,9,8,7,6,1.79769e+308,1.79769e+308,3,4,5,1.79769e+308,1.79769e+308,8,18,17,16,15,14,13,12,1.79769e+308,1.79769e+308,7,6,5,4,3,2,1.79769e+308,4,5,6,7,1.79769e+308,1.79769e+308,17,16,15,14,13,12,11,1.79769e+308,5,4,3,2,1,2,3,4,5,6,18,17,16,15,14,13,12,11,10,1.79769e+308,6,5,1.79769e+308,1.79769e+308,0,1,1.79769e+308,5,6,1.79769e+308,19,1.79769e+308,15,14,13,12,11,10,9,8,7,1.79769e+308,1.79769e+308,2,1,2,3,4,1.79769e+308,8,1.79769e+308,17,16,15,14,13,12,11,10,9,8,7,6,1.79769e+308,2,1.79769e+308,1.79769e+308,5,6,7,19,18,1.79769e+308,16,15,1.79769e+308,13,12,11,1.79769e+308,7,6,5,4,3,4,5,6,7,8,20,19,20,1.79769e+308,16,15,14,13,12,11,1.79769e+308,7,6,1.79769e+308,4,5,6,1.79769e+308,8,1.79769e+308,21,1.79769e+308,19,18,17,1.79769e+308,13,12,11,10,9,8,7,8,1.79769e+308,6,7,8,9,10,22,21,1.79769e+308,17,16,15,14,1.79769e+308,12,11,10,1.79769e+308,1.79769e+308,1.79769e+308,1.79769e+308,7,8,1.79769e+308,10,11,1.79769e+308,20,19,18,17,16,1.79769e+308,14,13,12,11,1.79769e+308,11,10,9,8,9,10,11,12,24,1.79769e+308,20,19,18,17,1.79769e+308,15,14,13,12,1.79769e+308,12,11,10,9,10,11,12,13,23,22,21,1.79769e+308,19,1.79769e+308,17,16,15,14,13,1.79769e+308,1.79769e+308,12,11,10,11,12,13,14,24,23,22,21,20,19,18,17,16,15,14,1.79769e+308,1.79769e+308,13,1.79769e+308,11,12,13,14,15,25,24,23,22,21,20,19,18,1.79769e+308,16,15,16,15,14,13,12,13,14,15,16,26,1.79769e+308,1.79769e+308,23,22,21,20,19,18,17,16,17,16,1.79769e+308,14,13,14,15,16,17,27,26,25,24,23,22,21,20,1.79769e+308,18,17,18,17,1.79769e+308,15,14,15,16,17,18,1.79769e+308,27,1.79769e+308,25,24,23,22,21,20,19,18,19,18,17,16,15,1.79769e+308,1.79769e+308,1.79769e+308,19,1.79769e+308,1.79769e+308,27,26,25,24,23,22,21,20,19,20,19,18,17,16,17,18,19,20,
91
17,16,15,1.79769e+308,1.79769e+308,1.79769e+308,9,8,1.79769e+308,6,5,1.79769e+308,1.79769e+308,1.79769e+308,1.79769e+308,8,9,1.79769e+308,13,12,1.79769e+308,15,14,13,12,1.79769e+308,8,7,6,5,4,3,1.79769e+308,1.79769e+308,6,7,8,1.79769e+308,1.79769e+308,11,15,14,13,12,11,10,9,1.79769e+308,1.79769e+308,4,3,2,3,4,5,1.79769e+308,7,8,9,10,1.79769e+308,1.79769e+308,12,11,10,9,8,7,6,1.79769e+308,2,1,2,3,4,5,6,7,8,9,13,12,11,10,9,8,7,6,5,1.79769e+308,1,0,1.79769e+308,1.79769e+308,5,6,1.79769e+308,8,9,1.79769e+308,14,1.79769e+308,10,9,8,7,6,5,4,3,2,1.79769e+308,1.79769e+308,7,6,7,8,9,1.79769e+308,13,1.79769e+308,12,11,10,9,8,7,6,5,4,3,4,5,1.79769e+308,7,1.79769e+308,1.79769e+308,10,11,12,14,13,1.79769e+308,11,10,1.79769e+308,8,7,6,1.79769e+308,4,5,6,7,8,9,10,11,12,13,15,14,15,1.79769e+308,11,10,9,8,7,8,1.79769e+308,6,7,1.79769e+308,9,10,11,1.79769e+308,13,1.79769e+308,16,1.79769e+308,14,13,12,1.79769e+308,10,9,8,9,8,7,8,9,1.79769e+308,11,12,13,14,15,17,18,1.79769e+308,14,13,12,11,1.79769e+308,9,10,9,1.79769e+308,1.79769e+308,1.79769e+308,1.79769e+308,12,13,1.79769e+308,15,16,1.79769e+308,17,16,15,14,13,1.79769e+308,11,10,11,10,1.79769e+308,16,15,14,13,14,15,16,17,21,1.79769e+308,17,16,15,14,1.79769e+308,12,11,12,11,1.79769e+308,17,16,15,14,15,16,17,18,20,19,18,1.79769e+308,16,1.79769e+308,14,13,12,13,12,1.79769e+308,1.79769e+308,17,16,15,16,17,18,19,21,20,19,18,17,16,15,14,13,14,13,1.79769e+308,1.79769e+308,18,1.79769e+308,16,17,18,19,20,22,21,20,19,18,17,16,15,1.79769e+308,15,14,15,16,17,18,17,18,19,20,21,23,1.79769e+308,1.79769e+308,20,19,18,17,16,17,16,15,16,17,1.79769e+308,19,18,19,20,21,22,24,23,22,21,20,19,18,17,1.79769e+308,17,16,17,18,1.79769e+308,20,19,20,21,22,23,1.79769e+308,24,1.79769e+308,22,21,20,19,18,19,18,17,18,19,20,21,20,1.79769e+308,1.79769e+308,1.79769e+308,24,1.79769e+308,1.79769e+308,24,23,22,21,20,19,20,19,18,19,20,21,22,21,22,23,24,25,
283
19,18,17,1.79769e+308,1.79769e+308,1.79769e+308,17,18,1.79769e+308,20,21,1.79769e+308,1.79769e+308,1.79769e+308,1.79769e+308,26,27,1.79769e+308,31,30,1.79769e+308,17,16,15,14,1.79769e+308,16,17,18,19,20,21,1.79769e+308,1.79769e+308,24,25,26,1.79769e+308,1.79769e+308,29,17,16,15,14,13,14,15,1.79769e+308,1.79769e+308,20,19,20,21,22,23,1.79769e+308,25,26,27,28,1.79769e+308,1.79769e+308,14,13,12,13,14,15,16,1.79769e+308,18,19,20,21,22,23,24,25,26,27,15,14,13,12,11,12,13,14,15,1.79769e+308,17,18,1.79769e+308,1.79769e+308,21,22,1.79769e+308,24,25,1.79769e+308,16,1.79769e+308,12,11,10,11,12,13,14,15,16,1.79769e+308,1.79769e+308,21,20,21,22,23,1.79769e+308,25,1.79769e+308,12,11,10,9,10,11,12,13,14,15,16,17,1.79769e+308,19,1.79769e+308,1.79769e+308,22,23,24,10,11,1.79769e+308,9,8,1.79769e+308,10,11,12,1.79769e+308,16,15,16,17,18,19,20,21,22,23,9,10,9,1.79769e+308,7,8,9,10,11,12,1.79769e+308,14,15,1.79769e+308,19,20,21,1.79769e+308,23,1.79769e+308,8,1.79769e+308,8,7,6,1.79769e+308,8,9,10,11,12,13,14,15,1.79769e+308,19,20,21,22,23,7,6,1.79769e+308,6,5,6,7,1.79769e+308,9,10,11,1.79769e+308,1.79769e+308,1.79769e+308,1.79769e+308,18,19,1.79769e+308,21,22,1.79769e+308,5,4,5,4,5,1.79769e+308,7,8,9,10,1.79769e+308,16,15,16,17,18,19,20,21,5,1.79769e+308,3,4,3,4,1.79769e+308,6,7,8,9,1.79769e+308,15,14,15,16,17,18,19,20,4,3,2,1.79769e+308,2,1.79769e+308,4,5,6,7,8,1.79769e+308,1.79769e+308,13,14,15,16,17,18,19,3,2,1,0,1,2,3,4,5,6,7,1.79769e+308,1.79769e+308,12,1.79769e+308,14,15,16,17,18,4,3,2,1,2,3,4,5,1.79769e+308,7,8,9,10,11,12,13,14,15,16,17,5,1.79769e+308,1.79769e+308,2,3,4,5,6,7,8,9,10,11,1.79769e+308,13,14,15,16,17,18,6,5,4,3,4,5,6,7,1.79769e+308,9,10,11,12,1.79769e+308,14,15,16,17,18,19,1.79769e+308,6,1.79769e+308,4,5,6,7,8,9,10,11,12,13,14,15,16,1.79769e+308,1.79769e+308,1.79769e+308,20,1.79769e+308,1.79769e+308,6,5,6,7,8,9,10,11,12,13,14,15,16,17,18,19,20,21,
90
16,15,14,1.79769e+308,1.79769e+308,1.79769e+308,8,7,1.79769e+308,5,4,1.79769e+308,1.79769e+308,1.79769e+308,1.79769e+308,9,10,1.79769e+308,14,13,1.79769e+308,14,13,12,11,1.79769e+308,7,6,5,4,3,4,1.79769e+308,1.79769e+308,7,8,9,1.79769e+308,1.79769e+308,12,14,13,12,11,10,9,8,1.79769e+308,1.79769e+308,3,2,3,4,5,6,1.79769e+308,8,9,10,11,1.79769e+308,1.79769e+308,11,10,9,8,7,6,5,1.79769e+308,1,2,3,4,5,6,7,8,9,10,12,11,10,9,8,7,6,5,4,1.79769e+308,0,1,1.79769e+308,1.79769e+308,6,7,1.79769e+308,9,10,1.79769e+308,13,1.79769e+308,9,8,7,6,5,4,3,2,1,1.79769e+308,1.79769e+308,8,7,8,9,10,1.79769e+308,14,1.79769e+308,11,10,9,8,7,6,5,4,3,2,3,4,1.79769e+308,8,1.79769e+308,1.79769e+308,11,12,13,13,12,1.79769e+308,10,9,1.79769e+308,7,6,5,1.79769e+308,3,4,5,6,7,8,9,10,11,12,14,13,14,1.79769e+308,10,9,8,7,6,7,1.79769e+308,5,6,1.79769e+308,8,9,10,1.79769e+308,12,1.79769e+308,15,1.79769e+308,13,12,11,1.79769e+308,9,8,7,8,7,6,7,8,1.79769e+308,10,11,12,13,14,16,17,1.79769e+308,13,12,11,10,1.79769e+308,8,9,8,1.79769e+308,1.79769e+308,1.79769e+308,1.79769e+308,11,12,1.79769e+308,14,15,1.79769e+308,16,15,14,13,12,1.79769e+308,10,9,10,9,1.79769e+308,15,14,13,12,13,14,15,16,20,1.79769e+308,16,15,14,13,1.79769e+308,11,10,11,10,1.79769e+308,16,15,14,13,14,15,16,17,19,18,17,1.79769e+308,15,1.79769e+308,13,12,11,12,11,1.79769e+308,1.79769e+308,16,15,14,15,16,17,18,20,19,18,17,16,15,14,13,12,13,12,1.79769e+308,1.79769e+308,17,1.79769e+308,15,16,17,18,19,21,20,19,18,17,16,15,14,1.79769e+308,14,13,14,15,16,17,16,17,18,19,20,22,1.79769e+308,1.79769e+308,19,18,17,16,15,16,15,14,15,16,1.79769e+308,18,17,18,19,20,21,23,22,21,20,19,18,17,16,1.79769e+308,16,15,16,17,1.79769e+308,19,18,19,20,21,22,1.79769e+308,23,1.79769e+308,21,20,19,18,17,18,17,16,17,18,19,20,19,1.79769e+308,1.79769e+308,1.79769e+308,23,1.79769e+308,1.79769e+308,23,22,21,20,19,18,19,18,17,18,19,20,21,20,21,22,23,24,
281
21,20,19,1.79769e+308,1.79769e+308,1.79769e+308,19,20,1.79769e+308,22,23,1.79769e+308,1.79769e+308,1.79769e+308,1.79769e+308,28,29,1.79769e+308,33,32,1.79769e+308,19,18,17,16,1.79769e+308,18,19,20,21,22,23,1.79769e+308,1.79769e+308,26,27,28,1.79769e+308,1.79769e+308,31,19,18,17,16,15,16,17,1.79769e+308,1.79769e+308,22,21,22,23,24,25,1.79769e+308,27,28,29,30,1.79769e+308,1.79769e+308,16,15,14,15,16,17,18,1.79769e+308,20,21,22,23,24,25,26,27,28,29,17,16,15,14,13,14,15,16,17,1.79769e+308,19,20,1.79769e+308,1.79769e+308,23,24,1.79769e+308,26,27,1.79769e+308,18,1.79769e+308,14,13,12,13,14,15,16,17,18,1.79769e+308,1.79769e+308,23,22,23,24,25,1.79769e+308,27,1.79769e+308,12,13,12,11,12,13,14,15,16,17,18,19,1.79769e+308,21,1.79769e+308,1.79769e+308,24,25,26,10,11,1.79769e+308,11,10,1.79769e+308,12,13,14,1.79769e+308,18,17,18,19,20,21,22,23,24,25,9,10,9,1.79769e+308,9,10,11,12,13,14,1.79769e+308,16,17,1.79769e+308,21,22,23,1.79769e+308,25,1.79769e+308,8,1.79769e+308,8,7,8,1.79769e+308,10,11,12,13,14,15,16,17,1.79769e+308,21,22,23,24,25,7,6,1.79769e+308,6,7,8,9,1.79769e+308,11,12,13,1.79769e+308,1.79769e+308,1.79769e+308,1.79769e+308,20,21,1.79769e+308,23,24,1.79769e+308,5,4,5,6,7,1.79769e+308,9,10,11,12,1.79769e+308,18,17,18,19,20,21,22,23,3,1.79769e+308,3,4,5,6,1.79769e+308,8,9,10,11,1.79769e+308,17,16,17,18,19,20,21,22,2,1,2,1.79769e+308,4,1.79769e+308,6,7,8,9,10,1.79769e+308,1.79769e+308,15,16,17,18,19,20,21,1,0,1,2,3,4,5,6,7,8,9,1.79769e+308,1.79769e+308,14,1.79769e+308,16,17,18,19,20,2,1,2,3,4,5,6,7,1.79769e+308,9,10,11,12,13,14,15,16,17,18,19,3,1.79769e+308,1.79769e+308,4,5,6,7,8,9,10,11,12,13,1.79769e+308,15,16,17,18,19,20,4,5,6,5,6,7,8,9,1.79769e+308,11,12,13,14,1.79769e+308,16,17,18,19,20,21,1.79769e+308,6,1.79769e+308,6,7,8,9,10,11,12,13,14,15,16,17,18,1.79769e+308,1.79769e+308,1.79769e+308,22,1.79769e+308,1.79769e+308,8,7,8,9,10,11,12,13,14,15,16,17,18,19,20,21,22,23,
88
12,11,10,1.79769e+308,1.79769e+308,1.79769e+308,6,7,1.79769e+308,9,8,1.79769e+308,1.79769e+308,1.79769e+308,1.79769e+308,13,14,1.79769e+308,18,17,1.79769e+308,10,9,8,7,1.79769e+308,5,6,7,8,7,8,1.79769e+308,1.79769e+308,11,12,13,1.79769e+308,1.79769e+308,16,10,9,8,7,6,5,4,1.79769e+308,1.79769e+308,7,6,7,8,9,10,1.79769e+308,12,13,14,15,1.79769e+308,1.79769e+308,7,6,5,4,3,2,1,1.79769e+308,5,6,7,8,9,10,11,12,13,14,8,7,6,5,4,3,2,1,0,1.79769e+308,4,5,1.79769e+308,1.79769e+308,10,11,1.79769e+308,13,14,1.79769e+308,9,1.79769e+308,7,6,5,4,3,2,1,2,3,1.79769e+308,1.79769e+308,12,11,12,13,14,1.79769e+308,16,1.79769e+308,9,8,7,6,5,4,3,2,3,4,5,6,1.79769e+308,10,1.79769e+308,1.79769e+308,13,14,15,11,10,1.79769e+308,8,7,1.79769e+308,5,4,3,1.79769e+308,5,6,7,8,9,10,11,12,13,14,12,11,12,1.79769e+308,8,7,6,5,4,5,1.79769e+308,7,8,1.79769e+308,10,11,12,1.79769e+308,14,1.79769e+308,13,1.79769e+308,11,10,9,1.79769e+308,7,6,5,6,7,8,9,10,1.79769e+308,12,13,14,15,16,14,15,1.79769e+308,11,10,9,8,1.79769e+308,6,7,8,1.79769e+308,1.79769e+308,1.79769e+308,1.79769e+308,13,14,1.79769e+308,16,17,1.79769e+308,14,13,12,11,10,1.79769e+308,8,7,8,9,1.79769e+308,17,16,15,14,15,16,17,18,18,1.79769e+308,14,13,12,11,1.79769e+308,9,8,9,10,1.79769e+308,18,17,16,15,16,17,18,19,17,16,15,1.79769e+308,13,1.79769e+308,11,10,9,10,11,1.79769e+308,1.79769e+308,18,17,16,17,18,19,20,18,17,16,15,14,13,12,11,10,11,12,1.79769e+308,1.79769e+308,17,1.79769e+308,17,18,19,20,21,19,18,17,16,15,14,13,12,1.79769e+308,12,13,14,15,16,17,18,19,20,21,22,20,1.79769e+308,1.79769e+308,17,16,15,14,13,14,13,14,15,16,1.79769e+308,18,19,20,21,22,23,21,20,19,18,17,16,15,14,1.79769e+308,14,15,16,17,1.79769e+308,19,20,21,22,23,24,1.79769e+308,21,1.79769e+308,19,18,17,16,15,16,15,16,17,18,19,20,21,1.79769e+308,1.79769e+308,1.79769e+308,25,1.79769e+308,1.79769e+308,21,20,19,18,17,16,17,16,17,18,19,20,21,22,23,24,25,26,
280
22,21,20,1.79769e+308,1.79769e+308,1.79769e+308,20,21,1.79769e+308,23,24,1.79769e+308,1.79769e+308,1.79769e+308,1.79769e+308,29,30,1.79769e+308,34,33,1.79769e+308,20,19,18,17,1.79769e+308,19,20,21,22,23,24,1.79769e+308,1.79769e+308,27,28,29,1.79769e+308,1.79769e+308,32,20,19,18,17,16,17,18,1.79769e+308,1.79769e+308,23,22,23,24,25,26,1.79769e+308,28,29,30,31,1.79769e+308,1.79769e+308,17,16,15,16,17,18,19,1.79769e+308,21,22,23,24,25,26,27,28,29,30,18,17,16,15,14,15,16,17,18,1.79769e+308,20,21,1.79769e+308,1.79769e+308,24,25,1.79769e+308,27,28,1.79769e+308,19,1.79769e+308,15,14,13,14,15,16,17,18,19,1.79769e+308,1.79769e+308,24,23,24,25,26,1.79769e+308,28,1.79769e+308,13,14,13,12,13,14,15,16,17,18,19,20,1.79769e+308,22,1.79769e+308,1.79769e+308,25,26,27,11,12,1.79769e+308,12,11,1.79769e+308,13,14,15,1.79769e+308,19,18,19,20,21,22,23,24,25,26,10,11,10,1.79769e+308,10,11,12,13,14,15,1.79769e+308,17,18,1.79769e+308,22,23,24,1.79769e+308,26,1.79769e+308,9,1.79769e+308,9,8,9,1.79769e+308,11,12,13,14,15,16,17,18,1.79769e+308,22,23,24,25,26,8,7,1.79769e+308,7,8,9,10,1.79769e+308,12,13,14,1.79769e+308,1.79769e+308,1.79769e+308,1.79769e+308,21,22,1.79769e+308,24,25,1.79769e+308,6,5,6,7,8,1.79769e+308,10,11,12,13,1.79769e+308,19,18,19,20,21,22,23,24,2,1.79769e+308,4,5,6,7,1.79769e+308,9,10,11,12,1.79769e+308,18,17,18,19,20,21,22,23,1,2,3,1.79769e+308,5,1.79769e+308,7,8,9,10,11,1.79769e+308,1.79769e+308,16,17,18,19,20,21,22,0,1,2,3,4,5,6,7,8,9,10,1.79769e+308,1.79769e+308,15,1.79769e+308,17,18,19,20,21,1,2,3,4,5,6,7,8,1.79769e+308,10,11,12,13,14,15,16,17,18,19,20,2,1.79769e+308,1.79769e+308,5,6,7,8,9,10,11,12,13,14,1.79769e+308,16,17,18,19,20,21,3,4,5,6,7,8,9,10,1.79769e+308,12,13,14,15,1.79769e+308,17,18,19,20,21,22,1.79769e+308,5,1.79769e+308,7,8,9,10,11,12,13,14,15,16,17,18,19,1.79769e+308,1.79769e+308,1.79769e+308,23,1.79769e+308,1.79769e+308,9,8,9,10,11,12,13,14,15,16,17,18,19,20,21,22,23,24,
87
11,10,9,1.79769e+308,1.79769e+308,1.79769e+308,5,6,1.79769e+308,8,9,1.79769e+308,1.79769e+308,1.79769e+308,1.79769e+308,14,15,1.79769e+308,19,18,1.79769e+308,9,8,7,6,1.79769e+308,4,5,6,7,8,9,1.79769e+308,1.79769e+308,12,13,14,1.79769e+308,1.79769e+308,17,9,8,7,6,5,4,3,1.79769e+308,1.79769e+308,8,7,8,9,10,11,1.79769e+308,13,14,15,16,1.79769e+308,1.79769e+308,6,5,4,3,2,1,2,1.79769e+308,6,7,8,9,10,11,12,13,14,15,7,6,5,4,3,2,1,0,1,1.79769e+308,5,6,1.79769e+308,1.79769e+308,11,12,1.79769e+308,14,15,1.79769e+308,8,1.79769e+308,6,5,4,3,2,1,2,3,4,1.79769e+308,1.79769e+308,13,12,13,14,15,1.79769e+308,17,1.79769e+308,8,7,6,5,4,3,2,3,4,5,6,7,1.79769e+308,11,1.79769e+308,1.79769e+308,14,15,16,10,9,1.79769e+308,7,6,1.79769e+308,4,3,4,1.79769e+308,6,7,8,9,10,11,12,13,14,15,11,10,11,1.79769e+308,7,6,5,4,5,6,1.79769e+308,8,9,1.79769e+308,11,12,13,1.79769e+308,15,1.79769e+308,12,1.79769e+308,10,9,8,1.79769e+308,6,5,6,7,8,9,10,11,1.79769e+308,13,14,15,16,17,13,14,1.79769e+308,10,9,8,7,1.79769e+308,7,8,9,1.79769e+308,1.79769e+308,1.79769e+308,1.79769e+308,14,15,1.79769e+308,17,18,1.79769e+308,13,12,11,10,9,1.79769e+308,9,8,9,10,1.79769e+308,18,17,16,15,16,17,18,19,17,1.79769e+308,13,12,11,10,1.79769e+308,10,9,10,11,1.79769e+308,19,18,17,16,17,18,19,20,16,15,14,1.79769e+308,12,1.79769e+308,12,11,10,11,12,1.79769e+308,1.79769e+308,19,18,17,18,19,20,21,17,16,15,14,13,14,13,12,11,12,13,1.79769e+308,1.79769e+308,18,1.79769e+308,18,19,20,21,22,18,17,16,15,14,15,14,13,1.79769e+308,13,14,15,16,17,18,19,20,21,22,23,19,1.79769e+308,1.79769e+308,16,15,16,15,14,15,14,15,16,17,1.79769e+308,19,20,21,22,23,24,20,19,18,17,16,17,16,15,1.79769e+308,15,16,17,18,1.79769e+308,20,21,22,23,24,25,1.79769e+308,20,1.79769e+308,18,17,18,17,16,17,16,17,18,19,20,21,22,1.79769e+308,1.79769e+308,1.79769e+308,26,1.79769e+308,1.79769e+308,20,19,18,19,18,17,18,17,18,19,20,21,22,23,24,25,26,27,
278
31,30,29,1.79769e+308,1.79769e+308,1.79769e+308,25,24,1.79769e+308,22,21,1.79769e+308,1.79769e+308,1.79769e+308,1.79769e+308,16,15,1.79769e+308,17,16,1.79769e+308,29,28,27,26,1.79769e+308,24,23,22,21,20,19,1.79769e+308,1.79769e+308,16,15,14,1.79769e+308,1.79769e+308,15,29,28,27,26,25,24,23,1.79769e+308,1.79769e+308,20,19,18,17,16,15,1.79769e+308,13,12,13,14,1.79769e+308,1.79769e+308,26,25,24,23,22,21,20,1.79769e+308,18,17,16,15,14,13,12,11,12,13,27,26,25,24,23,22,21,20,19,1.79769e+308,17,18,1.79769e+308,1.79769e+308,13,12,1.79769e+308,10,11,1.79769e+308,28,1.79769e+308,24,23,22,21,20,19,18,17,16,1.79769e+308,1.79769e+308,13,12,11,10,9,1.79769e+308,9,1.79769e+308,24,23,22,21,20,19,18,17,16,15,14,13,1.79769e+308,11,1.79769e+308,1.79769e+308,8,7,8,26,25,1.79769e+308,23,22,1.79769e+308,20,19,18,1.79769e+308,14,13,12,11,10,9,8,7,6,7,27,26,25,1.79769e+308,23,22,21,20,19,18,1.79769e+308,14,13,1.79769e+308,9,8,7,1.79769e+308,5,1.79769e+308,26,1.79769e+308,24,23,22,1.79769e+308,20,19,18,17,16,15,14,15,1.79769e+308,7,6,5,4,5,25,24,1.79769e+308,22,21,22,21,1.79769e+308,17,16,15,1.79769e+308,1.79769e+308,1.79769e+308,1.79769e+308,6,5,1.79769e+308,3,4,1.79769e+308,23,22,21,20,21,1.79769e+308,17,16,15,14,1.79769e+308,8,7,6,5,4,3,2,3,23,1.79769e+308,21,20,19,20,1.79769e+308,16,15,14,13,1.79769e+308,7,6,5,4,3,2,1,2,22,21,20,1.79769e+308,18,1.79769e+308,16,15,14,13,12,1.79769e+308,1.79769e+308,5,4,3,2,1,0,1,21,20,19,18,17,16,15,14,13,12,11,1.79769e+308,1.79769e+308,6,1.79769e+308,4,3,2,1,2,22,21,20,19,18,17,16,15,1.79769e+308,11,10,9,8,7,6,5,4,3,2,3,23,1.79769e+308,1.79769e+308,18,17,16,15,14,13,12,11,10,9,1.79769e+308,7,6,5,4,3,4,22,21,20,19,18,17,16,15,1.79769e+308,13,12,11,10,1.79769e+308,8,7,6,5,4,5,1.79769e+308,22,1.79769e+308,20,19,18,17,16,15,14,13,12,11,10,9,8,1.79769e+308,1.79769e+308,1.79769e+308,6,1.79769e+308,1.79769e+308,22,21,20,19,18,17,16,15,14,13,12,11,10,9,10,9,8,7,
85
9,8,7,1.79769e+308,1.79769e+308,1.79769e+308,5,6,1.79769e+308,8,9,1.79769e+308,1.79769e+308,1.79769e+308,1.79769e+308,16,17,1.79769e+308,21,20,1.79769e+308,7,6,5,4,1.79769e+308,4,5,6,7,8,9,1.79769e+308,1.79769e+308,14,15,16,1.79769e+308,1.79769e+308,19,7,6,5,4,3,2,3,1.79769e+308,1.79769e+308,8,9,10,11,12,13,1.79769e+308,15,16,17,18,1.79769e+308,1.79769e+308,4,3,2,1,2,3,4,1.79769e+308,8,9,10,11,12,13,14,15,16,17,5,4,3,2,1,0,1,2,3,1.79769e+308,7,8,1.79769e+308,1.79769e+308,13,14,1.79769e+308,16,17,1.79769e+308,6,1.79769e+308,4,3,2,1,2,3,4,5,6,1.79769e+308,1.79769e+308,15,14,15,16,17,1.79769e+308,19,1.79769e+308,6,5,4,3,2,3,4,5,6,7,8,9,1.79769e+308,13,1.79769e+308,1.79769e+308,16,17,18,8,7,1.79769e+308,5,4,1.79769e+308,4,5,6,1.79769e+308,8,9,10,11,12,13,14,15,16,17,9,8,9,1.79769e+308,5,6,5,6,7,8,1.79769e+308,10,11,1.79769e+308,13,14,15,1.79769e+308,17,1.79769e+308,10,1.79769e+308,8,7,6,1.79769e+308,6,7,8,9,10,11,12,13,1.79769e+308,15,16,17,18,19,11,12,1.79769e+308,8,7,8,7,1.79769e+308,9,10,11,1.79769e+308,1.79769e+308,1.79769e+308,1.79769e+308,16,17,1.79769e+308,19,20,1.79769e+308,11,10,9,8,9,1.79769e+308,11,10,11,12,1.79769e+308,20,19,18,17,18,19,20,21,15,1.79769e+308,11,10,9,10,1.79769e+308,12,11,12,13,1.79769e+308,21,20,19,18,19,20,21,22,14,13,12,1.79769e+308,10,1.79769e+308,14,13,12,13,14,1.79769e+308,1.79769e+308,21,20,19,20,21,22,23,15,14,13,12,11,12,13,14,13,14,15,1.79769e+308,1.79769e+308,20,1.79769e+308,20,21,22,23,24,16,15,14,13,12,13,14,15,1.79769e+308,15,16,17,18,19,20,21,22,23,24,25,17,1.79769e+308,1.79769e+308,14,13,14,15,16,17,16,17,18,19,1.79769e+308,21,22,23,24,25,26,18,17,16,15,14,15,16,17,1.79769e+308,17,18,19,20,1.79769e+308,22,23,24,25,26,27,1.79769e+308,18,1.79769e+308,16,15,16,17,18,19,18,19,20,21,22,23,24,1.79769e+308,1.79769e+308,1.79769e+308,28,1.79769e+308,1.79769e+308,18,17,16,17,18,19,20,19,20,21,22,23,24,25,26,27,28,29,
84
8,7,6,1.79769e+308,1.79769e+308,1.79769e+308,6,7,1.79769e+308,9,10,1.79769e+308,1.79769e+308,1.79769e+308,1.79769e+308,17,18,1.79769e+308,22,21,1.79769e+308,6,5,4,3,1.79769e+308,5,6,7,8,9,10,1.79769e+308,1.79769e+308,15,16,17,1.79769e+308,1.79769e+308,20,6,5,4,3,2,3,4,1.79769e+308,1.79769e+308,9,10,11,12,13,14,1.79769e+308,16,17,18,19,1.79769e+308,1.79769e+308,3,2,1,2,3,4,5,1.79769e+308,9,10,11,12,13,14,15,16,17,18,4,3,2,1,0,1,2,3,4,1.79769e+308,8,9,1.79769e+308,1.79769e+308,14,15,1.79769e+308,17,18,1.79769e+308,5,1.79769e+308,3,2,1,2,3,4,5,6,7,1.79769e+308,1.79769e+308,16,15,16,17,18,1.79769e+308,20,1.79769e+308,5,4,3,2,3,4,5,6,7,8,9,10,1.79769e+308,14,1.79769e+308,1.79769e+308,17,18,19,7,6,1.79769e+308,4,3,1.79769e+308,5,6,7,1.79769e+308,9,10,11,12,13,14,15,16,17,18,8,7,8,1.79769e+308,4,5,6,7,8,9,1.79769e+308,11,12,1.79769e+308,14,15,16,1.79769e+308,18,1.79769e+308,9,1.79769e+308,7,6,5,1.79769e+308,7,8,9,10,11,12,13,14,1.79769e+308,16,17,18,19,20,10,11,1.79769e+308,7,6,7,8,1.79769e+308,10,11,12,1.79769e+308,1.79769e+308,1.79769e+308,1.79769e+308,17,18,1.79769e+308,20,21,1.79769e+308,10,9,8,7,8,1.79769e+308,12,11,12,13,1.79769e+308,21,20,19,18,19,20,21,22,14,1.79769e+308,10,9,8,9,1.79769e+308,13,12,13,14,1.79769e+308,22,21,20,19,20,21,22,23,13,12,11,1.79769e+308,9,1.79769e+308,13,14,13,14,15,1.79769e+308,1.79769e+308,22,21,20,21,22,23,24,14,13,12,11,10,11,12,13,14,15,16,1.79769e+308,1.79769e+308,21,1.79769e+308,21,22,23,24,25,15,14,13,12,11,12,13,14,1.79769e+308,16,17,18,19,20,21,22,23,24,25,26,16,1.79769e+308,1.79769e+308,13,12,13,14,15,16,17,18,19,20,1.79769e+308,22,23,24,25,26,27,17,16,15,14,13,14,15,16,1.79769e+308,18,19,20,21,1.79769e+308,23,24,25,26,27,28,1.79769e+308,17,1.79769e+308,15,14,15,16,17,18,19,20,21,22,23,24,25,1.79769e+308,1.79769e+308,1.79769e+308,29,1.79769e+308,1.79769e+308,17,16,15,16,17,18,19,20,21,22,23,24,25,26,27,28,29,30,
275
28,27,26,1.79769e+308,1.79769e+308,1.79769e+308,22,21,1.79769e+308,19,18,1.79769e+308,1.79769e+308,1.79769e+308,1.79769e+308,15,16,1.79769e+308,18,17,1.79769e+308,26,25,24,23,1.79769e+308,21,20,19,18,17,16,1.79769e+308,1.79769e+308,13,14,15,1.79769e+308,1.79769e+308,16,26,25,24,23,22,21,20,1.79769e+308,1.79769e+308,17,16,15,14,13,12,1.79769e+308,14,13,14,15,1.79769e+308,1.79769e+308,23,22,21,20,19,18,17,1.79769e+308,15,14,13,12,11,12,13,12,13,14,24,23,22,21,20,19,18,17,16,1.79769e+308,14,15,1.79769e+308,1.79769e+308,10,11,1.79769e+308,11,12,1.79769e+308,25,1.79769e+308,21,20,19,18,17,16,15,14,13,1.79769e+308,1.79769e+308,10,9,10,11,10,1.79769e+308,12,1.79769e+308,21,20,19,18,17,16,15,14,13,12,11,10,1.79769e+308,8,1.79769e+308,1.79769e+308,9,10,11,23,22,1.79769e+308,20,19,1.79769e+308,17,16,15,1.79769e+308,11,10,9,8,7,6,7,8,9,10,24,23,22,1.79769e+308,20,19,18,17,16,15,1.79769e+308,11,10,1.79769e+308,6,5,6,1.79769e+308,8,1.79769e+308,23,1.79769e+308,21,20,19,1.79769e+308,17,16,15,14,13,12,11,12,1.79769e+308,4,5,6,7,8,22,21,1.79769e+308,19,18,19,18,1.79769e+308,14,13,12,1.79769e+308,1.79769e+308,1.79769e+308,1.79769e+308,3,4,1.79769e+308,6,7,1.79769e+308,20,19,18,17,18,1.79769e+308,14,13,12,11,1.79769e+308,5,4,3,2,3,4,5,6,20,1.79769e+308,18,17,16,17,1.79769e+308,13,12,11,10,1.79769e+308,4,3,2,1,2,3,4,5,19,18,17,1.79769e+308,15,1.79769e+308,13,12,11,10,9,1.79769e+308,1.79769e+308,2,1,0,1,2,3,4,18,17,16,15,14,13,12,11,10,9,8,1.79769e+308,1.79769e+308,3,1.79769e+308,1,2,3,4,5,19,18,17,16,15,14,13,12,1.79769e+308,8,7,6,5,4,3,2,3,4,5,6,20,1.79769e+308,1.79769e+308,15,14,13,12,11,10,9,8,7,6,1.79769e+308,4,3,4,5,6,7,19,18,17,16,15,14,13,12,1.79769e+308,10,9,8,7,1.79769e+308,5,4,5,6,7,8,1.79769e+308,19,1.79769e+308,17,16,15,14,13,12,11,10,9,8,7,6,5,1.79769e+308,1.79769e+308,1.79769e+308,9,1.79769e+308,1.79769e+308,19,18,17,16,15,14,13,12,11,10,9,8,7,6,7,8,9,10,
82
6,5,4,1.79769e+308,1.79769e+308,1.79769e+308,8,9,1.79769e+308,11,12,1.79769e+308,1.79769e+308,1.79769e+308,1.79769e+308,19,20,1.79769e+308,24,23,1.79769e+308,4,3,4,5,1.79769e+308,7,8,9,10,11,12,1.79769e+308,1.79769e+308,17,18,19,1.79769e+308,1.79769e+308,22,4,3,2,3,4,5,6,1.79769e+308,1.79769e+308,11,12,13,14,15,16,1.79769e+308,18,19,20,21,1.79769e+308,1.79769e+308,1,2,3,4,5,6,7,1.79769e+308,11,12,13,14,15,16,17,18,19,20,2,1,0,1,2,3,4,5,6,1.79769e+308,10,11,1.79769e+308,1.79769e+308,16,17,1.79769e+308,19,20,1.79769e+308,3,1.79769e+308,1,2,3,4,5,6,7,8,9,1.79769e+308,1.79769e+308,18,17,18,19,20,1.79769e+308,22,1.79769e+308,3,2,3,4,5,6,7,8,9,10,11,12,1.79769e+308,16,1.79769e+308,1.79769e+308,19,20,21,5,4,1.79769e+308,4,5,1.79769e+308,7,8,9,1.79769e+308,11,12,13,14,15,16,17,18,19,20,6,5,6,1.79769e+308,6,7,8,9,10,11,1.79769e+308,13,14,1.79769e+308,16,17,18,1.79769e+308,20,1.79769e+308,7,1.79769e+308,7,8,7,1.79769e+308,9,10,11,12,13,14,15,16,1.79769e+308,18,19,20,21,22,8,9,1.79769e+308,9,8,9,10,1.79769e+308,12,13,14,1.79769e+308,1.79769e+308,1.79769e+308,1.79769e+308,19,20,1.79769e+308,22,23,1.79769e+308,10,11,10,9,10,1.79769e+308,14,13,14,15,1.79769e+308,23,22,21,20,21,22,23,24,16,1.79769e+308,12,11,10,11,1.79769e+308,15,14,15,16,1.79769e+308,24,23,22,21,22,23,24,25,15,14,13,1.79769e+308,11,1.79769e+308,15,16,15,16,17,1.79769e+308,1.79769e+308,24,23,22,23,24,25,26,16,15,14,13,12,13,14,15,16,17,18,1.79769e+308,1.79769e+308,23,1.79769e+308,23,24,25,26,27,17,16,15,14,13,14,15,16,1.79769e+308,18,19,20,21,22,23,24,25,26,27,28,18,1.79769e+308,1.79769e+308,15,14,15,16,17,18,19,20,21,22,1.79769e+308,24,25,26,27,28,29,19,18,17,16,15,16,17,18,1.79769e+308,20,21,22,23,1.79769e+308,25,26,27,28,29,30,1.79769e+308,19,1.79769e+308,17,16,17,18,19,20,21,22,23,24,25,26,27,1.79769e+308,1.79769e+308,1.79769e+308,31,1.79769e+308,1.79769e+308,19,18,17,18,19,20,21,22,23,24,25,26,27,28,29,30,31,32,
78
23,22,21,1.79769e+308,1.79769e+308,1.79769e+308,15,14,1.79769e+308,12,11,1.79769e+308,1.79769e+308,1.79769e+308,1.79769e+308,6,5,1.79769e+308,5,4,1.79769e+308,21,20,19,18,1.79769e+308,14,13,12,11,10,9,1.79769e+308,1.79769e+308,6,5,4,1.79769e+308,1.79769e+308,3,21,20,19,18,17,16,15,1.79769e+308,1.79769e+308,10,9,8,7,6,5,1.79769e+308,3,2,1,2,1.79769e+308,1.79769e+308,20,19,18,17,16,15,14,1.79769e+308,8,7,6,5,4,3,2,1,0,1,21,20,19,18,17,16,15,14,13,1.79769e+308,9,8,1.79769e+308,1.79769e+308,5,4,1.79769e+308,2,1,1.79769e+308,22,1.79769e+308,18,17,16,15,14,13,12,11,10,1.79769e+308,1.79769e+308,7,6,5,4,3,1.79769e+308,7,1.79769e+308,20,19,18,17,16,15,14,13,12,11,12,11,1.79769e+308,7,1.79769e+308,1.79769e+308,4,5,6,22,21,1.79769e+308,19,18,1.79769e+308,16,15,14,1.79769e+308,12,11,10,9,8,7,6,5,6,7,23,22,23,1.79769e+308,19,18,17,16,15,16,1.79769e+308,12,11,1.79769e+308,9,8,7,1.79769e+308,7,1.79769e+308,24,1.79769e+308,22,21,20,1.79769e+308,18,17,16,15,14,13,12,13,1.79769e+308,9,8,9,8,9,25,26,1.79769e+308,22,21,20,19,1.79769e+308,17,16,15,1.79769e+308,1.79769e+308,1.79769e+308,1.79769e+308,10,9,1.79769e+308,9,10,1.79769e+308,25,24,23,22,21,1.79769e+308,19,18,17,16,1.79769e+308,14,13,12,11,10,11,10,11,29,1.79769e+308,25,24,23,22,1.79769e+308,20,19,18,17,1.79769e+308,15,14,13,12,11,12,11,12,28,27,26,1.79769e+308,24,1.79769e+308,22,21,20,19,18,1.79769e+308,1.79769e+308,15,14,13,12,13,12,13,29,28,27,26,25,24,23,22,21,20,19,1.79769e+308,1.79769e+308,16,1.79769e+308,14,13,14,13,14,30,29,28,27,26,25,24,23,1.79769e+308,21,20,19,18,17,16,15,14,15,14,15,31,1.79769e+308,1.79769e+308,28,27,26,25,24,23,22,21,20,19,1.79769e+308,17,16,15,16,15,16,32,31,30,29,28,27,26,25,1.79769e+308,23,22,21,20,1.79769e+308,18,17,16,17,16,17,1.79769e+308,32,1.79769e+308,30,29,28,27,26,25,24,23,22,21,20,19,18,1.79769e+308,1.79769e+308,1.79769e+308,18,1.79769e+308,1.79769e+308,32,31,30,29,28,27,26,25,24,23,22,21,20,19,20,21,20,19,
70
15,14,13,1.79769e+308,1.79769e+308,1.79769e+308,7,6,1.79769e+308,4,3,1.79769e+308,1.79769e+308,1.79769e+308,1.79769e+308,8,9,1.79769e+308,13,12,1.79769e+308,13,12,11,10,1.79769e+308,6,5,4,3,2,3,1.79769e+308,1.79769e+308,6,7,8,1.79769e+308,1.79769e+308,11,13,12,11,10,9,8,7,1.79769e+308,1.79769e+308,2,1,2,3,4,5,1.79769e+308,7,8,9,10,1.79769e+308,1.79769e+308,12,11,10,9,8,7,6,1.79769e+308,0,1,2,3,4,5,6,7,8,9,13,12,11,10,9,8,7,6,5,1.79769e+308,1,2,1.79769e+308,1.79769e+308,5,6,1.79769e+308,8,9,1.79769e+308,14,1.79769e+308,10,9,8,7,6,5,4,3,2,1.79769e+308,1.79769e+308,7,6,7,8,9,1.79769e+308,13,1.79769e+308,12,11,10,9,8,7,6,5,4,3,4,5,1.79769e+308,7,1.79769e+308,1.79769e+308,10,11,12,14,13,1.79769e+308,11,10,1.79769e+308,8,7,6,1.79769e+308,4,5,6,7,8,9,10,11,12,13,15,14,15,1.79769e+308,11,10,9,8,7,8,1.79769e+308,6,7,1.79769e+308,9,10,11,1.79769e+308,13,1.79769e+308,16,1.79769e+308,14,13,12,1.79769e+308,10,9,8,9,8,7,8,9,1.79769e+308,11,12,13,14,15,17,18,1.79769e+308,14,13,12,11,1.79769e+308,9,10,9,1.79769e+308,1.79769e+308,1.79769e+308,1.79769e+308,12,13,1.79769e+308,15,16,1.79769e+308,17,16,15,14,13,1.79769e+308,11,10,11,10,1.79769e+308,16,15,14,13,14,15,16,17,21,1.79769e+308,17,16,15,14,1.79769e+308,12,11,12,11,1.79769e+308,17,16,15,14,15,16,17,18,20,19,18,1.79769e+308,16,1.79769e+308,14,13,12,13,12,1.79769e+308,1.79769e+308,17,16,15,16,17,18,19,21,20,19,18,17,16,15,14,13,14,13,1.79769e+308,1.79769e+308,18,1.79769e+308,16,17,18,19,20,22,21,20,19,18,17,16,15,1.79769e+308,15,14,15,16,17,18,17,18,19,20,21,23,1.79769e+308,1.79769e+308,20,19,18,17,16,17,16,15,16,17,1.79769e+308,19,18,19,20,21,22,24,23,22,21,20,19,18,17,1.79769e+308,17,16,17,18,1.79769e+308,20,19,20,21,22,23,1.79769e+308,24,1.79769e+308,22,21,20,19,18,19,18,17,18,19,20,21,20,1.79769e+308,1.79769e+308,1.79769e+308,24,1.79769e+308,1.79769e+308,24,23,22,21,20,19,20,19,18,19,20,21,22,21,22,23,24,25,
260
21,20,19,1.79769e+308,1.79769e+308,1.79769e+308,19,20,1.79769e+308,22,23,1.79769e+308,1.79769e+308,1.79769e+308,1.79769e+308,28,29,1.79769e+308,33,32,1.79769e+308,19,18,17,16,1.79769e+308,18,19,20,21,22,23,1.79769e+308,1.79769e+308,26,27,28,1.79769e+308,1.79769e+308,31,19,18,17,16,15,16,17,1.79769e+308,1.79769e+308,22,21,22,23,24,25,1.79769e+308,27,28,29,30,1.79769e+308,1.79769e+308,16,15,14,15,16,17,18,1.79769e+308,20,21,22,23,24,25,26,27,28,29,17,16,15,14,13,14,15,16,17,1.79769e+308,19,20,1.79769e+308,1.79769e+308,23,24,1.79769e+308,26,27,1.79769e+308,18,1.79769e+308,14,13,12,13,14,15,16,17,18,1.79769e+308,1.79769e+308,23,22,23,24,25,1.79769e+308,27,1.79769e+308,12,13,12,11,12,13,14,15,16,17,18,19,1.79769e+308,21,1.79769e+308,1.79769e+308,24,25,26,10,11,1.79769e+308,11,10,1.79769e+308,12,13,14,1.79769e+308,18,17,18,19,20,21,22,23,24,25,9,10,9,1.79769e+308,9,10,11,12,13,14,1.79769e+308,16,17,1.79769e+308,21,22,23,1.79769e+308,25,1.79769e+308,8,1.79769e+308,8,7,8,1.79769e+308,10,11,12,13,14,15,16,17,1.79769e+308,23,24,25,26,27,7,6,1.79769e+308,6,7,8,9,1.79769e+308,13,14,15,1.79769e+308,1.79769e+308,1.79769e+308,1.79769e+308,22,23,1.79769e+308,25,26,1.79769e+308,5,4,5,6,7,1.79769e+308,11,12,13,14,1.79769e+308,20,19,20,21,22,23,24,25,1,1.79769e+308,3,4,5,6,1.79769e+308,10,11,12,13,1.79769e+308,19,18,19,20,21,22,23,24,0,1,2,1.79769e+308,6,1.79769e+308,8,9,10,11,12,1.79769e+308,1.79769e+308,17,18,19,20,21,22,23,1,2,3,4,5,6,7,8,9,10,11,1.79769e+308,1.79769e+308,16,1.79769e+308,18,19,20,21,22,2,3,4,5,6,7,8,9,1.79769e+308,11,12,13,14,15,16,17,18,19,20,21,3,1.79769e+308,1.79769e+308,6,7,8,9,10,11,12,13,14,15,1.79769e+308,17,18,19,20,21,22,4,5,6,7,8,9,10,11,1.79769e+308,13,14,15,16,1.79769e+308,18,19,20,21,22,23,1.79769e+308,6,1.79769e+308,8,9,10,11,12,13,14,15,16,17,18,19,20,1.79769e+308,1.79769e+308,1.79769e+308,24,1.79769e+308,1.79769e+308,10,9,10,11,12,13,14,15,16,17,18,19,20,21,22,23,24,25,
67
10,9,8,1.79769e+308,1.79769e+308,1.79769e+308,4,5,1.79769e+308,7,8,1.79769e+308,1.79769e+308,1.79769e+308,1.79769e+308,15,16,1.79769e+308,20,19,1.79769e+308,8,7,6,5,1.79769e+308,3,4,5,6,7,8,1.79769e+308,1.79769e+308,13,14,15,1.79769e+308,1.79769e+308,18,8,7,6,5,4,3,2,1.79769e+308,1.79769e+308,7,8,9,10,11,12,1.79769e+308,14,15,16,17,1.79769e+308,1.79769e+308,5,4,3,2,1,0,1,1.79769e+308,7,8,9,10,11,12,13,14,15,16,8,7,6,5,4,3,2,1,2,1.79769e+308,6,7,1.79769e+308,1.79769e+308,12,13,1.79769e+308,15,16,1.79769e+308,9,1.79769e+308,7,6,5,4,3,2,3,4,5,1.79769e+308,1.79769e+308,14,13,14,15,16,1.79769e+308,18,1.79769e+308,9,8,7,6,5,4,3,4,5,6,7,8,1.79769e+308,12,1.79769e+308,1.79769e+308,15,16,17,11,10,1.79769e+308,8,7,1.79769e+308,5,4,5,1.79769e+308,7,8,9,10,11,12,13,14,15,16,12,11,12,1.79769e+308,8,7,6,5,6,7,1.79769e+308,9,10,1.79769e+308,12,13,14,1.79769e+308,16,1.79769e+308,13,1.79769e+308,11,10,9,1.79769e+308,7,6,7,8,9,10,11,12,1.79769e+308,14,15,16,17,18,14,15,1.79769e+308,11,10,9,8,1.79769e+308,8,9,10,1.79769e+308,1.79769e+308,1.79769e+308,1.79769e+308,15,16,1.79769e+308,18,19,1.79769e+308,14,13,12,11,10,1.79769e+308,10,9,10,11,1.79769e+308,19,18,17,16,17,18,19,20,18,1.79769e+308,14,13,12,11,1.79769e+308,11,10,11,12,1.79769e+308,20,19,18,17,18,19,20,21,17,16,15,1.79769e+308,13,1.79769e+308,13,12,11,12,13,1.79769e+308,1.79769e+308,20,19,18,19,20,21,22,18,17,16,15,14,15,14,13,12,13,14,1.79769e+308,1.79769e+308,19,1.79769e+308,19,20,21,22,23,19,18,17,16,15,16,15,14,1.79769e+308,14,15,16,17,18,19,20,21,22,23,24,20,1.79769e+308,1.79769e+308,17,16,17,16,15,16,15,16,17,18,1.79769e+308,20,21,22,23,24,25,21,20,19,18,17,18,17,16,1.79769e+308,16,17,18,19,1.79769e+308,21,22,23,24,25,26,1.79769e+308,21,1.79769e+308,19,18,19,18,17,18,17,18,19,20,21,22,23,1.79769e+308,1.79769e+308,1.79769e+308,27,1.79769e+308,1.79769e+308,21,20,19,20,19,18,19,18,19,20,21,22,23,24,25,26,27,28,
259
31,30,29,1.79769e+308,1.79769e+308,1.79769e+308,25,24,1.79769e+308,22,21,1.79769e+308,1.79769e+308,1.79769e+308,1.79769e+308,16,15,1.79769e+308,17,16,1.79769e+308,29,28,27,26,1.79769e+308,24,23,22,21,20,19,1.79769e+308,1.79769e+308,16,15,14,1.79769e+308,1.79769e+308,15,29,28,27,26,25,24,23,1.79769e+308,1.79769e+308,20,19,18,17,16,15,1.79769e+308,13,12,13,14,1.79769e+308,1.79769e+308,26,25,24,23,22,21,20,1.79769e+308,18,17,16,15,14,13,12,11,12,13,27,26,25,24,23,22,21,20,19,1.79769e+308,17,18,1.79769e+308,1.79769e+308,13,12,1.79769e+308,10,11,1.79769e+308,28,1.79769e+308,24,23,22,21,20,19,18,17,16,1.79769e+308,1.79769e+308,13,12,11,10,9,1.79769e+308,9,1.79769e+308,24,23,22,21,20,19,18,17,16,15,14,13,1.79769e+308,11,1.79769e+308,1.79769e+308,8,7,8,26,25,1.79769e+308,23,22,1.79769e+308,20,19,18,1.79769e+308,14,13,12,11,10,9,8,7,6,7,27,26,27,1.79769e+308,23,22,21,20,19,18,1.79769e+308,14,13,1.79769e+308,9,8,7,1.79769e+308,5,1.79769e+308,28,1.79769e+308,26,25,24,1.79769e+308,20,19,18,17,16,15,14,15,1.79769e+308,7,6,5,4,3,27,26,1.79769e+308,24,23,22,21,1.79769e+308,19,18,17,1.79769e+308,1.79769e+308,1.79769e+308,1.79769e+308,6,5,1.79769e+308,3,2,1.79769e+308,25,24,23,22,23,1.79769e+308,19,18,17,16,1.79769e+308,8,7,6,5,4,3,2,1,25,1.79769e+308,23,22,21,22,1.79769e+308,18,17,16,15,1.79769e+308,7,6,5,4,3,2,1,0,24,23,22,1.79769e+308,20,1.79769e+308,18,17,16,15,14,1.79769e+308,1.79769e+308,7,6,5,4,3,2,1,23,22,21,20,19,18,17,16,15,14,13,1.79769e+308,1.79769e+308,8,1.79769e+308,6,5,4,3,2,24,23,22,21,20,19,18,17,1.79769e+308,13,12,11,10,9,8,7,6,5,4,3,25,1.79769e+308,1.79769e+308,20,19,18,17,16,15,14,13,12,11,1.79769e+308,9,8,7,6,5,4,24,23,22,21,20,19,18,17,1.79769e+308,15,14,13,12,1.79769e+308,10,9,8,7,6,5,1.79769e+308,24,1.79769e+308,22,21,20,19,18,17,16,15,14,13,12,11,10,1.79769e+308,1.79769e+308,1.79769e+308,6,1.79769e+308,1.79769e+308,24,23,22,21,20,19,18,17,16,15,14,13,12,11,10,9,8,7,
66
9,8,7,1.79769e+308,1.79769e+308,1.79769e+308,3,4,1.79769e+308,6,7,1.79769e+308,1.79769e+308,1.79769e+308,1.79769e+308,14,15,1.79769e+308,21,20,1.79769e+308,7,6,5,4,1.79769e+308,2,3,4,5,6,7,1.79769e+308,1.79769e+308,12,13,14,1.79769e+308,1.79769e+308,19,7,6,5,4,3,2,1,1.79769e+308,1.79769e+308,6,7,8,9,10,11,1.79769e+308,15,16,17,18,1.79769e+308,1.79769e+308,4,3,2,1,0,1,2,1.79769e+308,8,9,10,11,12,13,14,15,16,17,7,6,5,4,3,2,1,2,3,1.79769e+308,7,8,1.79769e+308,1.79769e+308,13,14,1.79769e+308,16,17,1.79769e+308,8,1.79769e+308,6,5,4,3,2,3,4,5,6,1.79769e+308,1.79769e+308,15,14,15,16,17,1.79769e+308,19,1.79769e+308,8,7,6,5,4,3,4,5,6,7,8,9,1.79769e+308,13,1.79769e+308,1.79769e+308,16,17,18,10,9,1.79769e+308,7,6,1.79769e+308,4,5,6,1.79769e+308,8,9,10,11,12,13,14,15,16,17,11,10,11,1.79769e+308,7,6,5,6,7,8,1.79769e+308,10,11,1.79769e+308,13,14,15,1.79769e+308,17,1.79769e+308,12,1.79769e+308,10,9,8,1.79769e+308,6,7,8,9,10,11,12,13,1.79769e+308,15,16,17,18,19,13,14,1.79769e+308,10,9,8,7,1.79769e+308,9,10,11,1.79769e+308,1.79769e+308,1.79769e+308,1.79769e+308,16,17,1.79769e+308,19,20,1.79769e+308,13,12,11,10,9,1.79769e+308,11,10,11,12,1.79769e+308,20,19,18,17,18,19,20,21,17,1.79769e+308,13,12,11,10,1.79769e+308,12,11,12,13,1.79769e+308,21,20,19,18,19,20,21,22,16,15,14,1.79769e+308,12,1.79769e+308,14,13,12,13,14,1.79769e+308,1.79769e+308,21,20,19,20,21,22,23,17,16,15,14,13,14,15,14,13,14,15,1.79769e+308,1.79769e+308,20,1.79769e+308,20,21,22,23,24,18,17,16,15,14,15,16,15,1.79769e+308,15,16,17,18,19,20,21,22,23,24,25,19,1.79769e+308,1.79769e+308,16,15,16,17,16,17,16,17,18,19,1.79769e+308,21,22,23,24,25,26,20,19,18,17,16,17,18,17,1.79769e+308,17,18,19,20,1.79769e+308,22,23,24,25,26,27,1.79769e+308,20,1.79769e+308,18,17,18,19,18,19,18,19,20,21,22,23,24,1.79769e+308,1.79769e+308,1.79769e+308,28,1.79769e+308,1.79769e+308,20,19,18,19,20,19,20,19,20,21,22,23,24,25,26,27,28,29,
258
30,29,28,1.79769e+308,1.79769e+308,1.79769e+308,24,23,1.79769e+308,21,20,1.79769e+308,1.79769e+308,1.79769e+308,1.79769e+308,15,14,1.79769e+308,16,15,1.79769e+308,28,27,26,25,1.79769e+308,23,22,21,20,19,18,1.79769e+308,1.79769e+308,15,14,13,1.79769e+308,1.79769e+308,14,28,27,26,25,24,23,22,1.79769e+308,1.79769e+308,19,18,17,16,15,14,1.79769e+308,12,11,12,13,1.79769e+308,1.79769e+308,25,24,23,22,21,20,19,1.79769e+308,17,16,15,14,13,12,11,10,11,12,26,25,24,23,22,21,20,19,18,1.79769e+308,16,17,1.79769e+308,1.79769e+308,12,11,1.79769e+308,9,10,1.79769e+308,27,1.79769e+308,23,22,21,20,19,18,17,16,15,1.79769e+308,1.79769e+308,12,11,10,9,8,1.79769e+308,8,1.79769e+308,23,22,21,20,19,18,17,16,15,14,13,12,1.79769e+308,10,1.79769e+308,1.79769e+308,7,6,7,25,24,1.79769e+308,22,21,1.79769e+308,19,18,17,1.79769e+308,13,12,11,10,9,8,7,6,5,6,26,25,26,1.79769e+308,22,21,20,19,18,17,1.79769e+308,13,12,1.79769e+308,8,7,6,1.79769e+308,4,1.79769e+308,27,1.79769e+308,25,24,23,1.79769e+308,19,18,17,16,15,14,13,14,1.79769e+308,6,5,4,3,4,26,25,1.79769e+308,23,22,21,20,1.79769e+308,18,17,16,1.79769e+308,1.79769e+308,1.79769e+308,1.79769e+308,5,4,1.79769e+308,2,3,1.79769e+308,24,23,22,21,22,1.79769e+308,18,17,16,15,1.79769e+308,7,6,5,4,3,2,1,2,24,1.79769e+308,22,21,20,21,1.79769e+308,17,16,15,14,1.79769e+308,6,5,4,3,2,1,0,1,23,22,21,1.79769e+308,19,1.79769e+308,17,16,15,14,13,1.79769e+308,1.79769e+308,6,5,4,3,2,1,2,22,21,20,19,18,17,16,15,14,13,12,1.79769e+308,1.79769e+308,7,1.79769e+308,5,4,3,2,3,23,22,21,20,19,18,17,16,1.79769e+308,12,11,10,9,8,7,6,5,4,3,4,24,1.79769e+308,1.79769e+308,19,18,17,16,15,14,13,12,11,10,1.79769e+308,8,7,6,5,4,5,23,22,21,20,19,18,17,16,1.79769e+308,14,13,12,11,1.79769e+308,9,8,7,6,5,6,1.79769e+308,23,1.79769e+308,21,20,19,18,17,16,15,14,13,12,11,10,9,1.79769e+308,1.79769e+308,1.79769e+308,7,1.79769e+308,1.79769e+308,23,22,21,20,19,18,17,16,15,14,13,12,11,10,11,10,9,8,
65
8,7,6,1.79769e+308,1.79769e+308,1.79769e+308,4,5,1.79769e+308,7,8,1.79769e+308,1.79769e+308,1.79769e+308,1.79769e+308,15,16,1.79769e+308,22,21,1.79769e+308,6,5,4,3,1.79769e+308,3,4,5,6,7,8,1.79769e+308,1.79769e+308,13,14,15,1.79769e+308,1.79769e+308,20,6,5,4,3,2,1,2,1.79769e+308,1.79769e+308,7,8,9,10,11,12,1.79769e+308,16,17,18,19,1.79769e+308,1.79769e+308,3,2,1,0,1,2,3,1.79769e+308,9,10,11,12,13,14,15,16,17,18,6,5,4,3,2,1,2,3,4,1.79769e+308,8,9,1.79769e+308,1.79769e+308,14,15,1.79769e+308,17,18,1.79769e+308,7,1.79769e+308,5,4,3,2,3,4,5,6,7,1.79769e+308,1.79769e+308,16,15,16,17,18,1.79769e+308,20,1.79769e+308,7,6,5,4,3,4,5,6,7,8,9,10,1.79769e+308,14,1.79769e+308,1.79769e+308,17,18,19,9,8,1.79769e+308,6,5,1.79769e+308,5,6,7,1.79769e+308,9,10,11,12,13,14,15,16,17,18,10,9,10,1.79769e+308,6,7,6,7,8,9,1.79769e+308,11,12,1.79769e+308,14,15,16,1.79769e+308,18,1.79769e+308,11,1.79769e+308,9,8,7,1.79769e+308,7,8,9,10,11,12,13,14,1.79769e+308,16,17,18,19,20,12,13,1.79769e+308,9,8,9,8,1.79769e+308,10,11,12,1.79769e+308,1.79769e+308,1.79769e+308,1.79769e+308,17,18,1.79769e+308,20,21,1.79769e+308,12,11,10,9,10,1.79769e+308,12,11,12,13,1.79769e+308,21,20,19,18,19,20,21,22,16,1.79769e+308,12,11,10,11,1.79769e+308,13,12,13,14,1.79769e+308,22,21,20,19,20,21,22,23,15,14,13,1.79769e+308,11,1.79769e+308,15,14,13,14,15,1.79769e+308,1.79769e+308,22,21,20,21,22,23,24,16,15,14,13,12,13,14,15,14,15,16,1.79769e+308,1.79769e+308,21,1.79769e+308,21,22,23,24,25,17,16,15,14,13,14,15,16,1.79769e+308,16,17,18,19,20,21,22,23,24,25,26,18,1.79769e+308,1.79769e+308,15,14,15,16,17,18,17,18,19,20,1.79769e+308,22,23,24,25,26,27,19,18,17,16,15,16,17,18,1.79769e+308,18,19,20,21,1.79769e+308,23,24,25,26,27,28,1.79769e+308,19,1.79769e+308,17,16,17,18,19,20,19,20,21,22,23,24,25,1.79769e+308,1.79769e+308,1.79769e+308,29,1.79769e+308,1.79769e+308,19,18,17,18,19,20,21,20,21,22,23,24,25,26,27,28,29,30,
64
7,6,5,1.79769e+308,1.79769e+308,1.79769e+308,5,6,1.79769e+308,8,9,1.79769e+308,1.79769e+308,1.79769e+308,1.79769e+308,16,17,1.79769e+308,23,22,1.79769e+308,5,4,3,2,1.79769e+308,4,5,6,7,8,9,1.79769e+308,1.79769e+308,14,15,16,1.79769e+308,1.79769e+308,21,5,4,3,2,1,2,3,1.79769e+308,1.79769e+308,8,9,10,11,12,13,1.79769e+308,17,18,19,20,1.79769e+308,1.79769e+308,2,1,0,1,2,3,4,1.79769e+308,10,11,12,13,14,15,16,17,18,19,5,4,3,2,1,2,3,4,5,1.79769e+308,9,10,1.79769e+308,1.79769e+308,15,16,1.79769e+308,18,19,1.79769e+308,6,1.79769e+308,4,3,2,3,4,5,6,7,8,1.79769e+308,1.79769e+308,17,16,17,18,19,1.79769e+308,21,1.79769e+308,6,5,4,3,4,5,6,7,8,9,10,11,1.79769e+308,15,1.79769e+308,1.79769e+308,18,19,20,8,7,1.79769e+308,5,4,1.79769e+308,6,7,8,1.79769e+308,10,11,12,13,14,15,16,17,18,19,9,8,9,1.79769e+308,5,6,7,8,9,10,1.79769e+308,12,13,1.79769e+308,15,16,17,1.79769e+308,19,1.79769e+308,10,1.79769e+308,8,7,6,1.79769e+308,8,9,10,11,12,13,14,15,1.79769e+308,17,18,19,20,21,11,12,1.79769e+308,8,7,8,9,1.79769e+308,11,12,13,1.79769e+308,1.79769e+308,1.79769e+308,1.79769e+308,18,19,1.79769e+308,21,22,1.79769e+308,11,10,9,8,9,1.79769e+308,13,12,13,14,1.79769e+308,22,21,20,19,20,21,22,23,15,1.79769e+308,11,10,9,10,1.79769e+308,14,13,14,15,1.79769e+308,23,22,21,20,21,22,23,24,14,13,12,1.79769e+308,10,1.79769e+308,14,15,14,15,16,1.79769e+308,1.79769e+308,23,22,21,22,23,24,25,15,14,13,12,11,12,13,14,15,16,17,1.79769e+308,1.79769e+308,22,1.79769e+308,22,23,24,25,26,16,15,14,13,12,13,14,15,1.79769e+308,17,18,19,20,21,22,23,24,25,26,27,17,1.79769e+308,1.79769e+308,14,13,14,15,16,17,18,19,20,21,1.79769e+308,23,24,25,26,27,28,18,17,16,15,14,15,16,17,1.79769e+308,19,20,21,22,1.79769e+308,24,25,26,27,28,29,1.79769e+308,18,1.79769e+308,16,15,16,17,18,19,20,21,22,23,24,25,26,1.79769e+308,1.79769e+308,1.79769e+308,30,1.79769e+308,1.79769e+308,18,17,16,17,18,19,20,21,22,23,24,25,26,27,28,29,30,31,
58
24,23,22,1.79769e+308,1.79769e+308,1.79769e+308,16,15,1.79769e+308,13,12,1.79769e+308,1.79769e+308,1.79769e+308,1.79769e+308,5,4,1.79769e+308,4,3,1.79769e+308,22,21,20,19,1.79769e+308,15,14,13,12,11,10,1.79769e+308,1.79769e+308,5,4,3,1.79769e+308,1.79769e+308,2,22,21,20,19,18,17,16,1.79769e+308,1.79769e+308,11,10,9,8,7,6,1.79769e+308,2,1,0,1,1.79769e+308,1.79769e+308,21,20,19,18,17,16,15,1.79769e+308,9,8,7,6,5,4,3,2,1,2,22,21,20,19,18,17,16,15,14,1.79769e+308,10,9,1.79769e+308,1.79769e+308,6,5,1.79769e+308,3,2,1.79769e+308,23,1.79769e+308,19,18,17,16,15,14,13,12,11,1.79769e+308,1.79769e+308,8,7,6,5,4,1.79769e+308,8,1.79769e+308,21,20,19,18,17,16,15,14,13,12,13,12,1.79769e+308,8,1.79769e+308,1.79769e+308,5,6,7,23,22,1.79769e+308,20,19,1.79769e+308,17,16,15,1.79769e+308,13,12,11,10,9,8,7,6,7,8,24,23,24,1.79769e+308,20,19,18,17,16,17,1.79769e+308,13,12,1.79769e+308,10,9,8,1.79769e+308,8,1.79769e+308,25,1.79769e+308,23,22,21,1.79769e+308,19,18,17,16,15,14,13,14,1.79769e+308,10,9,10,9,10,26,27,1.79769e+308,23,22,21,20,1.79769e+308,18,17,16,1.79769e+308,1.79769e+308,1.79769e+308,1.79769e+308,11,10,1.79769e+308,10,11,1.79769e+308,26,25,24,23,22,1.79769e+308,20,19,18,17,1.79769e+308,15,14,13,12,11,12,11,12,30,1.79769e+308,26,25,24,23,1.79769e+308,21,20,19,18,1.79769e+308,16,15,14,13,12,13,12,13,29,28,27,1.79769e+308,25,1.79769e+308,23,22,21,20,19,1.79769e+308,1.79769e+308,16,15,14,13,14,13,14,30,29,28,27,26,25,24,23,22,21,20,1.79769e+308,1.79769e+308,17,1.79769e+308,15,14,15,14,15,31,30,29,28,27,26,25,24,1.79769e+308,22,21,20,19,18,17,16,15,16,15,16,32,1.79769e+308,1.79769e+308,29,28,27,26,25,24,23,22,21,20,1.79769e+308,18,17,16,17,16,17,33,32,31,30,29,28,27,26,1.79769e+308,24,23,22,21,1.79769e+308,19,18,17,18,17,18,1.79769e+308,33,1.79769e+308,31,30,29,28,27,26,25,24,23,22,21,20,19,1.79769e+308,1.79769e+308,1.79769e+308,19,1.79769e+308,1.79769e+308,33,32,31,30,29,28,27,26,25,24,23,22,21,20,21,22,21,20,
250
22,21,20,1.79769e+308,1.79769e+308,1.79769e+308,16,17,1.79769e+308,15,14,1.79769e+308,1.79769e+308,1.79769e+308,1.79769e+308,17,18,1.79769e+308,22,21,1.79769e+308,20,19,18,17,1.79769e+308,15,16,15,14,13,14,1.79769e+308,1.79769e+308,15,16,17,1.79769e+308,1.79769e+308,20,20,19,18,17,16,15,14,1.79769e+308,1.79769e+308,13,12,13,14,15,14,1.79769e+308,16,17,18,19,1.79769e+308,1.79769e+308,17,16,15,14,13,12,11,1.79769e+308,11,12,13,14,13,14,15,16,17,18,18,17,16,15,14,13,12,11,10,1.79769e+308,10,11,1.79769e+308,1.79769e+308,12,13,1.79769e+308,15,16,1.79769e+308,19,1.79769e+308,15,14,13,12,11,10,9,10,9,1.79769e+308,1.79769e+308,12,11,12,13,14,1.79769e+308,16,1.79769e+308,15,14,13,12,11,10,9,8,9,8,7,8,1.79769e+308,10,1.79769e+308,1.79769e+308,13,14,15,17,16,1.79769e+308,12,11,1.79769e+308,9,8,7,1.79769e+308,7,6,7,8,9,10,11,12,13,14,16,15,14,1.79769e+308,10,9,8,7,6,5,1.79769e+308,5,6,1.79769e+308,10,11,12,1.79769e+308,14,1.79769e+308,17,1.79769e+308,13,12,11,1.79769e+308,7,6,5,4,3,4,5,6,1.79769e+308,12,13,14,15,16,16,15,1.79769e+308,11,10,9,8,1.79769e+308,4,3,2,1.79769e+308,1.79769e+308,1.79769e+308,1.79769e+308,13,14,1.79769e+308,16,17,1.79769e+308,14,13,12,11,10,1.79769e+308,4,3,2,1,1.79769e+308,11,10,11,12,13,14,15,16,14,1.79769e+308,12,11,10,11,1.79769e+308,3,2,1,0,1.79769e+308,10,9,10,11,12,13,14,15,13,12,11,1.79769e+308,9,1.79769e+308,5,4,3,2,1,1.79769e+308,1.79769e+308,8,9,10,11,12,13,14,12,11,10,9,8,7,6,5,4,3,2,1.79769e+308,1.79769e+308,7,1.79769e+308,9,10,11,12,13,13,12,11,10,9,8,7,6,1.79769e+308,4,3,4,5,6,7,8,9,10,11,12,14,1.79769e+308,1.79769e+308,11,10,9,8,7,6,5,4,5,6,1.79769e+308,8,9,10,11,12,13,15,14,13,12,11,10,9,8,1.79769e+308,6,5,6,7,1.79769e+308,9,10,11,12,13,14,1.79769e+308,15,1.79769e+308,13,12,11,10,9,8,7,6,7,8,9,10,11,1.79769e+308,1.79769e+308,1.79769e+308,15,1.79769e+308,1.79769e+308,15,14,13,12,11,10,9,8,7,8,9,10,11,12,13,14,15,16,
57
23,22,21,1.79769e+308,1.79769e+308,1.79769e+308,15,14,1.79769e+308,12,11,1.79769e+308,1.79769e+308,1.79769e+308,1.79769e+308,4,3,1.79769e+308,5,4,1.79769e+308,21,20,19,18,1.79769e+308,14,13,12,11,10,9,1.79769e+308,1.79769e+308,4,3,2,1.79769e+308,1.79769e+308,3,21,20,19,18,17,16,15,1.79769e+308,1.79769e+308,10,9,8,7,6,5,1.79769e+308,1,0,1,2,1.79769e+308,1.79769e+308,20,19,18,17,16,15,14,1.79769e+308,8,7,6,5,4,3,2,1,2,3,21,20,19,18,17,16,15,14,13,1.79769e+308,9,8,1.79769e+308,1.79769e+308,5,4,1.79769e+308,2,3,1.79769e+308,22,1.79769e+308,18,17,16,15,14,13,12,11,10,1.79769e+308,1.79769e+308,7,6,5,4,3,1.79769e+308,7,1.79769e+308,20,19,18,17,16,15,14,13,12,11,12,11,1.79769e+308,7,1.79769e+308,1.79769e+308,4,5,6,22,21,1.79769e+308,19,18,1.79769e+308,16,15,14,1.79769e+308,12,11,10,9,8,7,6,5,6,7,23,22,23,1.79769e+308,19,18,17,16,15,16,1.79769e+308,12,11,1.79769e+308,9,8,7,1.79769e+308,7,1.79769e+308,24,1.79769e+308,22,21,20,1.79769e+308,18,17,16,15,14,13,12,13,1.79769e+308,9,8,9,8,9,25,26,1.79769e+308,22,21,20,19,1.79769e+308,17,16,15,1.79769e+308,1.79769e+308,1.79769e+308,1.79769e+308,10,9,1.79769e+308,9,10,1.79769e+308,25,24,23,22,21,1.79769e+308,19,18,17,16,1.79769e+308,14,13,12,11,10,11,10,11,29,1.79769e+308,25,24,23,22,1.79769e+308,20,19,18,17,1.79769e+308,15,14,13,12,11,12,11,12,28,27,26,1.79769e+308,24,1.79769e+308,22,21,20,19,18,1.79769e+308,1.79769e+308,15,14,13,12,13,12,13,29,28,27,26,25,24,23,22,21,20,19,1.79769e+308,1.79769e+308,16,1.79769e+308,14,13,14,13,14,30,29,28,27,26,25,24,23,1.79769e+308,21,20,19,18,17,16,15,14,15,14,15,31,1.79769e+308,1.79769e+308,28,27,26,25,24,23,22,21,20,19,1.79769e+308,17,16,15,16,15,16,32,31,30,29,28,27,26,25,1.79769e+308,23,22,21,20,1.79769e+308,18,17,16,17,16,17,1.79769e+308,32,1.79769e+308,30,29,28,27,26,25,24,23,22,21,20,19,18,1.79769e+308,1.79769e+308,1.79769e+308,18,1.79769e+308,1.79769e+308,32,31,30,29,28,27,26,25,24,23,22,21,20,19,20,21,20,19,
244
16,15,14,1.79769e+308,1.79769e+308,1.79769e+308,14,15,1.79769e+308,17,18,1.79769e+308,1.79769e+308,1.79769e+308,1.79769e+308,23,24,1.79769e+308,28,27,1.79769e+308,14,13,12,11,1.79769e+308,13,14,15,16,17,18,1.79769e+308,1.79769e+308,21,22,23,1.79769e+308,1.79769e+308,26,14,13,12,11,10,11,12,1.79769e+308,1.79769e+308,17,16,17,18,19,20,1.79769e+308,22,23,24,25,1.79769e+308,1.79769e+308,11,10,9,10,11,12,13,1.79769e+308,15,16,17,18,19,20,21,22,23,24,12,11,10,9,8,9,10,11,12,1.79769e+308,14,15,1.79769e+308,1.79769e+308,18,19,1.79769e+308,21,22,1.79769e+308,13,1.79769e+308,9,8,7,8,9,10,11,12,13,1.79769e+308,1.79769e+308,18,17,18,19,20,1.79769e+308,22,1.79769e+308,9,8,7,6,7,8,9,10,11,12,13,14,1.79769e+308,16,1.79769e+308,1.79769e+308,19,20,21,9,8,1.79769e+308,6,5,1.79769e+308,7,8,9,1.79769e+308,13,12,13,14,15,16,17,18,19,20,8,7,6,1.79769e+308,4,5,6,7,8,9,1.79769e+308,11,12,1.79769e+308,16,17,18,1.79769e+308,20,1.79769e+308,7,1.79769e+308,5,4,3,1.79769e+308,5,6,7,8,9,10,11,12,1.79769e+308,18,19,20,21,22,6,5,1.79769e+308,3,2,3,4,1.79769e+308,8,9,10,1.79769e+308,1.79769e+308,1.79769e+308,1.79769e+308,19,20,1.79769e+308,22,23,1.79769e+308,4,3,2,1,2,1.79769e+308,8,9,10,11,1.79769e+308,17,16,17,18,19,20,21,22,6,1.79769e+308,2,1,0,1,1.79769e+308,7,8,9,10,1.79769e+308,16,15,16,17,18,19,20,21,5,4,3,1.79769e+308,1,1.79769e+308,5,6,7,8,9,1.79769e+308,1.79769e+308,14,15,16,17,18,19,20,6,5,4,3,2,3,4,5,6,7,8,1.79769e+308,1.79769e+308,13,1.79769e+308,15,16,17,18,19,7,6,5,4,3,4,5,6,1.79769e+308,8,9,10,11,12,13,14,15,16,17,18,8,1.79769e+308,1.79769e+308,5,4,5,6,7,8,9,10,11,12,1.79769e+308,14,15,16,17,18,19,9,8,7,6,5,6,7,8,1.79769e+308,10,11,12,13,1.79769e+308,15,16,17,18,19,20,1.79769e+308,9,1.79769e+308,7,6,7,8,9,10,11,12,13,14,15,16,17,1.79769e+308,1.79769e+308,1.79769e+308,21,1.79769e+308,1.79769e+308,9,8,7,8,9,10,11,12,13,14,15,16,17,18,19,20,21,22,
51
15,14,13,1.79769e+308,1.79769e+308,1.79769e+308,7,6,1.79769e+308,4,3,1.79769e+308,1.79769e+308,1.79769e+308,1.79769e+308,6,7,1.79769e+308,13,12,1.79769e+308,13,12,11,10,1.79769e+308,6,5,4,3,2,1,1.79769e+308,1.79769e+308,4,5,6,1.79769e+308,1.79769e+308,11,13,12,11,10,9,8,7,1.79769e+308,1.79769e+308,2,1,0,1,2,3,1.79769e+308,7,8,9,10,1.79769e+308,1.79769e+308,12,11,10,9,8,9,8,1.79769e+308,2,1,2,3,4,5,6,7,8,9,15,14,13,12,11,10,9,8,7,1.79769e+308,3,2,1.79769e+308,1.79769e+308,5,6,1.79769e+308,8,9,1.79769e+308,16,1.79769e+308,12,11,10,9,8,7,6,5,4,1.79769e+308,1.79769e+308,7,6,7,8,9,1.79769e+308,13,1.79769e+308,14,13,12,11,10,9,8,7,6,5,6,7,1.79769e+308,7,1.79769e+308,1.79769e+308,10,11,12,16,15,1.79769e+308,13,12,1.79769e+308,10,9,8,1.79769e+308,6,7,8,9,8,9,10,11,12,13,17,16,17,1.79769e+308,13,12,11,10,9,10,1.79769e+308,8,9,1.79769e+308,9,10,11,1.79769e+308,13,1.79769e+308,18,1.79769e+308,16,15,14,1.79769e+308,12,11,10,11,10,9,10,11,1.79769e+308,11,12,13,14,15,19,20,1.79769e+308,16,15,14,13,1.79769e+308,11,12,11,1.79769e+308,1.79769e+308,1.79769e+308,1.79769e+308,12,13,1.79769e+308,15,16,1.79769e+308,19,18,17,16,15,1.79769e+308,13,12,13,12,1.79769e+308,16,15,14,13,14,15,16,17,23,1.79769e+308,19,18,17,16,1.79769e+308,14,13,14,13,1.79769e+308,17,16,15,14,15,16,17,18,22,21,20,1.79769e+308,18,1.79769e+308,16,15,14,15,14,1.79769e+308,1.79769e+308,17,16,15,16,17,18,19,23,22,21,20,19,18,17,16,15,16,15,1.79769e+308,1.79769e+308,18,1.79769e+308,16,17,18,19,20,24,23,22,21,20,19,18,17,1.79769e+308,17,16,17,18,19,18,17,18,19,20,21,25,1.79769e+308,1.79769e+308,22,21,20,19,18,19,18,17,18,19,1.79769e+308,19,18,19,20,21,22,26,25,24,23,22,21,20,19,1.79769e+308,19,18,19,20,1.79769e+308,20,19,20,21,22,23,1.79769e+308,26,1.79769e+308,24,23,22,21,20,21,20,19,20,21,22,21,20,1.79769e+308,1.79769e+308,1.79769e+308,24,1.79769e+308,1.79769e+308,26,25,24,23,22,21,22,21,20,21,22,23,22,21,22,23,24,25,
243
17,16,15,1.79769e+308,1.79769e+308,1.79769e+308,15,16,1.79769e+308,18,19,1.79769e+308,1.79769e+308,1.79769e+308,1.79769e+308,24,25,1.79769e+308,29,28,1.79769e+308,15,14,13,12,1.79769e+308,14,15,16,17,18,19,1.79769e+308,1.79769e+308,22,23,24,1.79769e+308,1.79769e+308,27,15,14,13,12,11,12,13,1.79769e+308,1.79769e+308,18,17,18,19,20,21,1.79769e+308,23,24,25,26,1.79769e+308,1.79769e+308,12,11,10,11,12,13,14,1.79769e+308,16,17,18,19,20,21,22,23,24,25,13,12,11,10,9,10,11,12,13,1.79769e+308,15,16,1.79769e+308,1.79769e+308,19,20,1.79769e+308,22,23,1.79769e+308,14,1.79769e+308,10,9,8,9,10,11,12,13,14,1.79769e+308,1.79769e+308,19,18,19,20,21,1.79769e+308,23,1.79769e+308,8,9,8,7,8,9,10,11,12,13,14,15,1.79769e+308,17,1.79769e+308,1.79769e+308,20,21,22,8,7,1.79769e+308,7,6,1.79769e+308,8,9,10,1.79769e+308,14,13,14,15,16,17,18,19,20,21,7,6,5,1.79769e+308,5,6,7,8,9,10,1.79769e+308,12,13,1.79769e+308,17,18,19,1.79769e+308,21,1.79769e+308,6,1.79769e+308,4,3,4,1.79769e+308,6,7,8,9,10,11,12,13,1.79769e+308,19,20,21,22,23,5,4,1.79769e+308,2,3,4,5,1.79769e+308,9,10,11,1.79769e+308,1.79769e+308,1.79769e+308,1.79769e+308,20,21,1.79769e+308,23,24,1.79769e+308,3,2,1,2,3,1.79769e+308,9,10,11,12,1.79769e+308,18,17,18,19,20,21,22,23,5,1.79769e+308,1,0,1,2,1.79769e+308,8,9,10,11,1.79769e+308,17,16,17,18,19,20,21,22,4,3,2,1.79769e+308,2,1.79769e+308,6,7,8,9,10,1.79769e+308,1.79769e+308,15,16,17,18,19,20,21,5,4,3,4,3,4,5,6,7,8,9,1.79769e+308,1.79769e+308,14,1.79769e+308,16,17,18,19,20,6,5,4,5,4,5,6,7,1.79769e+308,9,10,11,12,13,14,15,16,17,18,19,7,1.79769e+308,1.79769e+308,6,5,6,7,8,9,10,11,12,13,1.79769e+308,15,16,17,18,19,20,8,9,8,7,6,7,8,9,1.79769e+308,11,12,13,14,1.79769e+308,16,17,18,19,20,21,1.79769e+308,10,1.79769e+308,8,7,8,9,10,11,12,13,14,15,16,17,18,1.79769e+308,1.79769e+308,1.79769e+308,22,1.79769e+308,1.79769e+308,10,9,8,9,10,11,12,13,14,15,16,17,18,19,20,21,22,23,
50
14,13,12,1.79769e+308,1.79769e+308,1.79769e+308,6,5,1.79769e+308,3,2,1.79769e+308,1.79769e+308,1.79769e+308,1.79769e+308,7,8,1.79769e+308,14,13,1.79769e+308,12,11,10,9,1.79769e+308,5,4,3,2,1,2,1.79769e+308,1.79769e+308,5,6,7,1.79769e+308,1.79769e+308,12,12,11,10,9,8,7,6,1.79769e+308,1.79769e+308,1,0,1,2,3,4,1.79769e+308,8,9,10,11,1.79769e+308,1.79769e+308,11,10,9,8,7,8,7,1.79769e+308,1,2,3,4,5,6,7,8,9,10,14,13,12,11,10,9,8,7,6,1.79769e+308,2,3,1.79769e+308,1.79769e+308,6,7,1.79769e+308,9,10,1.79769e+308,15,1.79769e+308,11,10,9,8,7,6,5,4,3,1.79769e+308,1.79769e+308,8,7,8,9,10,1.79769e+308,14,1.79769e+308,13,12,11,10,9,8,7,6,5,4,5,6,1.79769e+308,8,1.79769e+308,1.79769e+308,11,12,13,15,14,1.79769e+308,12,11,1.79769e+308,9,8,7,1.79769e+308,5,6,7,8,9,10,11,12,13,14,16,15,16,1.79769e+308,12,11,10,9,8,9,1.79769e+308,7,8,1.79769e+308,10,11,12,1.79769e+308,14,1.79769e+308,17,1.79769e+308,15,14,13,1.79769e+308,11,10,9,10,9,8,9,10,1.79769e+308,12,13,14,15,16,18,19,1.79769e+308,15,14,13,12,1.79769e+308,10,11,10,1.79769e+308,1.79769e+308,1.79769e+308,1.79769e+308,13,14,1.79769e+308,16,17,1.79769e+308,18,17,16,15,14,1.79769e+308,12,11,12,11,1.79769e+308,17,16,15,14,15,16,17,18,22,1.79769e+308,18,17,16,15,1.79769e+308,13,12,13,12,1.79769e+308,18,17,16,15,16,17,18,19,21,20,19,1.79769e+308,17,1.79769e+308,15,14,13,14,13,1.79769e+308,1.79769e+308,18,17,16,17,18,19,20,22,21,20,19,18,17,16,15,14,15,14,1.79769e+308,1.79769e+308,19,1.79769e+308,17,18,19,20,21,23,22,21,20,19,18,17,16,1.79769e+308,16,15,16,17,18,19,18,19,20,21,22,24,1.79769e+308,1.79769e+308,21,20,19,18,17,18,17,16,17,18,1.79769e+308,20,19,20,21,22,23,25,24,23,22,21,20,19,18,1.79769e+308,18,17,18,19,1.79769e+308,21,20,21,22,23,24,1.79769e+308,25,1.79769e+308,23,22,21,20,19,20,19,18,19,20,21,22,21,1.79769e+308,1.79769e+308,1.79769e+308,25,1.79769e+308,1.79769e+308,25,24,23,22,21,20,21,20,19,20,21,22,23,22,23,24,25,26,
146
13,12,11,1.79769e+308,1.79769e+308,1.79769e+308,7,8,1.79769e+308,10,11,1.79769e+308,1.79769e+308,1.79769e+308,1.79769e+308,16,17,1.79769e+308,21,20,1.79769e+308,11,10,9,8,1.79769e+308,6,7,8,9,10,11,1.79769e+308,1.79769e+308,14,15,16,1.79769e+308,1.79769e+308,19,11,10,9,8,7,6,5,1.79769e+308,1.79769e+308,10,9,10,11,12,13,1.79769e+308,15,16,17,18,1.79769e+308,1.79769e+308,8,7,6,5,4,5,6,1.79769e+308,8,9,10,11,12,13,14,15,16,17,9,8,7,6,5,4,3,4,5,1.79769e+308,7,8,1.79769e+308,1.79769e+308,13,14,1.79769e+308,16,17,1.79769e+308,10,1.79769e+308,6,5,4,3,2,3,4,5,6,1.79769e+308,1.79769e+308,13,12,13,14,15,1.79769e+308,17,1.79769e+308,6,5,4,3,2,1,2,3,4,5,6,7,1.79769e+308,11,1.79769e+308,1.79769e+308,14,15,16,8,7,1.79769e+308,5,4,1.79769e+308,0,1,2,1.79769e+308,6,7,8,9,10,11,12,13,14,15,9,8,7,1.79769e+308,3,2,1,2,3,4,1.79769e+308,8,9,1.79769e+308,11,12,13,1.79769e+308,15,1.79769e+308,10,1.79769e+308,6,5,4,1.79769e+308,2,3,4,5,6,7,8,9,1.79769e+308,13,14,15,16,17,11,10,1.79769e+308,6,5,4,3,1.79769e+308,5,6,7,1.79769e+308,1.79769e+308,1.79769e+308,1.79769e+308,14,15,1.79769e+308,17,18,1.79769e+308,9,8,7,6,5,1.79769e+308,7,6,7,8,1.79769e+308,18,17,16,15,16,17,18,19,13,1.79769e+308,9,8,7,6,1.79769e+308,8,7,8,9,1.79769e+308,19,18,17,16,17,18,19,20,12,11,10,1.79769e+308,8,1.79769e+308,10,9,8,9,10,1.79769e+308,1.79769e+308,17,18,17,18,19,20,21,13,12,11,10,9,10,11,10,9,10,11,1.79769e+308,1.79769e+308,16,1.79769e+308,18,19,20,21,22,14,13,12,11,10,11,12,11,1.79769e+308,11,12,13,14,15,16,17,18,19,20,21,15,1.79769e+308,1.79769e+308,12,11,12,13,12,13,12,13,14,15,1.79769e+308,17,18,19,20,21,22,16,15,14,13,12,13,14,13,1.79769e+308,13,14,15,16,1.79769e+308,18,19,20,21,22,23,1.79769e+308,16,1.79769e+308,14,13,14,15,14,15,14,15,16,17,18,19,20,1.79769e+308,1.79769e+308,1.79769e+308,24,1.79769e+308,1.79769e+308,16,15,14,15,16,15,16,15,16,17,18,19,20,21,22,23,24,25,
242
18,17,16,1.79769e+308,1.79769e+308,1.79769e+308,16,17,1.79769e+308,19,20,1.79769e+308,1.79769e+308,1.79769e+308,1.79769e+308,25,26,1.79769e+308,30,29,1.79769e+308,16,15,14,13,1.79769e+308,15,16,17,18,19,20,1.79769e+308,1.79769e+308,23,24,25,1.79769e+308,1.79769e+308,28,16,15,14,13,12,13,14,1.79769e+308,1.79769e+308,19,18,19,20,21,22,1.79769e+308,24,25,26,27,1.79769e+308,1.79769e+308,13,12,11,12,13,14,15,1.79769e+308,17,18,19,20,21,22,23,24,25,26,14,13,12,11,10,11,12,13,14,1.79769e+308,16,17,1.79769e+308,1.79769e+308,20,21,1.79769e+308,23,24,1.79769e+308,15,1.79769e+308,11,10,9,10,11,12,13,14,15,1.79769e+308,1.79769e+308,20,19,20,21,22,1.79769e+308,24,1.79769e+308,9,10,9,8,9,10,11,12,13,14,15,16,1.79769e+308,18,1.79769e+308,1.79769e+308,21,22,23,7,8,1.79769e+308,8,7,1.79769e+308,9,10,11,1.79769e+308,15,14,15,16,17,18,19,20,21,22,6,7,6,1.79769e+308,6,7,8,9,10,11,1.79769e+308,13,14,1.79769e+308,18,19,20,1.79769e+308,22,1.79769e+308,5,1.79769e+308,5,4,5,1.79769e+308,7,8,9,10,11,12,13,14,1.79769e+308,20,21,22,23,24,4,3,1.79769e+308,3,4,5,6,1.79769e+308,10,11,12,1.79769e+308,1.79769e+308,1.79769e+308,1.79769e+308,21,22,1.79769e+308,24,25,1.79769e+308,2,1,2,3,4,1.79769e+308,10,11,12,13,1.79769e+308,19,18,19,20,21,22,23,24,4,1.79769e+308,0,1,2,3,1.79769e+308,9,10,11,12,1.79769e+308,18,17,18,19,20,21,22,23,3,2,1,1.79769e+308,3,1.79769e+308,7,8,9,10,11,1.79769e+308,1.79769e+308,16,17,18,19,20,21,22,4,3,2,3,4,5,6,7,8,9,10,1.79769e+308,1.79769e+308,15,1.79769e+308,17,18,19,20,21,5,4,3,4,5,6,7,8,1.79769e+308,10,11,12,13,14,15,16,17,18,19,20,6,1.79769e+308,1.79769e+308,5,6,7,8,9,10,11,12,13,14,1.79769e+308,16,17,18,19,20,21,7,8,7,6,7,8,9,10,1.79769e+308,12,13,14,15,1.79769e+308,17,18,19,20,21,22,1.79769e+308,9,1.79769e+308,7,8,9,10,11,12,13,14,15,16,17,18,19,1.79769e+308,1.79769e+308,1.79769e+308,23,1.79769e+308,1.79769e+308,9,8,9,10,11,12,13,14,15,16,17,18,19,20,21,22,23,24,
49
13,12,11,1.79769e+308,1.79769e+308,1.79769e+308,5,4,1.79769e+308,2,3,1.79769e+308,1.79769e+308,1.79769e+308,1.79769e+308,8,9,1.79769e+308,15,14,1.79769e+308,11,10,9,8,1.79769e+308,4,3,2,1,2,3,1.79769e+308,1.79769e+308,6,7,8,1.79769e+308,1.79769e+308,13,11,10,9,8,7,6,5,1.79769e+308,1.79769e+308,0,1,2,3,4,5,1.79769e+308,9,10,11,12,1.79769e+308,1.79769e+308,10,9,8,7,6,7,8,1.79769e+308,2,3,4,5,6,7,8,9,10,11,13,12,11,10,9,8,7,8,7,1.79769e+308,3,4,1.79769e+308,1.79769e+308,7,8,1.79769e+308,10,11,1.79769e+308,14,1.79769e+308,12,11,10,9,8,7,6,5,4,1.79769e+308,1.79769e+308,9,8,9,10,11,1.79769e+308,15,1.79769e+308,14,13,12,11,10,9,8,7,6,5,6,7,1.79769e+308,9,1.79769e+308,1.79769e+308,12,13,14,16,15,1.79769e+308,13,12,1.79769e+308,10,9,8,1.79769e+308,6,7,8,9,10,11,12,13,14,15,17,16,17,1.79769e+308,13,12,11,10,9,10,1.79769e+308,8,9,1.79769e+308,11,12,13,1.79769e+308,15,1.79769e+308,18,1.79769e+308,16,15,14,1.79769e+308,12,11,10,11,10,9,10,11,1.79769e+308,13,14,15,16,17,19,20,1.79769e+308,16,15,14,13,1.79769e+308,11,12,11,1.79769e+308,1.79769e+308,1.79769e+308,1.79769e+308,14,15,1.79769e+308,17,18,1.79769e+308,19,18,17,16,15,1.79769e+308,13,12,13,12,1.79769e+308,18,17,16,15,16,17,18,19,23,1.79769e+308,19,18,17,16,1.79769e+308,14,13,14,13,1.79769e+308,19,18,17,16,17,18,19,20,22,21,20,1.79769e+308,18,1.79769e+308,16,15,14,15,14,1.79769e+308,1.79769e+308,19,18,17,18,19,20,21,23,22,21,20,19,18,17,16,15,16,15,1.79769e+308,1.79769e+308,20,1.79769e+308,18,19,20,21,22,24,23,22,21,20,19,18,17,1.79769e+308,17,16,17,18,19,20,19,20,21,22,23,25,1.79769e+308,1.79769e+308,22,21,20,19,18,19,18,17,18,19,1.79769e+308,21,20,21,22,23,24,26,25,24,23,22,21,20,19,1.79769e+308,19,18,19,20,1.79769e+308,22,21,22,23,24,25,1.79769e+308,26,1.79769e+308,24,23,22,21,20,21,20,19,20,21,22,23,22,1.79769e+308,1.79769e+308,1.79769e+308,26,1.79769e+308,1.79769e+308,26,25,24,23,22,21,22,21,20,21,22,23,24,23,24,25,26,27,
143
10,9,8,1.79769e+308,1.79769e+308,1.79769e+308,10,11,1.79769e+308,13,14,1.79769e+308,1.79769e+308,1.79769e+308,1.79769e+308,19,20,1.79769e+308,24,23,1.79769e+308,8,7,6,7,1.79769e+308,9,10,11,12,13,14,1.79769e+308,1.79769e+308,17,18,19,1.79769e+308,1.79769e+308,22,8,7,6,5,6,7,8,1.79769e+308,1.79769e+308,13,12,13,14,15,16,1.79769e+308,18,19,20,21,1.79769e+308,1.79769e+308,5,4,5,6,7,8,9,1.79769e+308,11,12,13,14,15,16,17,18,19,20,6,5,4,3,4,5,6,7,8,1.79769e+308,10,11,1.79769e+308,1.79769e+308,16,17,1.79769e+308,19,20,1.79769e+308,7,1.79769e+308,3,2,3,4,5,6,7,8,9,1.79769e+308,1.79769e+308,16,15,16,17,18,1.79769e+308,20,1.79769e+308,3,2,1,2,3,4,5,6,7,8,9,10,1.79769e+308,14,1.79769e+308,1.79769e+308,17,18,19,5,4,1.79769e+308,0,1,1.79769e+308,5,6,7,1.79769e+308,9,10,11,12,13,14,15,16,17,18,6,5,6,1.79769e+308,2,3,4,5,6,7,1.79769e+308,11,12,1.79769e+308,14,15,16,1.79769e+308,18,1.79769e+308,7,1.79769e+308,5,4,3,1.79769e+308,5,6,7,8,9,10,11,12,1.79769e+308,16,17,18,19,20,8,9,1.79769e+308,5,4,5,6,1.79769e+308,8,9,10,1.79769e+308,1.79769e+308,1.79769e+308,1.79769e+308,17,18,1.79769e+308,20,21,1.79769e+308,8,7,6,5,6,1.79769e+308,10,9,10,11,1.79769e+308,21,20,19,18,19,20,21,22,12,1.79769e+308,8,7,6,7,1.79769e+308,11,10,11,12,1.79769e+308,22,21,20,19,20,21,22,23,11,10,9,1.79769e+308,7,1.79769e+308,11,12,11,12,13,1.79769e+308,1.79769e+308,20,21,20,21,22,23,24,12,11,10,9,8,9,10,11,12,13,14,1.79769e+308,1.79769e+308,19,1.79769e+308,21,22,23,24,25,13,12,11,10,9,10,11,12,1.79769e+308,14,15,16,17,18,19,20,21,22,23,24,14,1.79769e+308,1.79769e+308,11,10,11,12,13,14,15,16,17,18,1.79769e+308,20,21,22,23,24,25,15,14,13,12,11,12,13,14,1.79769e+308,16,17,18,19,1.79769e+308,21,22,23,24,25,26,1.79769e+308,15,1.79769e+308,13,12,13,14,15,16,17,18,19,20,21,22,23,1.79769e+308,1.79769e+308,1.79769e+308,27,1.79769e+308,1.79769e+308,15,14,13,14,15,16,17,18,19,20,21,22,23,24,25,26,27,28,
239
30,29,28,1.79769e+308,1.79769e+308,1.79769e+308,24,23,1.79769e+308,21,20,1.79769e+308,1.79769e+308,1.79769e+308,1.79769e+308,15,14,1.79769e+308,16,15,1.79769e+308,28,27,26,25,1.79769e+308,23,22,21,20,19,18,1.79769e+308,1.79769e+308,15,14,13,1.79769e+308,1.79769e+308,14,28,27,26,25,24,23,22,1.79769e+308,1.79769e+308,19,18,17,16,15,14,1.79769e+308,12,11,12,13,1.79769e+308,1.79769e+308,25,24,23,22,21,20,19,1.79769e+308,17,16,15,14,13,12,11,10,11,12,26,25,24,23,22,21,20,19,18,1.79769e+308,16,17,1.79769e+308,1.79769e+308,12,11,1.79769e+308,9,10,1.79769e+308,27,1.79769e+308,23,22,21,20,19,18,17,16,15,1.79769e+308,1.79769e+308,12,11,10,9,8,1.79769e+308,8,1.79769e+308,23,22,21,20,19,18,17,16,15,14,13,12,1.79769e+308,10,1.79769e+308,1.79769e+308,7,6,7,25,24,1.79769e+308,22,21,1.79769e+308,19,18,17,1.79769e+308,13,12,11,10,9,8,7,6,5,6,26,25,26,1.79769e+308,22,21,20,19,18,17,1.79769e+308,13,12,1.79769e+308,8,7,6,1.79769e+308,4,1.79769e+308,27,1.79769e+308,25,24,23,1.79769e+308,19,18,17,16,15,14,13,14,1.79769e+308,6,5,4,3,2,28,27,1.79769e+308,23,22,21,20,1.79769e+308,18,17,16,1.79769e+308,1.79769e+308,1.79769e+308,1.79769e+308,5,4,1.79769e+308,2,1,1.79769e+308,26,25,24,23,22,1.79769e+308,20,19,18,17,1.79769e+308,7,6,5,4,3,2,1,0,26,1.79769e+308,24,23,22,23,1.79769e+308,19,18,17,16,1.79769e+308,8,7,6,5,4,3,2,1,25,24,23,1.79769e+308,21,1.79769e+308,19,18,17,16,15,1.79769e+308,1.79769e+308,8,7,6,5,4,3,2,24,23,22,21,20,19,18,17,16,15,14,1.79769e+308,1.79769e+308,9,1.79769e+308,7,6,5,4,3,25,24,23,22,21,20,19,18,1.79769e+308,14,13,12,11,10,9,8,7,6,5,4,26,1.79769e+308,1.79769e+308,21,20,19,18,17,16,15,14,13,12,1.79769e+308,10,9,8,7,6,5,25,24,23,22,21,20,19,18,1.79769e+308,16,15,14,13,1.79769e+308,11,10,9,8,7,6,1.79769e+308,25,1.79769e+308,23,22,21,20,19,18,17,16,15,14,13,12,11,1.79769e+308,1.79769e+308,1.79769e+308,7,1.79769e+308,1.79769e+308,25,24,23,22,21,20,19,18,17,16,15,14,13,12,11,10,9,8,
46
8,7,6,1.79769e+308,1.79769e+308,1.79769e+308,2,3,1.79769e+308,5,6,1.79769e+308,1.79769e+308,1.79769e+308,1.79769e+308,13,14,1.79769e+308,20,19,1.79769e+308,6,5,4,3,1.79769e+308,1,2,3,4,5,6,1.79769e+308,1.79769e+308,11,12,13,1.79769e+308,1.79769e+308,18,6,5,4,3,2,1,0,1.79769e+308,1.79769e+308,5,6,7,8,9,10,1.79769e+308,14,15,16,17,1.79769e+308,1.79769e+308,5,4,3,2,1,2,3,1.79769e+308,7,8,9,10,11,12,13,14,15,16,8,7,6,5,4,3,2,3,4,1.79769e+308,8,9,1.79769e+308,1.79769e+308,12,13,1.79769e+308,15,16,1.79769e+308,9,1.79769e+308,7,6,5,4,3,4,5,6,7,1.79769e+308,1.79769e+308,14,13,14,15,16,1.79769e+308,20,1.79769e+308,9,8,7,6,5,4,5,6,7,8,9,10,1.79769e+308,14,1.79769e+308,1.79769e+308,17,18,19,11,10,1.79769e+308,8,7,1.79769e+308,5,6,7,1.79769e+308,9,10,11,12,13,14,15,16,17,18,12,11,12,1.79769e+308,8,7,6,7,8,9,1.79769e+308,11,12,1.79769e+308,14,15,16,1.79769e+308,18,1.79769e+308,13,1.79769e+308,11,10,9,1.79769e+308,7,8,9,10,11,12,13,14,1.79769e+308,16,17,18,19,20,14,15,1.79769e+308,11,10,9,8,1.79769e+308,10,11,12,1.79769e+308,1.79769e+308,1.79769e+308,1.79769e+308,17,18,1.79769e+308,20,21,1.79769e+308,14,13,12,11,10,1.79769e+308,12,11,12,13,1.79769e+308,21,20,19,18,19,20,21,22,18,1.79769e+308,14,13,12,11,1.79769e+308,13,12,13,14,1.79769e+308,22,21,20,19,20,21,22,23,17,16,15,1.79769e+308,13,1.79769e+308,15,14,13,14,15,1.79769e+308,1.79769e+308,22,21,20,21,22,23,24,18,17,16,15,14,15,16,15,14,15,16,1.79769e+308,1.79769e+308,21,1.79769e+308,21,22,23,24,25,19,18,17,16,15,16,17,16,1.79769e+308,16,17,18,19,20,21,22,23,24,25,26,20,1.79769e+308,1.79769e+308,17,16,17,18,17,18,17,18,19,20,1.79769e+308,22,23,24,25,26,27,21,20,19,18,17,18,19,18,1.79769e+308,18,19,20,21,1.79769e+308,23,24,25,26,27,28,1.79769e+308,21,1.79769e+308,19,18,19,20,19,20,19,20,21,22,23,24,25,1.79769e+308,1.79769e+308,1.79769e+308,29,1.79769e+308,1.79769e+308,21,20,19,20,21,20,21,20,21,22,23,24,25,26,27,28,29,30,
140
11,10,9,1.79769e+308,1.79769e+308,1.79769e+308,13,14,1.79769e+308,16,17,1.79769e+308,1.79769e+308,1.79769e+308,1.79769e+308,22,23,1.79769e+308,27,26,1.79769e+308,9,8,9,10,1.79769e+308,12,13,14,15,16,17,1.79769e+308,1.79769e+308,20,21,22,1.79769e+308,1.79769e+308,25,9,8,7,8,9,10,11,1.79769e+308,1.79769e+308,16,15,16,17,18,19,1.79769e+308,21,22,23,24,1.79769e+308,1.79769e+308,6,7,8,9,10,11,12,1.79769e+308,14,15,16,17,18,19,20,21,22,23,7,6,5,6,7,8,9,10,11,1.79769e+308,13,14,1.79769e+308,1.79769e+308,19,20,1.79769e+308,22,23,1.79769e+308,8,1.79769e+308,4,5,6,7,8,9,10,11,12,1.79769e+308,1.79769e+308,19,18,19,20,21,1.79769e+308,23,1.79769e+308,2,3,4,5,6,7,8,9,10,11,12,13,1.79769e+308,17,1.79769e+308,1.79769e+308,20,21,22,0,1,1.79769e+308,5,6,1.79769e+308,8,9,10,1.79769e+308,12,13,14,15,16,17,18,19,20,21,1,2,3,1.79769e+308,7,8,9,10,11,12,1.79769e+308,14,15,1.79769e+308,17,18,19,1.79769e+308,21,1.79769e+308,2,1.79769e+308,4,5,6,1.79769e+308,10,11,12,13,14,15,16,17,1.79769e+308,19,20,21,22,23,3,4,1.79769e+308,6,7,8,9,1.79769e+308,13,14,15,1.79769e+308,1.79769e+308,1.79769e+308,1.79769e+308,20,21,1.79769e+308,23,24,1.79769e+308,5,6,7,8,9,1.79769e+308,15,14,15,16,1.79769e+308,24,23,22,21,22,23,24,25,11,1.79769e+308,7,8,9,10,1.79769e+308,16,15,16,17,1.79769e+308,25,24,23,22,23,24,25,26,10,9,8,1.79769e+308,10,1.79769e+308,14,15,16,17,18,1.79769e+308,1.79769e+308,23,24,23,24,25,26,27,11,10,9,10,11,12,13,14,15,16,17,1.79769e+308,1.79769e+308,22,1.79769e+308,24,25,26,27,28,12,11,10,11,12,13,14,15,1.79769e+308,17,18,19,20,21,22,23,24,25,26,27,13,1.79769e+308,1.79769e+308,12,13,14,15,16,17,18,19,20,21,1.79769e+308,23,24,25,26,27,28,14,15,14,13,14,15,16,17,1.79769e+308,19,20,21,22,1.79769e+308,24,25,26,27,28,29,1.79769e+308,16,1.79769e+308,14,15,16,17,18,19,20,21,22,23,24,25,26,1.79769e+308,1.79769e+308,1.79769e+308,30,1.79769e+308,1.79769e+308,16,15,16,17,18,19,20,21,22,23,24,25,26,27,28,29,30,31,
43
5,4,3,1.79769e+308,1.79769e+308,1.79769e+308,5,6,1.79769e+308,8,9,1.79769e+308,1.79769e+308,1.79769e+308,1.79769e+308,16,17,1.79769e+308,23,22,1.79769e+308,3,2,1,2,1.79769e+308,4,5,6,7,8,9,1.79769e+308,1.79769e+308,14,15,16,1.79769e+308,1.79769e+308,21,3,2,1,0,1,2,3,1.79769e+308,1.79769e+308,8,9,10,11,12,13,1.79769e+308,17,18,19,20,1.79769e+308,1.79769e+308,2,1,2,3,4,5,6,1.79769e+308,10,11,12,13,14,15,16,17,18,19,5,4,3,2,3,4,5,6,7,1.79769e+308,11,12,1.79769e+308,1.79769e+308,15,16,1.79769e+308,18,19,1.79769e+308,6,1.79769e+308,4,3,4,5,6,7,8,9,10,1.79769e+308,1.79769e+308,17,16,17,18,19,1.79769e+308,23,1.79769e+308,6,5,4,5,6,7,8,9,10,11,12,13,1.79769e+308,17,1.79769e+308,1.79769e+308,20,21,22,8,7,1.79769e+308,5,6,1.79769e+308,8,9,10,1.79769e+308,12,13,14,15,16,17,18,19,20,21,9,8,9,1.79769e+308,7,8,9,10,11,12,1.79769e+308,14,15,1.79769e+308,17,18,19,1.79769e+308,21,1.79769e+308,10,1.79769e+308,10,9,8,1.79769e+308,10,11,12,13,14,15,16,17,1.79769e+308,19,20,21,22,23,11,12,1.79769e+308,10,9,10,11,1.79769e+308,13,14,15,1.79769e+308,1.79769e+308,1.79769e+308,1.79769e+308,20,21,1.79769e+308,23,24,1.79769e+308,13,12,11,10,11,1.79769e+308,15,14,15,16,1.79769e+308,24,23,22,21,22,23,24,25,17,1.79769e+308,13,12,11,12,1.79769e+308,16,15,16,17,1.79769e+308,25,24,23,22,23,24,25,26,16,15,14,1.79769e+308,12,1.79769e+308,16,17,16,17,18,1.79769e+308,1.79769e+308,25,24,23,24,25,26,27,17,16,15,14,13,14,15,16,17,18,19,1.79769e+308,1.79769e+308,24,1.79769e+308,24,25,26,27,28,18,17,16,15,14,15,16,17,1.79769e+308,19,20,21,22,23,24,25,26,27,28,29,19,1.79769e+308,1.79769e+308,16,15,16,17,18,19,20,21,22,23,1.79769e+308,25,26,27,28,29,30,20,19,18,17,16,17,18,19,1.79769e+308,21,22,23,24,1.79769e+308,26,27,28,29,30,31,1.79769e+308,20,1.79769e+308,18,17,18,19,20,21,22,23,24,25,26,27,28,1.79769e+308,1.79769e+308,1.79769e+308,32,1.79769e+308,1.79769e+308,20,19,18,19,20,21,22,23,24,25,26,27,28,29,30,31,32,33,
139
27,26,25,1.79769e+308,1.79769e+308,1.79769e+308,19,18,1.79769e+308,16,15,1.79769e+308,1.79769e+308,1.79769e+308,1.79769e+308,10,9,1.79769e+308,11,10,1.79769e+308,25,24,23,22,1.79769e+308,18,17,16,15,14,13,1.79769e+308,1.79769e+308,10,9,8,1.79769e+308,1.79769e+308,9,25,24,23,22,21,20,19,1.79769e+308,1.79769e+308,14,13,12,11,10,9,1.79769e+308,7,6,7,8,1.79769e+308,1.79769e+308,22,21,20,19,18,17,16,1.79769e+308,12,11,10,9,8,7,6,5,6,7,23,22,21,20,19,18,17,16,15,1.79769e+308,13,12,1.79769e+308,1.79769e+308,7,6,1.79769e+308,4,5,1.79769e+308,24,1.79769e+308,20,19,18,17,16,15,14,13,12,1.79769e+308,1.79769e+308,7,6,5,4,3,1.79769e+308,1,1.79769e+308,20,19,18,17,16,15,14,13,12,11,10,9,1.79769e+308,7,1.79769e+308,1.79769e+308,2,1,0,22,21,1.79769e+308,19,18,1.79769e+308,16,15,14,1.79769e+308,10,9,8,7,6,5,4,3,2,1,23,22,23,1.79769e+308,19,18,17,16,15,14,1.79769e+308,10,9,1.79769e+308,7,6,5,1.79769e+308,3,1.79769e+308,24,1.79769e+308,22,21,20,1.79769e+308,16,15,14,13,12,11,10,11,1.79769e+308,7,6,5,4,5,25,24,1.79769e+308,20,19,18,17,1.79769e+308,15,14,13,1.79769e+308,1.79769e+308,1.79769e+308,1.79769e+308,8,7,1.79769e+308,5,6,1.79769e+308,23,22,21,20,19,1.79769e+308,17,16,15,14,1.79769e+308,12,11,10,9,8,7,6,7,27,1.79769e+308,23,22,21,20,1.79769e+308,18,17,16,15,1.79769e+308,13,12,11,10,9,8,7,8,26,25,24,1.79769e+308,22,1.79769e+308,20,19,18,17,16,1.79769e+308,1.79769e+308,13,12,11,10,9,8,9,27,26,25,24,23,22,21,20,19,18,17,1.79769e+308,1.79769e+308,14,1.79769e+308,12,11,10,9,10,28,27,26,25,24,23,22,21,1.79769e+308,19,18,17,16,15,14,13,12,11,10,11,29,1.79769e+308,1.79769e+308,26,25,24,23,22,21,20,19,18,17,1.79769e+308,15,14,13,12,11,12,30,29,28,27,26,25,24,23,1.79769e+308,21,20,19,18,1.79769e+308,16,15,14,13,12,13,1.79769e+308,30,1.79769e+308,28,27,26,25,24,23,22,21,20,19,18,17,16,1.79769e+308,1.79769e+308,1.79769e+308,14,1.79769e+308,1.79769e+308,30,29,28,27,26,25,24,23,22,21,20,19,18,17,18,17,16,15,
235
26,25,24,1.79769e+308,1.79769e+308,1.79769e+308,20,19,1.79769e+308,17,16,1.79769e+308,1.79769e+308,1.79769e+308,1.79769e+308,13,14,1.79769e+308,16,15,1.79769e+308,24,23,22,21,1.79769e+308,19,18,17,16,15,14,1.79769e+308,1.79769e+308,11,12,13,1.79769e+308,1.79769e+308,14,24,23,22,21,20,19,18,1.79769e+308,1.79769e+308,15,14,13,12,11,10,1.79769e+308,12,11,12,13,1.79769e+308,1.79769e+308,21,20,19,18,17,16,15,1.79769e+308,13,12,11,10,9,10,11,10,11,12,22,21,20,19,18,17,16,15,14,1.79769e+308,12,13,1.79769e+308,1.79769e+308,8,9,1.79769e+308,9,10,1.79769e+308,23,1.79769e+308,19,18,17,16,15,14,13,12,11,1.79769e+308,1.79769e+308,8,7,8,9,8,1.79769e+308,10,1.79769e+308,19,18,17,16,15,14,13,12,11,10,9,8,1.79769e+308,6,1.79769e+308,1.79769e+308,7,8,9,21,20,1.79769e+308,18,17,1.79769e+308,15,14,13,1.79769e+308,9,8,7,6,5,4,5,6,7,8,22,21,22,1.79769e+308,18,17,16,15,14,13,1.79769e+308,9,8,1.79769e+308,4,3,4,1.79769e+308,6,1.79769e+308,23,1.79769e+308,21,20,19,1.79769e+308,15,14,13,12,11,10,9,10,1.79769e+308,2,3,4,5,6,24,23,1.79769e+308,19,18,17,16,1.79769e+308,14,13,12,1.79769e+308,1.79769e+308,1.79769e+308,1.79769e+308,1,2,1.79769e+308,4,5,1.79769e+308,22,21,20,19,18,1.79769e+308,16,15,14,13,1.79769e+308,3,2,1,0,1,2,3,4,22,1.79769e+308,20,19,18,19,1.79769e+308,15,14,13,12,1.79769e+308,4,3,2,1,2,3,4,5,21,20,19,1.79769e+308,17,1.79769e+308,15,14,13,12,11,1.79769e+308,1.79769e+308,4,3,2,3,4,5,6,20,19,18,17,16,15,14,13,12,11,10,1.79769e+308,1.79769e+308,5,1.79769e+308,3,4,5,6,7,21,20,19,18,17,16,15,14,1.79769e+308,10,9,8,7,6,5,4,5,6,7,8,22,1.79769e+308,1.79769e+308,17,16,15,14,13,12,11,10,9,8,1.79769e+308,6,5,6,7,8,9,21,20,19,18,17,16,15,14,1.79769e+308,12,11,10,9,1.79769e+308,7,6,7,8,9,10,1.79769e+308,21,1.79769e+308,19,18,17,16,15,14,13,12,11,10,9,8,7,1.79769e+308,1.79769e+308,1.79769e+308,11,1.79769e+308,1.79769e+308,21,20,19,18,17,16,15,14,13,12,11,10,9,8,9,10,11,12,
42
4,3,2,1.79769e+308,1.79769e+308,1.79769e+308,6,7,1.79769e+308,9,10,1.79769e+308,1.79769e+308,1.79769e+308,1.79769e+308,17,18,1.79769e+308,24,23,1.79769e+308,2,1,2,3,1.79769e+308,5,6,7,8,9,10,1.79769e+308,1.79769e+308,15,16,17,1.79769e+308,1.79769e+308,22,2,1,0,1,2,3,4,1.79769e+308,1.79769e+308,9,10,11,12,13,14,1.79769e+308,18,19,20,21,1.79769e+308,1.79769e+308,1,2,3,4,5,6,7,1.79769e+308,11,12,13,14,15,16,17,18,19,20,4,3,2,3,4,5,6,7,8,1.79769e+308,12,13,1.79769e+308,1.79769e+308,16,17,1.79769e+308,19,20,1.79769e+308,5,1.79769e+308,3,4,5,6,7,8,9,10,11,1.79769e+308,1.79769e+308,18,17,18,19,20,1.79769e+308,24,1.79769e+308,5,4,5,6,7,8,9,10,11,12,13,14,1.79769e+308,18,1.79769e+308,1.79769e+308,21,22,23,7,6,1.79769e+308,6,7,1.79769e+308,9,10,11,1.79769e+308,13,14,15,16,17,18,19,20,21,22,8,7,8,1.79769e+308,8,9,10,11,12,13,1.79769e+308,15,16,1.79769e+308,18,19,20,1.79769e+308,22,1.79769e+308,9,1.79769e+308,9,10,9,1.79769e+308,11,12,13,14,15,16,17,18,1.79769e+308,20,21,22,23,24,10,11,1.79769e+308,11,10,11,12,1.79769e+308,14,15,16,1.79769e+308,1.79769e+308,1.79769e+308,1.79769e+308,21,22,1.79769e+308,24,25,1.79769e+308,12,13,12,11,12,1.79769e+308,16,15,16,17,1.79769e+308,25,24,23,22,23,24,25,26,18,1.79769e+308,14,13,12,13,1.79769e+308,17,16,17,18,1.79769e+308,26,25,24,23,24,25,26,27,17,16,15,1.79769e+308,13,1.79769e+308,17,18,17,18,19,1.79769e+308,1.79769e+308,26,25,24,25,26,27,28,18,17,16,15,14,15,16,17,18,19,20,1.79769e+308,1.79769e+308,25,1.79769e+308,25,26,27,28,29,19,18,17,16,15,16,17,18,1.79769e+308,20,21,22,23,24,25,26,27,28,29,30,20,1.79769e+308,1.79769e+308,17,16,17,18,19,20,21,22,23,24,1.79769e+308,26,27,28,29,30,31,21,20,19,18,17,18,19,20,1.79769e+308,22,23,24,25,1.79769e+308,27,28,29,30,31,32,1.79769e+308,21,1.79769e+308,19,18,19,20,21,22,23,24,25,26,27,28,29,1.79769e+308,1.79769e+308,1.79769e+308,33,1.79769e+308,1.79769e+308,21,20,19,20,21,22,23,24,25,26,27,28,29,30,31,32,33,34,
138
26,25,24,1.79769e+308,1.79769e+308,1.79769e+308,18,17,1.79769e+308,15,14,1.79769e+308,1.79769e+308,1.79769e+308,1.79769e+308,9,8,1.79769e+308,10,9,1.79769e+308,24,23,22,21,1.79769e+308,17,16,15,14,13,12,1.79769e+308,1.79769e+308,9,8,7,1.79769e+308,1.79769e+308,8,24,23,22,21,20,19,18,1.79769e+308,1.79769e+308,13,12,11,10,9,8,1.79769e+308,6,5,6,7,1.79769e+308,1.79769e+308,21,20,19,18,17,16,15,1.79769e+308,11,10,9,8,7,6,5,4,5,6,22,21,20,19,18,17,16,15,14,1.79769e+308,12,11,1.79769e+308,1.79769e+308,6,5,1.79769e+308,3,4,1.79769e+308,23,1.79769e+308,19,18,17,16,15,14,13,12,11,1.79769e+308,1.79769e+308,6,5,4,3,2,1.79769e+308,2,1.79769e+308,19,18,17,16,15,14,13,12,11,10,9,8,1.79769e+308,6,1.79769e+308,1.79769e+308,1,0,1,21,20,1.79769e+308,18,17,1.79769e+308,15,14,13,1.79769e+308,9,8,7,6,5,4,3,2,1,2,22,21,22,1.79769e+308,18,17,16,15,14,13,1.79769e+308,9,8,1.79769e+308,6,5,4,1.79769e+308,2,1.79769e+308,23,1.79769e+308,21,20,19,1.79769e+308,15,14,13,12,11,10,9,10,1.79769e+308,6,5,4,3,4,24,23,1.79769e+308,19,18,17,16,1.79769e+308,14,13,12,1.79769e+308,1.79769e+308,1.79769e+308,1.79769e+308,7,6,1.79769e+308,4,5,1.79769e+308,22,21,20,19,18,1.79769e+308,16,15,14,13,1.79769e+308,11,10,9,8,7,6,5,6,26,1.79769e+308,22,21,20,19,1.79769e+308,17,16,15,14,1.79769e+308,12,11,10,9,8,7,6,7,25,24,23,1.79769e+308,21,1.79769e+308,19,18,17,16,15,1.79769e+308,1.79769e+308,12,11,10,9,8,7,8,26,25,24,23,22,21,20,19,18,17,16,1.79769e+308,1.79769e+308,13,1.79769e+308,11,10,9,8,9,27,26,25,24,23,22,21,20,1.79769e+308,18,17,16,15,14,13,12,11,10,9,10,28,1.79769e+308,1.79769e+308,25,24,23,22,21,20,19,18,17,16,1.79769e+308,14,13,12,11,10,11,29,28,27,26,25,24,23,22,1.79769e+308,20,19,18,17,1.79769e+308,15,14,13,12,11,12,1.79769e+308,29,1.79769e+308,27,26,25,24,23,22,21,20,19,18,17,16,15,1.79769e+308,1.79769e+308,1.79769e+308,13,1.79769e+308,1.79769e+308,29,28,27,26,25,24,23,22,21,20,19,18,17,16,17,16,15,14,
234
27,26,25,1.79769e+308,1.79769e+308,1.79769e+308,21,20,1.79769e+308,18,17,1.79769e+308,1.79769e+308,1.79769e+308,1.79769e+308,14,15,1.79769e+308,17,16,1.79769e+308,25,24,23,22,1.79769e+308,20,19,18,17,16,15,1.79769e+308,1.79769e+308,12,13,14,1.79769e+308,1.79769e+308,15,25,24,23,22,21,20,19,1.79769e+308,1.79769e+308,16,15,14,13,12,11,1.79769e+308,13,12,13,14,1.79769e+308,1.79769e+308,22,21,20,19,18,17,16,1.79769e+308,14,13,12,11,10,11,12,11,12,13,23,22,21,20,19,18,17,16,15,1.79769e+308,13,14,1.79769e+308,1.79769e+308,9,10,1.79769e+308,10,11,1.79769e+308,24,1.79769e+308,20,19,18,17,16,15,14,13,12,1.79769e+308,1.79769e+308,9,8,9,10,9,1.79769e+308,11,1.79769e+308,20,19,18,17,16,15,14,13,12,11,10,9,1.79769e+308,7,1.79769e+308,1.79769e+308,8,9,10,22,21,1.79769e+308,19,18,1.79769e+308,16,15,14,1.79769e+308,10,9,8,7,6,5,6,7,8,9,23,22,23,1.79769e+308,19,18,17,16,15,14,1.79769e+308,10,9,1.79769e+308,5,4,5,1.79769e+308,7,1.79769e+308,24,1.79769e+308,22,21,20,1.79769e+308,16,15,14,13,12,11,10,11,1.79769e+308,3,4,5,6,7,23,22,1.79769e+308,20,19,18,17,1.79769e+308,15,14,13,1.79769e+308,1.79769e+308,1.79769e+308,1.79769e+308,2,3,1.79769e+308,5,6,1.79769e+308,21,20,19,18,19,1.79769e+308,15,14,13,12,1.79769e+308,2,1,0,1,2,3,4,5,21,1.79769e+308,19,18,17,18,1.79769e+308,14,13,12,11,1.79769e+308,3,2,1,2,3,4,5,6,20,19,18,1.79769e+308,16,1.79769e+308,14,13,12,11,10,1.79769e+308,1.79769e+308,3,2,3,4,5,6,7,19,18,17,16,15,14,13,12,11,10,9,1.79769e+308,1.79769e+308,4,1.79769e+308,4,5,6,7,8,20,19,18,17,16,15,14,13,1.79769e+308,9,8,7,6,5,6,5,6,7,8,9,21,1.79769e+308,1.79769e+308,16,15,14,13,12,11,10,9,8,7,1.79769e+308,7,6,7,8,9,10,20,19,18,17,16,15,14,13,1.79769e+308,11,10,9,8,1.79769e+308,8,7,8,9,10,11,1.79769e+308,20,1.79769e+308,18,17,16,15,14,13,12,11,10,9,10,9,8,1.79769e+308,1.79769e+308,1.79769e+308,12,1.79769e+308,1.79769e+308,20,19,18,17,16,15,14,13,12,11,10,11,10,9,10,11,12,13,
41
3,2,3,1.79769e+308,1.79769e+308,1.79769e+308,7,8,1.79769e+308,10,11,1.79769e+308,1.79769e+308,1.79769e+308,1.79769e+308,18,19,1.79769e+308,25,24,1.79769e+308,1,2,3,4,1.79769e+308,6,7,8,9,10,11,1.79769e+308,1.79769e+308,16,17,18,1.79769e+308,1.79769e+308,23,1,0,1,2,3,4,5,1.79769e+308,1.79769e+308,10,11,12,13,14,15,1.79769e+308,19,20,21,22,1.79769e+308,1.79769e+308,2,3,4,5,6,7,8,1.79769e+308,12,13,14,15,16,17,18,19,20,21,5,4,3,4,5,6,7,8,9,1.79769e+308,13,14,1.79769e+308,1.79769e+308,17,18,1.79769e+308,20,21,1.79769e+308,6,1.79769e+308,4,5,6,7,8,9,10,11,12,1.79769e+308,1.79769e+308,19,18,19,20,21,1.79769e+308,25,1.79769e+308,6,5,6,7,8,9,10,11,12,13,14,15,1.79769e+308,19,1.79769e+308,1.79769e+308,22,23,24,8,7,1.79769e+308,7,8,1.79769e+308,10,11,12,1.79769e+308,14,15,16,17,18,19,20,21,22,23,9,8,9,1.79769e+308,9,10,11,12,13,14,1.79769e+308,16,17,1.79769e+308,19,20,21,1.79769e+308,23,1.79769e+308,10,1.79769e+308,10,11,10,1.79769e+308,12,13,14,15,16,17,18,19,1.79769e+308,21,22,23,24,25,11,12,1.79769e+308,12,11,12,13,1.79769e+308,15,16,17,1.79769e+308,1.79769e+308,1.79769e+308,1.79769e+308,22,23,1.79769e+308,25,26,1.79769e+308,13,14,13,12,13,1.79769e+308,17,16,17,18,1.79769e+308,26,25,24,23,24,25,26,27,19,1.79769e+308,15,14,13,14,1.79769e+308,18,17,18,19,1.79769e+308,27,26,25,24,25,26,27,28,18,17,16,1.79769e+308,14,1.79769e+308,18,19,18,19,20,1.79769e+308,1.79769e+308,27,26,25,26,27,28,29,19,18,17,16,15,16,17,18,19,20,21,1.79769e+308,1.79769e+308,26,1.79769e+308,26,27,28,29,30,20,19,18,17,16,17,18,19,1.79769e+308,21,22,23,24,25,26,27,28,29,30,31,21,1.79769e+308,1.79769e+308,18,17,18,19,20,21,22,23,24,25,1.79769e+308,27,28,29,30,31,32,22,21,20,19,18,19,20,21,1.79769e+308,23,24,25,26,1.79769e+308,28,29,30,31,32,33,1.79769e+308,22,1.79769e+308,20,19,20,21,22,23,24,25,26,27,28,29,30,1.79769e+308,1.79769e+308,1.79769e+308,34,1.79769e+308,1.79769e+308,22,21,20,21,22,23,24,25,26,27,28,29,30,31,32,33,34,35,
137
25,24,23,1.79769e+308,1.79769e+308,1.79769e+308,17,16,1.79769e+308,14,13,1.79769e+308,1.79769e+308,1.79769e+308,1.79769e+308,8,7,1.79769e+308,9,8,1.79769e+308,23,22,21,20,1.79769e+308,16,15,14,13,12,11,1.79769e+308,1.79769e+308,8,7,6,1.79769e+308,1.79769e+308,7,23,22,21,20,19,18,17,1.79769e+308,1.79769e+308,12,11,10,9,8,7,1.79769e+308,5,4,5,6,1.79769e+308,1.79769e+308,20,19,18,17,16,15,14,1.79769e+308,10,9,8,7,6,5,4,3,4,5,21,20,19,18,17,16,15,14,13,1.79769e+308,11,10,1.79769e+308,1.79769e+308,5,4,1.79769e+308,2,3,1.79769e+308,22,1.79769e+308,18,17,16,15,14,13,12,11,10,1.79769e+308,1.79769e+308,5,4,3,2,1,1.79769e+308,3,1.79769e+308,18,17,16,15,14,13,12,11,10,9,8,7,1.79769e+308,5,1.79769e+308,1.79769e+308,0,1,2,20,19,1.79769e+308,17,16,1.79769e+308,14,13,12,1.79769e+308,8,7,6,5,4,3,2,1,2,3,21,20,21,1.79769e+308,17,16,15,14,13,12,1.79769e+308,8,7,1.79769e+308,5,4,3,1.79769e+308,3,1.79769e+308,22,1.79769e+308,20,19,18,1.79769e+308,14,13,12,11,10,9,8,9,1.79769e+308,5,4,5,4,5,23,22,1.79769e+308,18,17,16,15,1.79769e+308,13,12,11,1.79769e+308,1.79769e+308,1.79769e+308,1.79769e+308,6,5,1.79769e+308,5,6,1.79769e+308,21,20,19,18,17,1.79769e+308,15,14,13,12,1.79769e+308,10,9,8,7,6,7,6,7,25,1.79769e+308,21,20,19,18,1.79769e+308,16,15,14,13,1.79769e+308,11,10,9,8,7,8,7,8,24,23,22,1.79769e+308,20,1.79769e+308,18,17,16,15,14,1.79769e+308,1.79769e+308,11,10,9,8,9,8,9,25,24,23,22,21,20,19,18,17,16,15,1.79769e+308,1.79769e+308,12,1.79769e+308,10,9,10,9,10,26,25,24,23,22,21,20,19,1.79769e+308,17,16,15,14,13,12,11,10,11,10,11,27,1.79769e+308,1.79769e+308,24,23,22,21,20,19,18,17,16,15,1.79769e+308,13,12,11,12,11,12,28,27,26,25,24,23,22,21,1.79769e+308,19,18,17,16,1.79769e+308,14,13,12,13,12,13,1.79769e+308,28,1.79769e+308,26,25,24,23,22,21,20,19,18,17,16,15,14,1.79769e+308,1.79769e+308,1.79769e+308,14,1.79769e+308,1.79769e+308,28,27,26,25,24,23,22,21,20,19,18,17,16,15,16,17,16,15,
233
28,27,26,1.79769e+308,1.79769e+308,1.79769e+308,22,21,1.79769e+308,19,18,1.79769e+308,1.79769e+308,1.79769e+308,1.79769e+308,15,16,1.79769e+308,18,17,1.79769e+308,26,25,24,23,1.79769e+308,21,20,19,18,17,16,1.79769e+308,1.79769e+308,13,14,15,1.79769e+308,1.79769e+308,16,26,25,24,23,22,21,20,1.79769e+308,1.79769e+308,17,16,15,14,13,12,1.79769e+308,14,13,14,15,1.79769e+308,1.79769e+308,23,22,21,20,19,18,17,1.79769e+308,15,14,13,12,11,12,13,12,13,14,24,23,22,21,20,19,18,17,16,1.79769e+308,14,15,1.79769e+308,1.79769e+308,10,11,1.79769e+308,11,12,1.79769e+308,25,1.79769e+308,21,20,19,18,17,16,15,14,13,1.79769e+308,1.79769e+308,10,9,10,11,10,1.79769e+308,12,1.79769e+308,21,20,19,18,17,16,15,14,13,12,11,10,1.79769e+308,8,1.79769e+308,1.79769e+308,9,10,11,23,22,1.79769e+308,20,19,1.79769e+308,17,16,15,1.79769e+308,11,10,9,8,7,6,7,8,9,10,24,23,22,1.79769e+308,20,19,18,17,16,15,1.79769e+308,11,10,1.79769e+308,6,5,6,1.79769e+308,8,1.79769e+308,23,1.79769e+308,21,20,19,1.79769e+308,17,16,15,14,13,12,11,12,1.79769e+308,4,5,6,7,8,22,21,1.79769e+308,19,18,19,18,1.79769e+308,14,13,12,1.79769e+308,1.79769e+308,1.79769e+308,1.79769e+308,3,4,1.79769e+308,6,7,1.79769e+308,20,19,18,17,18,1.79769e+308,14,13,12,11,1.79769e+308,1,0,1,2,3,4,5,6,20,1.79769e+308,18,17,16,17,1.79769e+308,13,12,11,10,1.79769e+308,2,1,2,3,4,5,6,7,19,18,17,1.79769e+308,15,1.79769e+308,13,12,11,10,9,1.79769e+308,1.79769e+308,2,3,4,5,6,7,8,18,17,16,15,14,13,12,11,10,9,8,1.79769e+308,1.79769e+308,3,1.79769e+308,5,6,7,8,9,19,18,17,16,15,14,13,12,1.79769e+308,8,7,6,5,4,5,6,7,8,9,10,20,1.79769e+308,1.79769e+308,15,14,13,12,11,10,9,8,7,6,1.79769e+308,6,7,8,9,10,11,19,18,17,16,15,14,13,12,1.79769e+308,10,9,8,7,1.79769e+308,7,8,9,10,11,12,1.79769e+308,19,1.79769e+308,17,16,15,14,13,12,11,10,9,8,9,8,9,1.79769e+308,1.79769e+308,1.79769e+308,13,1.79769e+308,1.79769e+308,19,18,17,16,15,14,13,12,11,10,9,10,9,10,11,12,13,14,
40
4,3,4,1.79769e+308,1.79769e+308,1.79769e+308,8,9,1.79769e+308,11,12,1.79769e+308,1.79769e+308,1.79769e+308,1.79769e+308,19,20,1.79769e+308,26,25,1.79769e+308,2,3,4,5,1.79769e+308,7,8,9,10,11,12,1.79769e+308,1.79769e+308,17,18,19,1.79769e+308,1.79769e+308,24,0,1,2,3,4,5,6,1.79769e+308,1.79769e+308,11,12,13,14,15,16,1.79769e+308,20,21,22,23,1.79769e+308,1.79769e+308,3,4,5,6,7,8,9,1.79769e+308,13,14,15,16,17,18,19,20,21,22,6,5,4,5,6,7,8,9,10,1.79769e+308,14,15,1.79769e+308,1.79769e+308,18,19,1.79769e+308,21,22,1.79769e+308,7,1.79769e+308,5,6,7,8,9,10,11,12,13,1.79769e+308,1.79769e+308,20,19,20,21,22,1.79769e+308,26,1.79769e+308,7,6,7,8,9,10,11,12,13,14,15,16,1.79769e+308,20,1.79769e+308,1.79769e+308,23,24,25,9,8,1.79769e+308,8,9,1.79769e+308,11,12,13,1.79769e+308,15,16,17,18,19,20,21,22,23,24,10,9,10,1.79769e+308,10,11,12,13,14,15,1.79769e+308,17,18,1.79769e+308,20,21,22,1.79769e+308,24,1.79769e+308,11,1.79769e+308,11,12,11,1.79769e+308,13,14,15,16,17,18,19,20,1.79769e+308,22,23,24,25,26,12,13,1.79769e+308,13,12,13,14,1.79769e+308,16,17,18,1.79769e+308,1.79769e+308,1.79769e+308,1.79769e+308,23,24,1.79769e+308,26,27,1.79769e+308,14,15,14,13,14,1.79769e+308,18,17,18,19,1.79769e+308,27,26,25,24,25,26,27,28,20,1.79769e+308,16,15,14,15,1.79769e+308,19,18,19,20,1.79769e+308,28,27,26,25,26,27,28,29,19,18,17,1.79769e+308,15,1.79769e+308,19,20,19,20,21,1.79769e+308,1.79769e+308,28,27,26,27,28,29,30,20,19,18,17,16,17,18,19,20,21,22,1.79769e+308,1.79769e+308,27,1.79769e+308,27,28,29,30,31,21,20,19,18,17,18,19,20,1.79769e+308,22,23,24,25,26,27,28,29,30,31,32,22,1.79769e+308,1.79769e+308,19,18,19,20,21,22,23,24,25,26,1.79769e+308,28,29,30,31,32,33,23,22,21,20,19,20,21,22,1.79769e+308,24,25,26,27,1.79769e+308,29,30,31,32,33,34,1.79769e+308,23,1.79769e+308,21,20,21,22,23,24,25,26,27,28,29,30,31,1.79769e+308,1.79769e+308,1.79769e+308,35,1.79769e+308,1.79769e+308,23,22,21,22,23,24,25,26,27,28,29,30,31,32,33,34,35,36,
131
17,16,15,1.79769e+308,1.79769e+308,1.79769e+308,11,10,1.79769e+308,8,7,1.79769e+308,1.79769e+308,1.79769e+308,1.79769e+308,12,13,1.79769e+308,17,16,1.79769e+308,15,14,13,12,1.79769e+308,10,9,8,7,6,7,1.79769e+308,1.79769e+308,10,11,12,1.79769e+308,1.79769e+308,15,15,14,13,12,11,10,9,1.79769e+308,1.79769e+308,6,5,6,7,8,9,1.79769e+308,11,12,13,14,1.79769e+308,1.79769e+308,12,11,10,9,8,7,6,1.79769e+308,4,5,6,7,8,9,10,11,12,13,13,12,11,10,9,8,7,6,5,1.79769e+308,3,4,1.79769e+308,1.79769e+308,7,8,1.79769e+308,10,11,1.79769e+308,14,1.79769e+308,10,9,8,7,6,5,4,3,2,1.79769e+308,1.79769e+308,7,6,7,8,9,1.79769e+308,11,1.79769e+308,10,9,8,7,6,5,4,3,2,1,0,1,1.79769e+308,5,1.79769e+308,1.79769e+308,8,9,10,12,11,1.79769e+308,9,8,1.79769e+308,6,5,4,1.79769e+308,2,1,2,3,4,5,6,7,8,9,13,12,13,1.79769e+308,9,8,7,6,5,6,1.79769e+308,2,3,1.79769e+308,5,6,7,1.79769e+308,9,1.79769e+308,14,1.79769e+308,12,11,10,1.79769e+308,8,7,6,5,4,3,4,5,1.79769e+308,7,8,9,10,11,15,16,1.79769e+308,12,11,10,9,1.79769e+308,7,6,5,1.79769e+308,1.79769e+308,1.79769e+308,1.79769e+308,8,9,1.79769e+308,11,12,1.79769e+308,15,14,13,12,11,1.79769e+308,9,8,7,6,1.79769e+308,12,11,10,9,10,11,12,13,19,1.79769e+308,15,14,13,12,1.79769e+308,10,9,8,7,1.79769e+308,13,12,11,10,11,12,13,14,18,17,16,1.79769e+308,14,1.79769e+308,12,11,10,9,8,1.79769e+308,1.79769e+308,13,12,11,12,13,14,15,19,18,17,16,15,14,13,12,11,10,9,1.79769e+308,1.79769e+308,14,1.79769e+308,12,13,14,15,16,20,19,18,17,16,15,14,13,1.79769e+308,11,10,11,12,13,14,13,14,15,16,17,21,1.79769e+308,1.79769e+308,18,17,16,15,14,13,12,11,12,13,1.79769e+308,15,14,15,16,17,18,22,21,20,19,18,17,16,15,1.79769e+308,13,12,13,14,1.79769e+308,16,15,16,17,18,19,1.79769e+308,22,1.79769e+308,20,19,18,17,16,15,14,13,14,15,16,17,16,1.79769e+308,1.79769e+308,1.79769e+308,20,1.79769e+308,1.79769e+308,22,21,20,19,18,17,16,15,14,15,16,17,18,17,18,19,20,21,
227
20,19,18,1.79769e+308,1.79769e+308,1.79769e+308,14,15,1.79769e+308,15,14,1.79769e+308,1.79769e+308,1.79769e+308,1.79769e+308,19,20,1.79769e+308,24,23,1.79769e+308,18,17,16,15,1.79769e+308,13,14,15,14,13,14,1.79769e+308,1.79769e+308,17,18,19,1.79769e+308,1.79769e+308,22,18,17,16,15,14,13,12,1.79769e+308,1.79769e+308,13,12,13,14,15,16,1.79769e+308,18,19,20,21,1.79769e+308,1.79769e+308,15,14,13,12,11,10,9,1.79769e+308,11,12,13,14,15,16,17,18,19,20,16,15,14,13,12,11,10,9,8,1.79769e+308,10,11,1.79769e+308,1.79769e+308,14,15,1.79769e+308,17,18,1.79769e+308,17,1.79769e+308,13,12,11,10,9,8,7,8,9,1.79769e+308,1.79769e+308,14,13,14,15,16,1.79769e+308,18,1.79769e+308,13,12,11,10,9,8,7,6,7,8,9,10,1.79769e+308,12,1.79769e+308,1.79769e+308,15,16,17,15,14,1.79769e+308,10,9,1.79769e+308,7,6,5,1.79769e+308,9,8,9,10,11,12,13,14,15,16,14,13,12,1.79769e+308,8,7,6,5,4,5,1.79769e+308,7,8,1.79769e+308,12,13,14,1.79769e+308,16,1.79769e+308,15,1.79769e+308,11,10,9,1.79769e+308,5,4,3,4,5,6,7,8,1.79769e+308,14,15,16,17,18,14,13,1.79769e+308,9,8,7,6,1.79769e+308,2,3,4,1.79769e+308,1.79769e+308,1.79769e+308,1.79769e+308,15,16,1.79769e+308,18,19,1.79769e+308,12,11,10,9,8,1.79769e+308,0,1,2,3,1.79769e+308,15,14,15,16,17,18,19,20,12,1.79769e+308,10,9,8,9,1.79769e+308,1,2,3,4,1.79769e+308,14,13,14,15,16,17,18,19,11,10,9,1.79769e+308,7,1.79769e+308,3,2,3,4,5,1.79769e+308,1.79769e+308,12,13,14,15,16,17,18,10,9,8,7,6,5,4,3,4,5,6,1.79769e+308,1.79769e+308,11,1.79769e+308,13,14,15,16,17,11,10,9,8,7,6,5,4,1.79769e+308,6,7,8,9,10,11,12,13,14,15,16,12,1.79769e+308,1.79769e+308,9,8,7,6,5,6,7,8,9,10,1.79769e+308,12,13,14,15,16,17,13,12,11,10,9,8,7,6,1.79769e+308,8,9,10,11,1.79769e+308,13,14,15,16,17,18,1.79769e+308,13,1.79769e+308,11,10,9,8,7,8,9,10,11,12,13,14,15,1.79769e+308,1.79769e+308,1.79769e+308,19,1.79769e+308,1.79769e+308,13,12,11,10,9,8,9,10,11,12,13,14,15,16,17,18,19,20,
34
19,18,17,1.79769e+308,1.79769e+308,1.79769e+308,11,10,1.79769e+308,8,7,1.79769e+308,1.79769e+308,1.79769e+308,1.79769e+308,2,3,1.79769e+308,9,8,1.79769e+308,17,16,15,14,1.79769e+308,10,9,8,7,6,5,1.79769e+308,1.79769e+308,0,1,2,1.79769e+308,1.79769e+308,7,17,16,15,14,13,12,11,1.79769e+308,1.79769e+308,6,5,4,3,2,1,1.79769e+308,3,4,5,6,1.79769e+308,1.79769e+308,16,15,14,13,12,13,12,1.79769e+308,6,5,4,3,2,3,4,5,6,7,19,18,17,16,15,14,13,12,11,1.79769e+308,7,6,1.79769e+308,1.79769e+308,3,4,1.79769e+308,6,7,1.79769e+308,20,1.79769e+308,16,15,14,13,12,11,10,9,8,1.79769e+308,1.79769e+308,5,4,5,6,7,1.79769e+308,11,1.79769e+308,18,17,16,15,14,13,12,11,10,9,10,9,1.79769e+308,5,1.79769e+308,1.79769e+308,8,9,10,20,19,1.79769e+308,17,16,1.79769e+308,14,13,12,1.79769e+308,10,9,8,7,6,7,8,9,10,11,21,20,21,1.79769e+308,17,16,15,14,13,14,1.79769e+308,10,9,1.79769e+308,7,8,9,1.79769e+308,11,1.79769e+308,22,1.79769e+308,20,19,18,1.79769e+308,16,15,14,13,12,11,10,11,1.79769e+308,9,10,11,12,13,23,24,1.79769e+308,20,19,18,17,1.79769e+308,15,14,13,1.79769e+308,1.79769e+308,1.79769e+308,1.79769e+308,10,11,1.79769e+308,13,14,1.79769e+308,23,22,21,20,19,1.79769e+308,17,16,15,14,1.79769e+308,14,13,12,11,12,13,14,15,27,1.79769e+308,23,22,21,20,1.79769e+308,18,17,16,15,1.79769e+308,15,14,13,12,13,14,15,16,26,25,24,1.79769e+308,22,1.79769e+308,20,19,18,17,16,1.79769e+308,1.79769e+308,15,14,13,14,15,16,17,27,26,25,24,23,22,21,20,19,18,17,1.79769e+308,1.79769e+308,16,1.79769e+308,14,15,16,17,18,28,27,26,25,24,23,22,21,1.79769e+308,19,18,19,18,17,16,15,16,17,18,19,29,1.79769e+308,1.79769e+308,26,25,24,23,22,21,20,19,20,19,1.79769e+308,17,16,17,18,19,20,30,29,28,27,26,25,24,23,1.79769e+308,21,20,21,20,1.79769e+308,18,17,18,19,20,21,1.79769e+308,30,1.79769e+308,28,27,26,25,24,23,22,21,22,21,20,19,18,1.79769e+308,1.79769e+308,1.79769e+308,22,1.79769e+308,1.79769e+308,30,29,28,27,26,25,24,23,22,23,22,21,20,19,20,21,22,23,
274
29,28,27,1.79769e+308,1.79769e+308,1.79769e+308,23,22,1.79769e+308,20,19,1.79769e+308,1.79769e+308,1.79769e+308,1.79769e+308,16,17,1.79769e+308,19,18,1.79769e+308,27,26,25,24,1.79769e+308,22,21,20,19,18,17,1.79769e+308,1.79769e+308,14,15,16,1.79769e+308,1.79769e+308,17,27,26,25,24,23,22,21,1.79769e+308,1.79769e+308,18,17,16,15,14,13,1.79769e+308,15,14,15,16,1.79769e+308,1.79769e+308,24,23,22,21,20,19,18,1.79769e+308,16,15,14,13,12,13,14,13,14,15,25,24,23,22,21,20,19,18,17,1.79769e+308,15,16,1.79769e+308,1.79769e+308,11,12,1.79769e+308,12,13,1.79769e+308,26,1.79769e+308,22,21,20,19,18,17,16,15,14,1.79769e+308,1.79769e+308,11,10,11,12,11,1.79769e+308,13,1.79769e+308,22,21,20,19,18,17,16,15,14,13,12,11,1.79769e+308,9,1.79769e+308,1.79769e+308,10,11,12,24,23,1.79769e+308,21,20,1.79769e+308,18,17,16,1.79769e+308,12,11,10,9,8,7,8,9,10,11,23,22,21,1.79769e+308,19,18,17,16,15,14,1.79769e+308,12,11,1.79769e+308,7,6,7,1.79769e+308,9,1.79769e+308,22,1.79769e+308,20,19,18,1.79769e+308,16,15,14,13,12,13,12,13,1.79769e+308,5,6,7,8,9,21,20,1.79769e+308,18,17,18,17,1.79769e+308,13,12,11,1.79769e+308,1.79769e+308,1.79769e+308,1.79769e+308,4,5,1.79769e+308,7,8,1.79769e+308,19,18,17,16,17,1.79769e+308,13,12,11,10,1.79769e+308,4,3,2,3,4,5,6,7,19,1.79769e+308,17,16,15,16,1.79769e+308,12,11,10,9,1.79769e+308,3,2,1,2,3,4,5,6,18,17,16,1.79769e+308,14,1.79769e+308,12,11,10,9,8,1.79769e+308,1.79769e+308,1,0,1,2,3,4,5,17,16,15,14,13,12,11,10,9,8,7,1.79769e+308,1.79769e+308,2,1.79769e+308,2,3,4,5,6,18,17,16,15,14,13,12,11,1.79769e+308,7,6,5,4,3,4,3,4,5,6,7,19,1.79769e+308,1.79769e+308,14,13,12,11,10,9,8,7,6,5,1.79769e+308,5,4,5,6,7,8,18,17,16,15,14,13,12,11,1.79769e+308,9,8,7,6,1.79769e+308,6,5,6,7,8,9,1.79769e+308,18,1.79769e+308,16,15,14,13,12,11,10,9,8,7,8,7,6,1.79769e+308,1.79769e+308,1.79769e+308,10,1.79769e+308,1.79769e+308,18,17,16,15,14,13,12,11,10,9,8,9,8,7,8,9,10,11,
81
7,6,5,1.79769e+308,1.79769e+308,1.79769e+308,9,10,1.79769e+308,12,13,1.79769e+308,1.79769e+308,1.79769e+308,1.79769e+308,20,21,1.79769e+308,25,24,1.79769e+308,5,4,5,6,1.79769e+308,8,9,10,11,12,13,1.79769e+308,1.79769e+308,18,19,20,1.79769e+308,1.79769e+308,23,5,4,3,4,5,6,7,1.79769e+308,1.79769e+308,12,13,14,15,16,17,1.79769e+308,19,20,21,22,1.79769e+308,1.79769e+308,2,3,4,5,6,7,8,1.79769e+308,12,13,14,15,16,17,18,19,20,21,1,0,1,2,3,4,5,6,7,1.79769e+308,11,12,1.79769e+308,1.79769e+308,17,18,1.79769e+308,20,21,1.79769e+308,2,1.79769e+308,2,3,4,5,6,7,8,9,10,1.79769e+308,1.79769e+308,19,18,19,20,21,1.79769e+308,23,1.79769e+308,4,3,4,5,6,7,8,9,10,11,12,13,1.79769e+308,17,1.79769e+308,1.79769e+308,20,21,22,6,5,1.79769e+308,5,6,1.79769e+308,8,9,10,1.79769e+308,12,13,14,15,16,17,18,19,20,21,7,6,7,1.79769e+308,7,8,9,10,11,12,1.79769e+308,14,15,1.79769e+308,17,18,19,1.79769e+308,21,1.79769e+308,8,1.79769e+308,8,9,8,1.79769e+308,10,11,12,13,14,15,16,17,1.79769e+308,19,20,21,22,23,9,10,1.79769e+308,10,9,10,11,1.79769e+308,13,14,15,1.79769e+308,1.79769e+308,1.79769e+308,1.79769e+308,20,21,1.79769e+308,23,24,1.79769e+308,11,12,11,10,11,1.79769e+308,15,14,15,16,1.79769e+308,24,23,22,21,22,23,24,25,17,1.79769e+308,13,12,11,12,1.79769e+308,16,15,16,17,1.79769e+308,25,24,23,22,23,24,25,26,16,15,14,1.79769e+308,12,1.79769e+308,16,17,16,17,18,1.79769e+308,1.79769e+308,25,24,23,24,25,26,27,17,16,15,14,13,14,15,16,17,18,19,1.79769e+308,1.79769e+308,24,1.79769e+308,24,25,26,27,28,18,17,16,15,14,15,16,17,1.79769e+308,19,20,21,22,23,24,25,26,27,28,29,19,1.79769e+308,1.79769e+308,16,15,16,17,18,19,20,21,22,23,1.79769e+308,25,26,27,28,29,30,20,19,18,17,16,17,18,19,1.79769e+308,21,22,23,24,1.79769e+308,26,27,28,29,30,31,1.79769e+308,20,1.79769e+308,18,17,18,19,20,21,22,23,24,25,26,27,28,1.79769e+308,1.79769e+308,1.79769e+308,32,1.79769e+308,1.79769e+308,20,19,18,19,20,21,22,23,24,25,26,27,28,29,30,31,32,33,
125
11,10,9,1.79769e+308,1.79769e+308,1.79769e+308,7,8,1.79769e+308,10,11,1.79769e+308,1.79769e+308,1.79769e+308,1.79769e+308,16,17,1.79769e+308,21,20,1.79769e+308,9,8,7,6,1.79769e+308,6,7,8,9,10,11,1.79769e+308,1.79769e+308,14,15,16,1.79769e+308,1.79769e+308,19,9,8,7,6,5,4,5,1.79769e+308,1.79769e+308,10,9,10,11,12,13,1.79769e+308,15,16,17,18,1.79769e+308,1.79769e+308,6,5,4,3,4,5,6,1.79769e+308,8,9,10,11,12,13,14,15,16,17,7,6,5,4,3,2,3,4,5,1.79769e+308,7,8,1.79769e+308,1.79769e+308,13,14,1.79769e+308,16,17,1.79769e+308,8,1.79769e+308,4,3,2,1,2,3,4,5,6,1.79769e+308,1.79769e+308,13,12,13,14,15,1.79769e+308,17,1.79769e+308,4,3,2,1,0,1,2,3,4,5,6,7,1.79769e+308,11,1.79769e+308,1.79769e+308,14,15,16,6,5,1.79769e+308,3,2,1.79769e+308,2,3,4,1.79769e+308,6,7,8,9,10,11,12,13,14,15,7,6,7,1.79769e+308,3,4,3,4,5,6,1.79769e+308,8,9,1.79769e+308,11,12,13,1.79769e+308,15,1.79769e+308,8,1.79769e+308,6,5,4,1.79769e+308,4,5,6,7,8,9,10,11,1.79769e+308,13,14,15,16,17,9,10,1.79769e+308,6,5,6,5,1.79769e+308,7,8,9,1.79769e+308,1.79769e+308,1.79769e+308,1.79769e+308,14,15,1.79769e+308,17,18,1.79769e+308,9,8,7,6,7,1.79769e+308,9,8,9,10,1.79769e+308,18,17,16,15,16,17,18,19,13,1.79769e+308,9,8,7,8,1.79769e+308,10,9,10,11,1.79769e+308,19,18,17,16,17,18,19,20,12,11,10,1.79769e+308,8,1.79769e+308,12,11,10,11,12,1.79769e+308,1.79769e+308,19,18,17,18,19,20,21,13,12,11,10,9,10,11,12,11,12,13,1.79769e+308,1.79769e+308,18,1.79769e+308,18,19,20,21,22,14,13,12,11,10,11,12,13,1.79769e+308,13,14,15,16,17,18,19,20,21,22,23,15,1.79769e+308,1.79769e+308,12,11,12,13,14,15,14,15,16,17,1.79769e+308,19,20,21,22,23,24,16,15,14,13,12,13,14,15,1.79769e+308,15,16,17,18,1.79769e+308,20,21,22,23,24,25,1.79769e+308,16,1.79769e+308,14,13,14,15,16,17,16,17,18,19,20,21,22,1.79769e+308,1.79769e+308,1.79769e+308,26,1.79769e+308,1.79769e+308,16,15,14,15,16,17,18,17,18,19,20,21,22,23,24,25,26,27,
221
16,15,14,1.79769e+308,1.79769e+308,1.79769e+308,16,17,1.79769e+308,19,20,1.79769e+308,1.79769e+308,1.79769e+308,1.79769e+308,25,26,1.79769e+308,30,29,1.79769e+308,14,13,14,13,1.79769e+308,15,16,17,18,19,20,1.79769e+308,1.79769e+308,23,24,25,1.79769e+308,1.79769e+308,28,14,13,12,13,12,13,14,1.79769e+308,1.79769e+308,19,18,19,20,21,22,1.79769e+308,24,25,26,27,1.79769e+308,1.79769e+308,11,12,11,12,13,14,15,1.79769e+308,17,18,19,20,21,22,23,24,25,26,12,11,10,11,10,11,12,13,14,1.79769e+308,16,17,1.79769e+308,1.79769e+308,20,21,1.79769e+308,23,24,1.79769e+308,13,1.79769e+308,9,10,9,10,11,12,13,14,15,1.79769e+308,1.79769e+308,20,19,20,21,22,1.79769e+308,24,1.79769e+308,7,8,9,8,9,10,11,12,13,14,15,16,1.79769e+308,18,1.79769e+308,1.79769e+308,21,22,23,5,6,1.79769e+308,8,7,1.79769e+308,9,10,11,1.79769e+308,15,14,15,16,17,18,19,20,21,22,4,5,6,1.79769e+308,6,7,8,9,10,11,1.79769e+308,13,14,1.79769e+308,18,19,20,1.79769e+308,22,1.79769e+308,3,1.79769e+308,5,4,5,1.79769e+308,7,8,9,10,11,12,13,14,1.79769e+308,20,21,22,23,24,2,1,1.79769e+308,3,4,5,6,1.79769e+308,10,11,12,1.79769e+308,1.79769e+308,1.79769e+308,1.79769e+308,21,22,1.79769e+308,24,25,1.79769e+308,0,1,2,3,4,1.79769e+308,12,11,12,13,1.79769e+308,21,20,21,22,23,24,25,26,6,1.79769e+308,2,3,4,5,1.79769e+308,11,12,13,14,1.79769e+308,20,19,20,21,22,23,24,25,5,4,3,1.79769e+308,5,1.79769e+308,9,10,11,12,13,1.79769e+308,1.79769e+308,18,19,20,21,22,23,24,6,5,4,5,6,7,8,9,10,11,12,1.79769e+308,1.79769e+308,17,1.79769e+308,19,20,21,22,23,7,6,5,6,7,8,9,10,1.79769e+308,12,13,14,15,16,17,18,19,20,21,22,8,1.79769e+308,1.79769e+308,7,8,9,10,11,12,13,14,15,16,1.79769e+308,18,19,20,21,22,23,9,10,9,8,9,10,11,12,1.79769e+308,14,15,16,17,1.79769e+308,19,20,21,22,23,24,1.79769e+308,11,1.79769e+308,9,10,11,12,13,14,15,16,17,18,19,20,21,1.79769e+308,1.79769e+308,1.79769e+308,25,1.79769e+308,1.79769e+308,11,10,11,12,13,14,15,16,17,18,19,20,21,22,23,24,25,26,
28
11,10,9,1.79769e+308,1.79769e+308,1.79769e+308,3,2,1.79769e+308,2,3,1.79769e+308,1.79769e+308,1.79769e+308,1.79769e+308,10,11,1.79769e+308,17,16,1.79769e+308,9,8,7,6,1.79769e+308,2,1,0,1,2,3,1.79769e+308,1.79769e+308,8,9,10,1.79769e+308,1.79769e+308,15,9,8,7,6,5,4,3,1.79769e+308,1.79769e+308,2,3,4,5,6,7,1.79769e+308,11,12,13,14,1.79769e+308,1.79769e+308,8,7,6,5,4,5,6,1.79769e+308,4,5,6,7,8,9,10,11,12,13,11,10,9,8,7,6,5,6,7,1.79769e+308,5,6,1.79769e+308,1.79769e+308,9,10,1.79769e+308,12,13,1.79769e+308,12,1.79769e+308,10,9,8,7,6,7,8,7,6,1.79769e+308,1.79769e+308,11,10,11,12,13,1.79769e+308,17,1.79769e+308,12,11,10,9,8,7,8,9,8,7,8,9,1.79769e+308,11,1.79769e+308,1.79769e+308,14,15,16,14,13,1.79769e+308,11,10,1.79769e+308,8,9,10,1.79769e+308,8,9,10,11,12,13,14,15,16,17,15,14,15,1.79769e+308,11,10,9,10,11,12,1.79769e+308,10,11,1.79769e+308,13,14,15,1.79769e+308,17,1.79769e+308,16,1.79769e+308,14,13,12,1.79769e+308,10,11,12,13,12,11,12,13,1.79769e+308,15,16,17,18,19,17,18,1.79769e+308,14,13,12,11,1.79769e+308,13,14,13,1.79769e+308,1.79769e+308,1.79769e+308,1.79769e+308,16,17,1.79769e+308,19,20,1.79769e+308,17,16,15,14,13,1.79769e+308,15,14,15,14,1.79769e+308,20,19,18,17,18,19,20,21,21,1.79769e+308,17,16,15,14,1.79769e+308,16,15,16,15,1.79769e+308,21,20,19,18,19,20,21,22,20,19,18,1.79769e+308,16,1.79769e+308,18,17,16,17,16,1.79769e+308,1.79769e+308,21,20,19,20,21,22,23,21,20,19,18,17,18,19,18,17,18,17,1.79769e+308,1.79769e+308,22,1.79769e+308,20,21,22,23,24,22,21,20,19,18,19,20,19,1.79769e+308,19,18,19,20,21,22,21,22,23,24,25,23,1.79769e+308,1.79769e+308,20,19,20,21,20,21,20,19,20,21,1.79769e+308,23,22,23,24,25,26,24,23,22,21,20,21,22,21,1.79769e+308,21,20,21,22,1.79769e+308,24,23,24,25,26,27,1.79769e+308,24,1.79769e+308,22,21,22,23,22,23,22,21,22,23,24,25,24,1.79769e+308,1.79769e+308,1.79769e+308,28,1.79769e+308,1.79769e+308,24,23,22,23,24,23,24,23,22,23,24,25,26,25,26,27,28,29,
268
21,20,19,1.79769e+308,1.79769e+308,1.79769e+308,15,16,1.79769e+308,16,15,1.79769e+308,1.79769e+308,1.79769e+308,1.79769e+308,20,21,1.79769e+308,25,24,1.79769e+308,19,18,17,16,1.79769e+308,14,15,16,15,14,15,1.79769e+308,1.79769e+308,18,19,20,1.79769e+308,1.79769e+308,23,19,18,17,16,15,14,13,1.79769e+308,1.79769e+308,14,13,14,15,16,17,1.79769e+308,19,20,21,22,1.79769e+308,1.79769e+308,16,15,14,13,12,11,10,1.79769e+308,12,13,14,15,16,17,18,19,20,21,17,16,15,14,13,12,11,10,9,1.79769e+308,11,12,1.79769e+308,1.79769e+308,15,16,1.79769e+308,18,19,1.79769e+308,18,1.79769e+308,14,13,12,11,10,9,8,9,10,1.79769e+308,1.79769e+308,15,14,15,16,17,1.79769e+308,19,1.79769e+308,14,13,12,11,10,9,8,7,8,9,10,11,1.79769e+308,13,1.79769e+308,1.79769e+308,16,17,18,16,15,1.79769e+308,11,10,1.79769e+308,8,7,6,1.79769e+308,10,9,10,11,12,13,14,15,16,17,15,14,13,1.79769e+308,9,8,7,6,5,6,1.79769e+308,8,9,1.79769e+308,13,14,15,1.79769e+308,17,1.79769e+308,14,1.79769e+308,12,11,10,1.79769e+308,6,5,4,5,6,7,8,9,1.79769e+308,15,16,17,18,19,13,12,1.79769e+308,10,9,8,7,1.79769e+308,3,4,5,1.79769e+308,1.79769e+308,1.79769e+308,1.79769e+308,14,15,1.79769e+308,17,18,1.79769e+308,11,10,9,8,9,1.79769e+308,3,2,3,4,1.79769e+308,12,11,12,13,14,15,16,17,11,1.79769e+308,9,8,7,8,1.79769e+308,2,1,2,3,1.79769e+308,11,10,11,12,13,14,15,16,10,9,8,1.79769e+308,6,1.79769e+308,2,1,0,1,2,1.79769e+308,1.79769e+308,9,10,11,12,13,14,15,9,8,7,6,5,4,3,2,1,2,3,1.79769e+308,1.79769e+308,8,1.79769e+308,10,11,12,13,14,10,9,8,7,6,5,4,3,1.79769e+308,3,4,5,6,7,8,9,10,11,12,13,11,1.79769e+308,1.79769e+308,8,7,6,5,4,5,4,5,6,7,1.79769e+308,9,10,11,12,13,14,12,11,10,9,8,7,6,5,1.79769e+308,5,6,7,8,1.79769e+308,10,11,12,13,14,15,1.79769e+308,12,1.79769e+308,10,9,8,7,6,7,6,7,8,9,10,11,12,1.79769e+308,1.79769e+308,1.79769e+308,16,1.79769e+308,1.79769e+308,12,11,10,9,8,7,8,7,8,9,10,11,12,13,14,15,16,17,
75
20,19,18,1.79769e+308,1.79769e+308,1.79769e+308,12,11,1.79769e+308,9,8,1.79769e+308,1.79769e+308,1.79769e+308,1.79769e+308,5,4,1.79769e+308,8,7,1.79769e+308,18,17,16,15,1.79769e+308,11,10,9,8,7,6,1.79769e+308,1.79769e+308,3,4,3,1.79769e+308,1.79769e+308,6,18,17,16,15,14,13,12,1.79769e+308,1.79769e+308,7,6,5,4,3,2,1.79769e+308,2,3,4,5,1.79769e+308,1.79769e+308,17,16,15,14,13,12,11,1.79769e+308,5,4,3,2,1,0,1,2,3,4,18,17,16,15,14,13,12,11,10,1.79769e+308,6,5,1.79769e+308,1.79769e+308,2,1,1.79769e+308,3,4,1.79769e+308,19,1.79769e+308,15,14,13,12,11,10,9,8,7,1.79769e+308,1.79769e+308,4,3,2,3,4,1.79769e+308,8,1.79769e+308,17,16,15,14,13,12,11,10,9,8,9,8,1.79769e+308,4,1.79769e+308,1.79769e+308,5,6,7,19,18,1.79769e+308,16,15,1.79769e+308,13,12,11,1.79769e+308,9,8,7,6,5,6,7,6,7,8,20,19,20,1.79769e+308,16,15,14,13,12,13,1.79769e+308,9,8,1.79769e+308,6,7,8,1.79769e+308,8,1.79769e+308,21,1.79769e+308,19,18,17,1.79769e+308,15,14,13,12,11,10,9,10,1.79769e+308,8,9,10,9,10,22,23,1.79769e+308,19,18,17,16,1.79769e+308,14,13,12,1.79769e+308,1.79769e+308,1.79769e+308,1.79769e+308,9,10,1.79769e+308,10,11,1.79769e+308,22,21,20,19,18,1.79769e+308,16,15,14,13,1.79769e+308,13,12,11,10,11,12,11,12,26,1.79769e+308,22,21,20,19,1.79769e+308,17,16,15,14,1.79769e+308,14,13,12,11,12,13,12,13,25,24,23,1.79769e+308,21,1.79769e+308,19,18,17,16,15,1.79769e+308,1.79769e+308,14,13,12,13,14,13,14,26,25,24,23,22,21,20,19,18,17,16,1.79769e+308,1.79769e+308,15,1.79769e+308,13,14,15,14,15,27,26,25,24,23,22,21,20,1.79769e+308,18,17,18,17,16,15,14,15,16,15,16,28,1.79769e+308,1.79769e+308,25,24,23,22,21,20,19,18,19,18,1.79769e+308,16,15,16,17,16,17,29,28,27,26,25,24,23,22,1.79769e+308,20,19,20,19,1.79769e+308,17,16,17,18,17,18,1.79769e+308,29,1.79769e+308,27,26,25,24,23,22,21,20,21,20,19,18,17,1.79769e+308,1.79769e+308,1.79769e+308,19,1.79769e+308,1.79769e+308,29,28,27,26,25,24,23,22,21,22,21,20,19,18,19,20,21,20,
119
28,27,26,1.79769e+308,1.79769e+308,1.79769e+308,20,19,1.79769e+308,17,16,1.79769e+308,1.79769e+308,1.79769e+308,1.79769e+308,11,10,1.79769e+308,12,11,1.79769e+308,26,25,24,23,1.79769e+308,19,18,17,16,15,14,1.79769e+308,1.79769e+308,11,10,9,1.79769e+308,1.79769e+308,10,26,25,24,23,22,21,20,1.79769e+308,1.79769e+308,15,14,13,12,11,10,1.79769e+308,8,7,8,9,1.79769e+308,1.79769e+308,23,22,21,20,19,18,17,1.79769e+308,13,12,11,10,9,8,7,6,7,8,24,23,22,21,20,19,18,17,16,1.79769e+308,14,13,1.79769e+308,1.79769e+308,8,7,1.79769e+308,5,6,1.79769e+308,25,1.79769e+308,21,20,19,18,17,16,15,14,13,1.79769e+308,1.79769e+308,8,7,6,5,4,1.79769e+308,0,1.79769e+308,21,20,19,18,17,16,15,14,13,12,11,10,1.79769e+308,8,1.79769e+308,1.79769e+308,3,2,1,23,22,1.79769e+308,20,19,1.79769e+308,17,16,15,1.79769e+308,11,10,9,8,7,6,5,4,3,2,24,23,24,1.79769e+308,20,19,18,17,16,15,1.79769e+308,11,10,1.79769e+308,8,7,6,1.79769e+308,4,1.79769e+308,25,1.79769e+308,23,22,21,1.79769e+308,17,16,15,14,13,12,11,12,1.79769e+308,8,7,6,5,6,26,25,1.79769e+308,21,20,19,18,1.79769e+308,16,15,14,1.79769e+308,1.79769e+308,1.79769e+308,1.79769e+308,9,8,1.79769e+308,6,7,1.79769e+308,24,23,22,21,20,1.79769e+308,18,17,16,15,1.79769e+308,13,12,11,10,9,8,7,8,28,1.79769e+308,24,23,22,21,1.79769e+308,19,18,17,16,1.79769e+308,14,13,12,11,10,9,8,9,27,26,25,1.79769e+308,23,1.79769e+308,21,20,19,18,17,1.79769e+308,1.79769e+308,14,13,12,11,10,9,10,28,27,26,25,24,23,22,21,20,19,18,1.79769e+308,1.79769e+308,15,1.79769e+308,13,12,11,10,11,29,28,27,26,25,24,23,22,1.79769e+308,20,19,18,17,16,15,14,13,12,11,12,30,1.79769e+308,1.79769e+308,27,26,25,24,23,22,21,20,19,18,1.79769e+308,16,15,14,13,12,13,31,30,29,28,27,26,25,24,1.79769e+308,22,21,20,19,1.79769e+308,17,16,15,14,13,14,1.79769e+308,31,1.79769e+308,29,28,27,26,25,24,23,22,21,20,19,18,17,1.79769e+308,1.79769e+308,1.79769e+308,15,1.79769e+308,1.79769e+308,31,30,29,28,27,26,25,24,23,22,21,20,19,18,19,18,17,16,
215
25,24,23,1.79769e+308,1.79769e+308,1.79769e+308,19,18,1.79769e+308,16,15,1.79769e+308,1.79769e+308,1.79769e+308,1.79769e+308,12,13,1.79769e+308,15,14,1.79769e+308,23,22,21,20,1.79769e+308,18,17,16,15,14,13,1.79769e+308,1.79769e+308,10,11,12,1.79769e+308,1.79769e+308,13,23,22,21,20,19,18,17,1.79769e+308,1.79769e+308,14,13,12,11,10,9,1.79769e+308,11,10,11,12,1.79769e+308,1.79769e+308,20,19,18,17,16,15,14,1.79769e+308,12,11,10,9,8,9,10,9,10,11,21,20,19,18,17,16,15,14,13,1.79769e+308,11,12,1.79769e+308,1.79769e+308,7,8,1.79769e+308,8,9,1.79769e+308,22,1.79769e+308,18,17,16,15,14,13,12,11,10,1.79769e+308,1.79769e+308,7,6,7,8,7,1.79769e+308,9,1.79769e+308,18,17,16,15,14,13,12,11,10,9,8,7,1.79769e+308,5,1.79769e+308,1.79769e+308,6,7,8,20,19,1.79769e+308,17,16,1.79769e+308,14,13,12,1.79769e+308,8,7,6,5,4,3,4,5,6,7,21,20,21,1.79769e+308,17,16,15,14,13,12,1.79769e+308,8,7,1.79769e+308,3,2,3,1.79769e+308,5,1.79769e+308,22,1.79769e+308,20,19,18,1.79769e+308,14,13,12,11,10,9,8,9,1.79769e+308,1,2,3,4,5,23,22,1.79769e+308,18,17,16,15,1.79769e+308,13,12,11,1.79769e+308,1.79769e+308,1.79769e+308,1.79769e+308,0,1,1.79769e+308,5,6,1.79769e+308,21,20,19,18,17,1.79769e+308,15,14,13,12,1.79769e+308,4,3,2,1,2,3,4,5,23,1.79769e+308,21,20,19,18,1.79769e+308,16,15,14,13,1.79769e+308,5,4,3,2,3,4,5,6,22,21,20,1.79769e+308,18,1.79769e+308,16,15,14,13,12,1.79769e+308,1.79769e+308,5,4,3,4,5,6,7,21,20,19,18,17,16,15,14,13,12,11,1.79769e+308,1.79769e+308,6,1.79769e+308,4,5,6,7,8,22,21,20,19,18,17,16,15,1.79769e+308,11,10,9,8,7,6,5,6,7,8,9,23,1.79769e+308,1.79769e+308,18,17,16,15,14,13,12,11,10,9,1.79769e+308,7,6,7,8,9,10,22,21,20,19,18,17,16,15,1.79769e+308,13,12,11,10,1.79769e+308,8,7,8,9,10,11,1.79769e+308,22,1.79769e+308,20,19,18,17,16,15,14,13,12,11,10,9,8,1.79769e+308,1.79769e+308,1.79769e+308,12,1.79769e+308,1.79769e+308,22,21,20,19,18,17,16,15,14,13,12,11,10,9,10,11,12,13,
22
3,2,1,1.79769e+308,1.79769e+308,1.79769e+308,7,8,1.79769e+308,10,11,1.79769e+308,1.79769e+308,1.79769e+308,1.79769e+308,18,19,1.79769e+308,25,24,1.79769e+308,1,0,1,2,1.79769e+308,6,7,8,9,10,11,1.79769e+308,1.79769e+308,16,17,18,1.79769e+308,1.79769e+308,23,3,2,1,2,3,4,5,1.79769e+308,1.79769e+308,10,11,12,13,14,15,1.79769e+308,19,20,21,22,1.79769e+308,1.79769e+308,2,3,4,5,6,7,8,1.79769e+308,12,13,14,15,16,17,18,19,20,21,5,4,3,4,5,6,7,8,9,1.79769e+308,13,14,1.79769e+308,1.79769e+308,17,18,1.79769e+308,20,21,1.79769e+308,6,1.79769e+308,4,5,6,7,8,9,10,11,12,1.79769e+308,1.79769e+308,19,18,19,20,21,1.79769e+308,25,1.79769e+308,6,5,6,7,8,9,10,11,12,13,14,15,1.79769e+308,19,1.79769e+308,1.79769e+308,22,23,24,8,7,1.79769e+308,7,8,1.79769e+308,10,11,12,1.79769e+308,14,15,16,17,18,19,20,21,22,23,9,8,9,1.79769e+308,9,10,11,12,13,14,1.79769e+308,16,17,1.79769e+308,19,20,21,1.79769e+308,23,1.79769e+308,10,1.79769e+308,10,11,10,1.79769e+308,12,13,14,15,16,17,18,19,1.79769e+308,21,22,23,24,25,11,12,1.79769e+308,12,11,12,13,1.79769e+308,15,16,17,1.79769e+308,1.79769e+308,1.79769e+308,1.79769e+308,22,23,1.79769e+308,25,26,1.79769e+308,13,14,13,12,13,1.79769e+308,17,16,17,18,1.79769e+308,26,25,24,23,24,25,26,27,19,1.79769e+308,15,14,13,14,1.79769e+308,18,17,18,19,1.79769e+308,27,26,25,24,25,26,27,28,18,17,16,1.79769e+308,14,1.79769e+308,18,19,18,19,20,1.79769e+308,1.79769e+308,27,26,25,26,27,28,29,19,18,17,16,15,16,17,18,19,20,21,1.79769e+308,1.79769e+308,26,1.79769e+308,26,27,28,29,30,20,19,18,17,16,17,18,19,1.79769e+308,21,22,23,24,25,26,27,28,29,30,31,21,1.79769e+308,1.79769e+308,18,17,18,19,20,21,22,23,24,25,1.79769e+308,27,28,29,30,31,32,22,21,20,19,18,19,20,21,1.79769e+308,23,24,25,26,1.79769e+308,28,29,30,31,32,33,1.79769e+308,22,1.79769e+308,20,19,20,21,22,23,24,25,26,27,28,29,30,1.79769e+308,1.79769e+308,1.79769e+308,34,1.79769e+308,1.79769e+308,22,21,20,21,22,23,24,25,26,27,28,29,30,31,32,33,34,35,
267
22,21,20,1.79769e+308,1.79769e+308,1.79769e+308,16,17,1.79769e+308,17,16,1.79769e+308,1.79769e+308,1.79769e+308,1.79769e+308,21,22,1.79769e+308,26,25,1.79769e+308,20,19,18,17,1.79769e+308,15,16,17,16,15,16,1.79769e+308,1.79769e+308,19,20,21,1.79769e+308,1.79769e+308,24,20,19,18,17,16,15,14,1.79769e+308,1.79769e+308,15,14,15,16,17,18,1.79769e+308,20,21,22,23,1.79769e+308,1.79769e+308,17,16,15,14,13,12,11,1.79769e+308,13,14,15,16,17,18,19,20,21,22,18,17,16,15,14,13,12,11,10,1.79769e+308,12,13,1.79769e+308,1.79769e+308,16,17,1.79769e+308,19,20,1.79769e+308,19,1.79769e+308,15,14,13,12,11,10,9,10,11,1.79769e+308,1.79769e+308,16,15,16,17,18,1.79769e+308,20,1.79769e+308,15,14,13,12,11,10,9,8,9,10,11,12,1.79769e+308,14,1.79769e+308,1.79769e+308,17,18,19,15,14,1.79769e+308,12,11,1.79769e+308,9,8,7,1.79769e+308,11,10,11,12,13,14,15,16,17,18,14,13,12,1.79769e+308,10,9,8,7,6,7,1.79769e+308,9,10,1.79769e+308,14,15,16,1.79769e+308,18,1.79769e+308,13,1.79769e+308,11,10,9,1.79769e+308,7,6,5,6,7,8,9,10,1.79769e+308,16,17,18,19,20,12,11,1.79769e+308,9,8,9,8,1.79769e+308,4,5,6,1.79769e+308,1.79769e+308,1.79769e+308,1.79769e+308,15,16,1.79769e+308,18,19,1.79769e+308,10,9,8,7,8,1.79769e+308,2,3,4,5,1.79769e+308,13,12,13,14,15,16,17,18,10,1.79769e+308,8,7,6,7,1.79769e+308,1,2,3,4,1.79769e+308,12,11,12,13,14,15,16,17,9,8,7,1.79769e+308,5,1.79769e+308,1,0,1,2,3,1.79769e+308,1.79769e+308,10,11,12,13,14,15,16,8,7,6,5,4,3,2,1,2,3,4,1.79769e+308,1.79769e+308,9,1.79769e+308,11,12,13,14,15,9,8,7,6,5,4,3,2,1.79769e+308,4,5,6,7,8,9,10,11,12,13,14,10,1.79769e+308,1.79769e+308,7,6,5,4,3,4,5,6,7,8,1.79769e+308,10,11,12,13,14,15,11,10,9,8,7,6,5,4,1.79769e+308,6,7,8,9,1.79769e+308,11,12,13,14,15,16,1.79769e+308,11,1.79769e+308,9,8,7,6,5,6,7,8,9,10,11,12,13,1.79769e+308,1.79769e+308,1.79769e+308,17,1.79769e+308,1.79769e+308,11,10,9,8,7,6,7,8,9,10,11,12,13,14,15,16,17,18,
74
19,18,17,1.79769e+308,1.79769e+308,1.79769e+308,11,10,1.79769e+308,8,7,1.79769e+308,1.79769e+308,1.79769e+308,1.79769e+308,4,5,1.79769e+308,9,8,1.79769e+308,17,16,15,14,1.79769e+308,10,9,8,7,6,5,1.79769e+308,1.79769e+308,2,3,4,1.79769e+308,1.79769e+308,7,17,16,15,14,13,12,11,1.79769e+308,1.79769e+308,6,5,4,3,2,1,1.79769e+308,3,4,5,6,1.79769e+308,1.79769e+308,16,15,14,13,12,11,10,1.79769e+308,4,3,2,1,0,1,2,3,4,5,17,16,15,14,13,12,11,10,9,1.79769e+308,5,4,1.79769e+308,1.79769e+308,1,2,1.79769e+308,4,5,1.79769e+308,18,1.79769e+308,14,13,12,11,10,9,8,7,6,1.79769e+308,1.79769e+308,3,2,3,4,5,1.79769e+308,9,1.79769e+308,16,15,14,13,12,11,10,9,8,7,8,7,1.79769e+308,3,1.79769e+308,1.79769e+308,6,7,8,18,17,1.79769e+308,15,14,1.79769e+308,12,11,10,1.79769e+308,8,7,6,5,4,5,6,7,8,9,19,18,19,1.79769e+308,15,14,13,12,11,12,1.79769e+308,8,7,1.79769e+308,5,6,7,1.79769e+308,9,1.79769e+308,20,1.79769e+308,18,17,16,1.79769e+308,14,13,12,11,10,9,8,9,1.79769e+308,7,8,9,10,11,21,22,1.79769e+308,18,17,16,15,1.79769e+308,13,12,11,1.79769e+308,1.79769e+308,1.79769e+308,1.79769e+308,8,9,1.79769e+308,11,12,1.79769e+308,21,20,19,18,17,1.79769e+308,15,14,13,12,1.79769e+308,12,11,10,9,10,11,12,13,25,1.79769e+308,21,20,19,18,1.79769e+308,16,15,14,13,1.79769e+308,13,12,11,10,11,12,13,14,24,23,22,1.79769e+308,20,1.79769e+308,18,17,16,15,14,1.79769e+308,1.79769e+308,13,12,11,12,13,14,15,25,24,23,22,21,20,19,18,17,16,15,1.79769e+308,1.79769e+308,14,1.79769e+308,12,13,14,15,16,26,25,24,23,22,21,20,19,1.79769e+308,17,16,17,16,15,14,13,14,15,16,17,27,1.79769e+308,1.79769e+308,24,23,22,21,20,19,18,17,18,17,1.79769e+308,15,14,15,16,17,18,28,27,26,25,24,23,22,21,1.79769e+308,19,18,19,18,1.79769e+308,16,15,16,17,18,19,1.79769e+308,28,1.79769e+308,26,25,24,23,22,21,20,19,20,19,18,17,16,1.79769e+308,1.79769e+308,1.79769e+308,20,1.79769e+308,1.79769e+308,28,27,26,25,24,23,22,21,20,21,20,19,18,17,18,19,20,21,
21
2,1,2,1.79769e+308,1.79769e+308,1.79769e+308,8,9,1.79769e+308,11,12,1.79769e+308,1.79769e+308,1.79769e+308,1.79769e+308,19,20,1.79769e+308,26,25,1.79769e+308,0,1,2,3,1.79769e+308,7,8,9,10,11,12,1.79769e+308,1.79769e+308,17,18,19,1.79769e+308,1.79769e+308,24,2,1,2,3,4,5,6,1.79769e+308,1.79769e+308,11,12,13,14,15,16,1.79769e+308,20,21,22,23,1.79769e+308,1.79769e+308,3,4,5,6,7,8,9,1.79769e+308,13,14,15,16,17,18,19,20,21,22,6,5,4,5,6,7,8,9,10,1.79769e+308,14,15,1.79769e+308,1.79769e+308,18,19,1.79769e+308,21,22,1.79769e+308,7,1.79769e+308,5,6,7,8,9,10,11,12,13,1.79769e+308,1.79769e+308,20,19,20,21,22,1.79769e+308,26,1.79769e+308,7,6,7,8,9,10,11,12,13,14,15,16,1.79769e+308,20,1.79769e+308,1.79769e+308,23,24,25,9,8,1.79769e+308,8,9,1.79769e+308,11,12,13,1.79769e+308,15,16,17,18,19,20,21,22,23,24,10,9,10,1.79769e+308,10,11,12,13,14,15,1.79769e+308,17,18,1.79769e+308,20,21,22,1.79769e+308,24,1.79769e+308,11,1.79769e+308,11,12,11,1.79769e+308,13,14,15,16,17,18,19,20,1.79769e+308,22,23,24,25,26,12,13,1.79769e+308,13,12,13,14,1.79769e+308,16,17,18,1.79769e+308,1.79769e+308,1.79769e+308,1.79769e+308,23,24,1.79769e+308,26,27,1.79769e+308,14,15,14,13,14,1.79769e+308,18,17,18,19,1.79769e+308,27,26,25,24,25,26,27,28,20,1.79769e+308,16,15,14,15,1.79769e+308,19,18,19,20,1.79769e+308,28,27,26,25,26,27,28,29,19,18,17,1.79769e+308,15,1.79769e+308,19,20,19,20,21,1.79769e+308,1.79769e+308,28,27,26,27,28,29,30,20,19,18,17,16,17,18,19,20,21,22,1.79769e+308,1.79769e+308,27,1.79769e+308,27,28,29,30,31,21,20,19,18,17,18,19,20,1.79769e+308,22,23,24,25,26,27,28,29,30,31,32,22,1.79769e+308,1.79769e+308,19,18,19,20,21,22,23,24,25,26,1.79769e+308,28,29,30,31,32,33,23,22,21,20,19,20,21,22,1.79769e+308,24,25,26,27,1.79769e+308,29,30,31,32,33,34,1.79769e+308,23,1.79769e+308,21,20,21,22,23,24,25,26,27,28,29,30,31,1.79769e+308,1.79769e+308,1.79769e+308,35,1.79769e+308,1.79769e+308,23,22,21,22,23,24,25,26,27,28,29,30,31,32,33,34,35,36,
238
29,28,27,1.79769e+308,1.79769e+308,1.79769e+308,23,22,1.79769e+308,20,19,1.79769e+308,1.79769e+308,1.79769e+308,1.79769e+308,14,13,1.79769e+308,15,14,1.79769e+308,27,26,25,24,1.79769e+308,22,21,20,19,18,17,1.79769e+308,1.79769e+308,14,13,12,1.79769e+308,1.79769e+308,13,27,26,25,24,23,22,21,1.79769e+308,1.79769e+308,18,17,16,15,14,13,1.79769e+308,11,10,11,12,1.79769e+308,1.79769e+308,24,23,22,21,20,19,18,1.79769e+308,16,15,14,13,12,11,10,9,10,11,25,24,23,22,21,20,19,18,17,1.79769e+308,15,16,1.79769e+308,1.79769e+308,11,10,1.79769e+308,8,9,1.79769e+308,26,1.79769e+308,22,21,20,19,18,17,16,15,14,1.79769e+308,1.79769e+308,11,10,9,8,7,1.79769e+308,7,1.79769e+308,22,21,20,19,18,17,16,15,14,13,12,11,1.79769e+308,9,1.79769e+308,1.79769e+308,6,5,6,24,23,1.79769e+308,21,20,1.79769e+308,18,17,16,1.79769e+308,12,11,10,9,8,7,6,5,4,5,25,24,25,1.79769e+308,21,20,19,18,17,16,1.79769e+308,12,11,1.79769e+308,7,6,5,1.79769e+308,3,1.79769e+308,26,1.79769e+308,24,23,22,1.79769e+308,18,17,16,15,14,13,12,13,1.79769e+308,5,4,3,2,3,27,26,1.79769e+308,22,21,20,19,1.79769e+308,17,16,15,1.79769e+308,1.79769e+308,1.79769e+308,1.79769e+308,4,3,1.79769e+308,1,2,1.79769e+308,25,24,23,22,21,1.79769e+308,19,18,17,16,1.79769e+308,6,5,4,3,2,1,0,1,25,1.79769e+308,23,22,21,22,1.79769e+308,18,17,16,15,1.79769e+308,7,6,5,4,3,2,1,2,24,23,22,1.79769e+308,20,1.79769e+308,18,17,16,15,14,1.79769e+308,1.79769e+308,7,6,5,4,3,2,3,23,22,21,20,19,18,17,16,15,14,13,1.79769e+308,1.79769e+308,8,1.79769e+308,6,5,4,3,4,24,23,22,21,20,19,18,17,1.79769e+308,13,12,11,10,9,8,7,6,5,4,5,25,1.79769e+308,1.79769e+308,20,19,18,17,16,15,14,13,12,11,1.79769e+308,9,8,7,6,5,6,24,23,22,21,20,19,18,17,1.79769e+308,15,14,13,12,1.79769e+308,10,9,8,7,6,7,1.79769e+308,24,1.79769e+308,22,21,20,19,18,17,16,15,14,13,12,11,10,1.79769e+308,1.79769e+308,1.79769e+308,8,1.79769e+308,1.79769e+308,24,23,22,21,20,19,18,17,16,15,14,13,12,11,12,11,10,9,
45
7,6,5,1.79769e+308,1.79769e+308,1.79769e+308,3,4,1.79769e+308,6,7,1.79769e+308,1.79769e+308,1.79769e+308,1.79769e+308,14,15,1.79769e+308,21,20,1.79769e+308,5,4,3,2,1.79769e+308,2,3,4,5,6,7,1.79769e+308,1.79769e+308,12,13,14,1.79769e+308,1.79769e+308,19,5,4,3,2,1,0,1,1.79769e+308,1.79769e+308,6,7,8,9,10,11,1.79769e+308,15,16,17,18,1.79769e+308,1.79769e+308,4,3,2,1,2,3,4,1.79769e+308,8,9,10,11,12,13,14,15,16,17,7,6,5,4,3,2,3,4,5,1.79769e+308,9,10,1.79769e+308,1.79769e+308,13,14,1.79769e+308,16,17,1.79769e+308,8,1.79769e+308,6,5,4,3,4,5,6,7,8,1.79769e+308,1.79769e+308,15,14,15,16,17,1.79769e+308,21,1.79769e+308,8,7,6,5,4,5,6,7,8,9,10,11,1.79769e+308,15,1.79769e+308,1.79769e+308,18,19,20,10,9,1.79769e+308,7,6,1.79769e+308,6,7,8,1.79769e+308,10,11,12,13,14,15,16,17,18,19,11,10,11,1.79769e+308,7,8,7,8,9,10,1.79769e+308,12,13,1.79769e+308,15,16,17,1.79769e+308,19,1.79769e+308,12,1.79769e+308,10,9,8,1.79769e+308,8,9,10,11,12,13,14,15,1.79769e+308,17,18,19,20,21,13,14,1.79769e+308,10,9,10,9,1.79769e+308,11,12,13,1.79769e+308,1.79769e+308,1.79769e+308,1.79769e+308,18,19,1.79769e+308,21,22,1.79769e+308,13,12,11,10,11,1.79769e+308,13,12,13,14,1.79769e+308,22,21,20,19,20,21,22,23,17,1.79769e+308,13,12,11,12,1.79769e+308,14,13,14,15,1.79769e+308,23,22,21,20,21,22,23,24,16,15,14,1.79769e+308,12,1.79769e+308,16,15,14,15,16,1.79769e+308,1.79769e+308,23,22,21,22,23,24,25,17,16,15,14,13,14,15,16,15,16,17,1.79769e+308,1.79769e+308,22,1.79769e+308,22,23,24,25,26,18,17,16,15,14,15,16,17,1.79769e+308,17,18,19,20,21,22,23,24,25,26,27,19,1.79769e+308,1.79769e+308,16,15,16,17,18,19,18,19,20,21,1.79769e+308,23,24,25,26,27,28,20,19,18,17,16,17,18,19,1.79769e+308,19,20,21,22,1.79769e+308,24,25,26,27,28,29,1.79769e+308,20,1.79769e+308,18,17,18,19,20,21,20,21,22,23,24,25,26,1.79769e+308,1.79769e+308,1.79769e+308,30,1.79769e+308,1.79769e+308,20,19,18,19,20,21,22,21,22,23,24,25,26,27,28,29,30,31,
113
22,21,20,1.79769e+308,1.79769e+308,1.79769e+308,14,13,1.79769e+308,11,10,1.79769e+308,1.79769e+308,1.79769e+308,1.79769e+308,7,8,1.79769e+308,12,11,1.79769e+308,20,19,18,17,1.79769e+308,13,12,11,10,9,8,1.79769e+308,1.79769e+308,5,6,7,1.79769e+308,1.79769e+308,10,20,19,18,17,16,15,14,1.79769e+308,1.79769e+308,9,8,7,6,5,4,1.79769e+308,6,7,8,9,1.79769e+308,1.79769e+308,19,18,17,16,15,14,13,1.79769e+308,7,6,5,4,3,4,5,6,7,8,20,19,18,17,16,15,14,13,12,1.79769e+308,8,7,1.79769e+308,1.79769e+308,2,3,1.79769e+308,5,6,1.79769e+308,21,1.79769e+308,17,16,15,14,13,12,11,10,9,1.79769e+308,1.79769e+308,0,1,2,3,4,1.79769e+308,8,1.79769e+308,17,16,15,14,13,12,11,10,9,8,7,6,1.79769e+308,2,1.79769e+308,1.79769e+308,5,6,7,19,18,1.79769e+308,16,15,1.79769e+308,13,12,11,1.79769e+308,7,6,5,4,3,4,5,6,7,8,20,19,20,1.79769e+308,16,15,14,13,12,11,1.79769e+308,7,6,1.79769e+308,4,5,6,1.79769e+308,8,1.79769e+308,21,1.79769e+308,19,18,17,1.79769e+308,13,12,11,10,9,8,7,8,1.79769e+308,6,7,8,9,10,22,21,1.79769e+308,17,16,15,14,1.79769e+308,12,11,10,1.79769e+308,1.79769e+308,1.79769e+308,1.79769e+308,7,8,1.79769e+308,10,11,1.79769e+308,20,19,18,17,16,1.79769e+308,14,13,12,11,1.79769e+308,11,10,9,8,9,10,11,12,24,1.79769e+308,20,19,18,17,1.79769e+308,15,14,13,12,1.79769e+308,12,11,10,9,10,11,12,13,23,22,21,1.79769e+308,19,1.79769e+308,17,16,15,14,13,1.79769e+308,1.79769e+308,12,11,10,11,12,13,14,24,23,22,21,20,19,18,17,16,15,14,1.79769e+308,1.79769e+308,13,1.79769e+308,11,12,13,14,15,25,24,23,22,21,20,19,18,1.79769e+308,16,15,16,15,14,13,12,13,14,15,16,26,1.79769e+308,1.79769e+308,23,22,21,20,19,18,17,16,17,16,1.79769e+308,14,13,14,15,16,17,27,26,25,24,23,22,21,20,1.79769e+308,18,17,18,17,1.79769e+308,15,14,15,16,17,18,1.79769e+308,27,1.79769e+308,25,24,23,22,21,20,19,18,19,18,17,16,15,1.79769e+308,1.79769e+308,1.79769e+308,19,1.79769e+308,1.79769e+308,27,26,25,24,23,22,21,20,19,20,19,18,17,16,17,18,19,20,
209
19,18,17,1.79769e+308,1.79769e+308,1.79769e+308,13,14,1.79769e+308,14,13,1.79769e+308,1.79769e+308,1.79769e+308,1.79769e+308,16,17,1.79769e+308,21,20,1.79769e+308,17,16,15,14,1.79769e+308,12,13,14,13,12,13,1.79769e+308,1.79769e+308,14,15,16,1.79769e+308,1.79769e+308,19,17,16,15,14,13,12,11,1.79769e+308,1.79769e+308,12,11,12,13,14,13,1.79769e+308,15,16,17,18,1.79769e+308,1.79769e+308,14,13,12,11,10,9,8,1.79769e+308,10,11,12,13,12,13,14,15,16,17,15,14,13,12,11,10,9,8,7,1.79769e+308,9,10,1.79769e+308,1.79769e+308,11,12,1.79769e+308,14,15,1.79769e+308,16,1.79769e+308,12,11,10,9,8,7,6,7,8,1.79769e+308,1.79769e+308,11,10,11,12,13,1.79769e+308,15,1.79769e+308,12,11,10,9,8,7,6,5,6,7,6,7,1.79769e+308,9,1.79769e+308,1.79769e+308,12,13,14,14,13,1.79769e+308,9,8,1.79769e+308,6,5,4,1.79769e+308,6,5,6,7,8,9,10,11,12,13,13,12,11,1.79769e+308,7,6,5,4,3,2,1.79769e+308,4,5,1.79769e+308,9,10,11,1.79769e+308,13,1.79769e+308,14,1.79769e+308,10,9,8,1.79769e+308,4,3,2,1,2,3,4,5,1.79769e+308,11,12,13,14,15,13,12,1.79769e+308,8,7,6,5,1.79769e+308,1,0,1,1.79769e+308,1.79769e+308,1.79769e+308,1.79769e+308,12,13,1.79769e+308,15,16,1.79769e+308,11,10,9,8,7,1.79769e+308,3,2,1,2,1.79769e+308,14,13,14,13,14,15,16,17,15,1.79769e+308,11,10,9,8,1.79769e+308,4,3,2,3,1.79769e+308,13,12,13,14,15,16,17,18,14,13,12,1.79769e+308,10,1.79769e+308,6,5,4,3,4,1.79769e+308,1.79769e+308,11,12,13,14,15,16,17,13,12,11,10,9,8,7,6,5,4,5,1.79769e+308,1.79769e+308,10,1.79769e+308,12,13,14,15,16,14,13,12,11,10,9,8,7,1.79769e+308,5,6,7,8,9,10,11,12,13,14,15,15,1.79769e+308,1.79769e+308,12,11,10,9,8,7,6,7,8,9,1.79769e+308,11,12,13,14,15,16,16,15,14,13,12,11,10,9,1.79769e+308,7,8,9,10,1.79769e+308,12,13,14,15,16,17,1.79769e+308,16,1.79769e+308,14,13,12,11,10,9,8,9,10,11,12,13,14,1.79769e+308,1.79769e+308,1.79769e+308,18,1.79769e+308,1.79769e+308,16,15,14,13,12,11,10,9,10,11,12,13,14,15,16,17,18,19,
16
22,21,20,1.79769e+308,1.79769e+308,1.79769e+308,14,13,1.79769e+308,11,10,1.79769e+308,1.79769e+308,1.79769e+308,1.79769e+308,1,0,1.79769e+308,8,7,1.79769e+308,20,19,18,17,1.79769e+308,13,12,11,10,9,8,1.79769e+308,1.79769e+308,3,2,1,1.79769e+308,1.79769e+308,6,20,19,18,17,16,15,14,1.79769e+308,1.79769e+308,9,8,7,6,5,4,1.79769e+308,2,3,4,5,1.79769e+308,1.79769e+308,19,18,17,16,15,16,15,1.79769e+308,9,8,7,6,5,4,3,4,5,6,22,21,20,19,18,17,16,15,14,1.79769e+308,10,9,1.79769e+308,1.79769e+308,6,5,1.79769e+308,5,6,1.79769e+308,23,1.79769e+308,19,18,17,16,15,14,13,12,11,1.79769e+308,1.79769e+308,8,7,6,7,6,1.79769e+308,10,1.79769e+308,21,20,19,18,17,16,15,14,13,12,13,12,1.79769e+308,8,1.79769e+308,1.79769e+308,7,8,9,23,22,1.79769e+308,20,19,1.79769e+308,17,16,15,1.79769e+308,13,12,11,10,9,10,9,8,9,10,24,23,24,1.79769e+308,20,19,18,17,16,17,1.79769e+308,13,12,1.79769e+308,10,11,10,1.79769e+308,10,1.79769e+308,25,1.79769e+308,23,22,21,1.79769e+308,19,18,17,16,15,14,13,14,1.79769e+308,12,11,12,11,12,26,27,1.79769e+308,23,22,21,20,1.79769e+308,18,17,16,1.79769e+308,1.79769e+308,1.79769e+308,1.79769e+308,13,12,1.79769e+308,12,13,1.79769e+308,26,25,24,23,22,1.79769e+308,20,19,18,17,1.79769e+308,17,16,15,14,13,14,13,14,30,1.79769e+308,26,25,24,23,1.79769e+308,21,20,19,18,1.79769e+308,18,17,16,15,14,15,14,15,29,28,27,1.79769e+308,25,1.79769e+308,23,22,21,20,19,1.79769e+308,1.79769e+308,18,17,16,15,16,15,16,30,29,28,27,26,25,24,23,22,21,20,1.79769e+308,1.79769e+308,19,1.79769e+308,17,16,17,16,17,31,30,29,28,27,26,25,24,1.79769e+308,22,21,22,21,20,19,18,17,18,17,18,32,1.79769e+308,1.79769e+308,29,28,27,26,25,24,23,22,23,22,1.79769e+308,20,19,18,19,18,19,33,32,31,30,29,28,27,26,1.79769e+308,24,23,24,23,1.79769e+308,21,20,19,20,19,20,1.79769e+308,33,1.79769e+308,31,30,29,28,27,26,25,24,25,24,23,22,21,1.79769e+308,1.79769e+308,1.79769e+308,21,1.79769e+308,1.79769e+308,33,32,31,30,29,28,27,26,25,26,25,24,23,22,23,24,23,22,
141
10,9,8,1.79769e+308,1.79769e+308,1.79769e+308,12,13,1.79769e+308,15,16,1.79769e+308,1.79769e+308,1.79769e+308,1.79769e+308,21,22,1.79769e+308,26,25,1.79769e+308,8,7,8,9,1.79769e+308,11,12,13,14,15,16,1.79769e+308,1.79769e+308,19,20,21,1.79769e+308,1.79769e+308,24,8,7,6,7,8,9,10,1.79769e+308,1.79769e+308,15,14,15,16,17,18,1.79769e+308,20,21,22,23,1.79769e+308,1.79769e+308,5,6,7,8,9,10,11,1.79769e+308,13,14,15,16,17,18,19,20,21,22,6,5,4,5,6,7,8,9,10,1.79769e+308,12,13,1.79769e+308,1.79769e+308,18,19,1.79769e+308,21,22,1.79769e+308,7,1.79769e+308,3,4,5,6,7,8,9,10,11,1.79769e+308,1.79769e+308,18,17,18,19,20,1.79769e+308,22,1.79769e+308,1,2,3,4,5,6,7,8,9,10,11,12,1.79769e+308,16,1.79769e+308,1.79769e+308,19,20,21,1,0,1.79769e+308,4,5,1.79769e+308,7,8,9,1.79769e+308,11,12,13,14,15,16,17,18,19,20,2,1,2,1.79769e+308,6,7,8,9,10,11,1.79769e+308,13,14,1.79769e+308,16,17,18,1.79769e+308,20,1.79769e+308,3,1.79769e+308,3,4,5,1.79769e+308,9,10,11,12,13,14,15,16,1.79769e+308,18,19,20,21,22,4,5,1.79769e+308,5,6,7,8,1.79769e+308,12,13,14,1.79769e+308,1.79769e+308,1.79769e+308,1.79769e+308,19,20,1.79769e+308,22,23,1.79769e+308,6,7,6,7,8,1.79769e+308,14,13,14,15,1.79769e+308,23,22,21,20,21,22,23,24,12,1.79769e+308,8,7,8,9,1.79769e+308,15,14,15,16,1.79769e+308,24,23,22,21,22,23,24,25,11,10,9,1.79769e+308,9,1.79769e+308,13,14,15,16,17,1.79769e+308,1.79769e+308,22,23,22,23,24,25,26,12,11,10,11,10,11,12,13,14,15,16,1.79769e+308,1.79769e+308,21,1.79769e+308,23,24,25,26,27,13,12,11,12,11,12,13,14,1.79769e+308,16,17,18,19,20,21,22,23,24,25,26,14,1.79769e+308,1.79769e+308,13,12,13,14,15,16,17,18,19,20,1.79769e+308,22,23,24,25,26,27,15,16,15,14,13,14,15,16,1.79769e+308,18,19,20,21,1.79769e+308,23,24,25,26,27,28,1.79769e+308,17,1.79769e+308,15,14,15,16,17,18,19,20,21,22,23,24,25,1.79769e+308,1.79769e+308,1.79769e+308,29,1.79769e+308,1.79769e+308,17,16,15,16,17,18,19,20,21,22,23,24,25,26,27,28,29,30,
237
28,27,26,1.79769e+308,1.79769e+308,1.79769e+308,22,21,1.79769e+308,19,18,1.79769e+308,1.79769e+308,1.79769e+308,1.79769e+308,15,14,1.79769e+308,16,15,1.79769e+308,26,25,24,23,1.79769e+308,21,20,19,18,17,16,1.79769e+308,1.79769e+308,13,14,13,1.79769e+308,1.79769e+308,14,26,25,24,23,22,21,20,1.79769e+308,1.79769e+308,17,16,15,14,13,12,1.79769e+308,12,11,12,13,1.79769e+308,1.79769e+308,23,22,21,20,19,18,17,1.79769e+308,15,14,13,12,11,12,11,10,11,12,24,23,22,21,20,19,18,17,16,1.79769e+308,14,15,1.79769e+308,1.79769e+308,10,11,1.79769e+308,9,10,1.79769e+308,25,1.79769e+308,21,20,19,18,17,16,15,14,13,1.79769e+308,1.79769e+308,10,9,10,9,8,1.79769e+308,8,1.79769e+308,21,20,19,18,17,16,15,14,13,12,11,10,1.79769e+308,8,1.79769e+308,1.79769e+308,7,6,7,23,22,1.79769e+308,20,19,1.79769e+308,17,16,15,1.79769e+308,11,10,9,8,7,6,5,6,5,6,24,23,24,1.79769e+308,20,19,18,17,16,15,1.79769e+308,11,10,1.79769e+308,6,5,4,1.79769e+308,4,1.79769e+308,25,1.79769e+308,23,22,21,1.79769e+308,17,16,15,14,13,12,11,12,1.79769e+308,4,3,4,3,4,26,25,1.79769e+308,21,20,19,18,1.79769e+308,16,15,14,1.79769e+308,1.79769e+308,1.79769e+308,1.79769e+308,3,2,1.79769e+308,2,3,1.79769e+308,24,23,22,21,20,1.79769e+308,18,17,16,15,1.79769e+308,5,4,3,2,1,0,1,2,24,1.79769e+308,22,21,20,21,1.79769e+308,17,16,15,14,1.79769e+308,6,5,4,3,2,1,2,3,23,22,21,1.79769e+308,19,1.79769e+308,17,16,15,14,13,1.79769e+308,1.79769e+308,6,5,4,3,2,3,4,22,21,20,19,18,17,16,15,14,13,12,1.79769e+308,1.79769e+308,7,1.79769e+308,5,4,3,4,5,23,22,21,20,19,18,17,16,1.79769e+308,12,11,10,9,8,7,6,5,4,5,6,24,1.79769e+308,1.79769e+308,19,18,17,16,15,14,13,12,11,10,1.79769e+308,8,7,6,5,6,7,23,22,21,20,19,18,17,16,1.79769e+308,14,13,12,11,1.79769e+308,9,8,7,6,7,8,1.79769e+308,23,1.79769e+308,21,20,19,18,17,16,15,14,13,12,11,10,9,1.79769e+308,1.79769e+308,1.79769e+308,9,1.79769e+308,1.79769e+308,23,22,21,20,19,18,17,16,15,14,13,12,11,10,11,12,11,10,
44
6,5,4,1.79769e+308,1.79769e+308,1.79769e+308,4,5,1.79769e+308,7,8,1.79769e+308,1.79769e+308,1.79769e+308,1.79769e+308,15,16,1.79769e+308,22,21,1.79769e+308,4,3,2,1,1.79769e+308,3,4,5,6,7,8,1.79769e+308,1.79769e+308,13,14,15,1.79769e+308,1.79769e+308,20,4,3,2,1,0,1,2,1.79769e+308,1.79769e+308,7,8,9,10,11,12,1.79769e+308,16,17,18,19,1.79769e+308,1.79769e+308,3,2,1,2,3,4,5,1.79769e+308,9,10,11,12,13,14,15,16,17,18,6,5,4,3,2,3,4,5,6,1.79769e+308,10,11,1.79769e+308,1.79769e+308,14,15,1.79769e+308,17,18,1.79769e+308,7,1.79769e+308,5,4,3,4,5,6,7,8,9,1.79769e+308,1.79769e+308,16,15,16,17,18,1.79769e+308,22,1.79769e+308,7,6,5,4,5,6,7,8,9,10,11,12,1.79769e+308,16,1.79769e+308,1.79769e+308,19,20,21,9,8,1.79769e+308,6,5,1.79769e+308,7,8,9,1.79769e+308,11,12,13,14,15,16,17,18,19,20,10,9,10,1.79769e+308,6,7,8,9,10,11,1.79769e+308,13,14,1.79769e+308,16,17,18,1.79769e+308,20,1.79769e+308,11,1.79769e+308,9,8,7,1.79769e+308,9,10,11,12,13,14,15,16,1.79769e+308,18,19,20,21,22,12,13,1.79769e+308,9,8,9,10,1.79769e+308,12,13,14,1.79769e+308,1.79769e+308,1.79769e+308,1.79769e+308,19,20,1.79769e+308,22,23,1.79769e+308,12,11,10,9,10,1.79769e+308,14,13,14,15,1.79769e+308,23,22,21,20,21,22,23,24,16,1.79769e+308,12,11,10,11,1.79769e+308,15,14,15,16,1.79769e+308,24,23,22,21,22,23,24,25,15,14,13,1.79769e+308,11,1.79769e+308,15,16,15,16,17,1.79769e+308,1.79769e+308,24,23,22,23,24,25,26,16,15,14,13,12,13,14,15,16,17,18,1.79769e+308,1.79769e+308,23,1.79769e+308,23,24,25,26,27,17,16,15,14,13,14,15,16,1.79769e+308,18,19,20,21,22,23,24,25,26,27,28,18,1.79769e+308,1.79769e+308,15,14,15,16,17,18,19,20,21,22,1.79769e+308,24,25,26,27,28,29,19,18,17,16,15,16,17,18,1.79769e+308,20,21,22,23,1.79769e+308,25,26,27,28,29,30,1.79769e+308,19,1.79769e+308,17,16,17,18,19,20,21,22,23,24,25,26,27,1.79769e+308,1.79769e+308,1.79769e+308,31,1.79769e+308,1.79769e+308,19,18,17,18,19,20,21,22,23,24,25,26,27,28,29,30,31,32,
68
11,10,9,1.79769e+308,1.79769e+308,1.79769e+308,5,6,1.79769e+308,8,9,1.79769e+308,1.79769e+308,1.79769e+308,1.79769e+308,14,15,1.79769e+308,19,18,1.79769e+308,9,8,7,6,1.79769e+308,4,5,6,7,8,9,1.79769e+308,1.79769e+308,12,13,14,1.79769e+308,1.79769e+308,17,9,8,7,6,5,4,3,1.79769e+308,1.79769e+308,8,7,8,9,10,11,1.79769e+308,13,14,15,16,1.79769e+308,1.79769e+308,6,5,4,3,2,1,0,1.79769e+308,6,7,8,9,10,11,12,13,14,15,9,8,7,6,5,4,3,2,1,1.79769e+308,5,6,1.79769e+308,1.79769e+308,11,12,1.79769e+308,14,15,1.79769e+308,10,1.79769e+308,8,7,6,5,4,3,2,3,4,1.79769e+308,1.79769e+308,13,12,13,14,15,1.79769e+308,17,1.79769e+308,10,9,8,7,6,5,4,3,4,5,6,7,1.79769e+308,11,1.79769e+308,1.79769e+308,14,15,16,12,11,1.79769e+308,9,8,1.79769e+308,6,5,4,1.79769e+308,6,7,8,9,10,11,12,13,14,15,13,12,13,1.79769e+308,9,8,7,6,5,6,1.79769e+308,8,9,1.79769e+308,11,12,13,1.79769e+308,15,1.79769e+308,14,1.79769e+308,12,11,10,1.79769e+308,8,7,6,7,8,9,10,11,1.79769e+308,13,14,15,16,17,15,16,1.79769e+308,12,11,10,9,1.79769e+308,7,8,9,1.79769e+308,1.79769e+308,1.79769e+308,1.79769e+308,14,15,1.79769e+308,17,18,1.79769e+308,15,14,13,12,11,1.79769e+308,9,8,9,10,1.79769e+308,18,17,16,15,16,17,18,19,19,1.79769e+308,15,14,13,12,1.79769e+308,10,9,10,11,1.79769e+308,19,18,17,16,17,18,19,20,18,17,16,1.79769e+308,14,1.79769e+308,12,11,10,11,12,1.79769e+308,1.79769e+308,19,18,17,18,19,20,21,19,18,17,16,15,14,13,12,11,12,13,1.79769e+308,1.79769e+308,18,1.79769e+308,18,19,20,21,22,20,19,18,17,16,15,14,13,1.79769e+308,13,14,15,16,17,18,19,20,21,22,23,21,1.79769e+308,1.79769e+308,18,17,16,15,14,15,14,15,16,17,1.79769e+308,19,20,21,22,23,24,22,21,20,19,18,17,16,15,1.79769e+308,15,16,17,18,1.79769e+308,20,21,22,23,24,25,1.79769e+308,22,1.79769e+308,20,19,18,17,16,17,16,17,18,19,20,21,22,1.79769e+308,1.79769e+308,1.79769e+308,26,1.79769e+308,1.79769e+308,22,21,20,19,18,17,18,17,18,19,20,21,22,23,24,25,26,27,
15
21,20,19,1.79769e+308,1.79769e+308,1.79769e+308,13,12,1.79769e+308,10,9,1.79769e+308,1.79769e+308,1.79769e+308,1.79769e+308,0,1,1.79769e+308,9,8,1.79769e+308,19,18,17,16,1.79769e+308,12,11,10,9,8,7,1.79769e+308,1.79769e+308,2,1,2,1.79769e+308,1.79769e+308,7,19,18,17,16,15,14,13,1.79769e+308,1.79769e+308,8,7,6,5,4,3,1.79769e+308,3,4,5,6,1.79769e+308,1.79769e+308,18,17,16,15,14,15,14,1.79769e+308,8,7,6,5,4,5,4,5,6,7,21,20,19,18,17,16,15,14,13,1.79769e+308,9,8,1.79769e+308,1.79769e+308,5,6,1.79769e+308,6,7,1.79769e+308,22,1.79769e+308,18,17,16,15,14,13,12,11,10,1.79769e+308,1.79769e+308,7,6,7,8,7,1.79769e+308,11,1.79769e+308,20,19,18,17,16,15,14,13,12,11,12,11,1.79769e+308,7,1.79769e+308,1.79769e+308,8,9,10,22,21,1.79769e+308,19,18,1.79769e+308,16,15,14,1.79769e+308,12,11,10,9,8,9,10,9,10,11,23,22,23,1.79769e+308,19,18,17,16,15,16,1.79769e+308,12,11,1.79769e+308,9,10,11,1.79769e+308,11,1.79769e+308,24,1.79769e+308,22,21,20,1.79769e+308,18,17,16,15,14,13,12,13,1.79769e+308,11,12,13,12,13,25,26,1.79769e+308,22,21,20,19,1.79769e+308,17,16,15,1.79769e+308,1.79769e+308,1.79769e+308,1.79769e+308,12,13,1.79769e+308,13,14,1.79769e+308,25,24,23,22,21,1.79769e+308,19,18,17,16,1.79769e+308,16,15,14,13,14,15,14,15,29,1.79769e+308,25,24,23,22,1.79769e+308,20,19,18,17,1.79769e+308,17,16,15,14,15,16,15,16,28,27,26,1.79769e+308,24,1.79769e+308,22,21,20,19,18,1.79769e+308,1.79769e+308,17,16,15,16,17,16,17,29,28,27,26,25,24,23,22,21,20,19,1.79769e+308,1.79769e+308,18,1.79769e+308,16,17,18,17,18,30,29,28,27,26,25,24,23,1.79769e+308,21,20,21,20,19,18,17,18,19,18,19,31,1.79769e+308,1.79769e+308,28,27,26,25,24,23,22,21,22,21,1.79769e+308,19,18,19,20,19,20,32,31,30,29,28,27,26,25,1.79769e+308,23,22,23,22,1.79769e+308,20,19,20,21,20,21,1.79769e+308,32,1.79769e+308,30,29,28,27,26,25,24,23,24,23,22,21,20,1.79769e+308,1.79769e+308,1.79769e+308,22,1.79769e+308,1.79769e+308,32,31,30,29,28,27,26,25,24,25,24,23,22,21,22,23,24,23,
273
30,29,28,1.79769e+308,1.79769e+308,1.79769e+308,24,23,1.79769e+308,21,20,1.79769e+308,1.79769e+308,1.79769e+308,1.79769e+308,17,18,1.79769e+308,20,19,1.79769e+308,28,27,26,25,1.79769e+308,23,22,21,20,19,18,1.79769e+308,1.79769e+308,15,16,17,1.79769e+308,1.79769e+308,18,28,27,26,25,24,23,22,1.79769e+308,1.79769e+308,19,18,17,16,15,14,1.79769e+308,16,15,16,17,1.79769e+308,1.79769e+308,25,24,23,22,21,20,19,1.79769e+308,17,16,15,14,13,14,15,14,15,16,26,25,24,23,22,21,20,19,18,1.79769e+308,16,17,1.79769e+308,1.79769e+308,12,13,1.79769e+308,13,14,1.79769e+308,27,1.79769e+308,23,22,21,20,19,18,17,16,15,1.79769e+308,1.79769e+308,12,11,12,13,12,1.79769e+308,14,1.79769e+308,23,22,21,20,19,18,17,16,15,14,13,12,1.79769e+308,10,1.79769e+308,1.79769e+308,11,12,13,23,22,1.79769e+308,20,19,1.79769e+308,17,16,15,1.79769e+308,13,12,11,10,9,8,9,10,11,12,22,21,20,1.79769e+308,18,17,16,15,14,13,1.79769e+308,13,12,1.79769e+308,8,7,8,1.79769e+308,10,1.79769e+308,21,1.79769e+308,19,18,17,1.79769e+308,15,14,13,12,11,12,13,14,1.79769e+308,6,7,8,9,10,20,19,1.79769e+308,17,16,17,16,1.79769e+308,12,11,10,1.79769e+308,1.79769e+308,1.79769e+308,1.79769e+308,5,6,1.79769e+308,8,9,1.79769e+308,18,17,16,15,16,1.79769e+308,12,11,10,9,1.79769e+308,3,2,3,4,5,6,7,8,18,1.79769e+308,16,15,14,15,1.79769e+308,11,10,9,8,1.79769e+308,2,1,2,3,4,5,6,7,17,16,15,1.79769e+308,13,1.79769e+308,11,10,9,8,7,1.79769e+308,1.79769e+308,0,1,2,3,4,5,6,16,15,14,13,12,11,10,9,8,7,6,1.79769e+308,1.79769e+308,1,1.79769e+308,3,4,5,6,7,17,16,15,14,13,12,11,10,1.79769e+308,6,5,4,3,2,3,4,5,6,7,8,18,1.79769e+308,1.79769e+308,13,12,11,10,9,8,7,6,5,4,1.79769e+308,4,5,6,7,8,9,17,16,15,14,13,12,11,10,1.79769e+308,8,7,6,5,1.79769e+308,5,6,7,8,9,10,1.79769e+308,17,1.79769e+308,15,14,13,12,11,10,9,8,7,6,7,6,7,1.79769e+308,1.79769e+308,1.79769e+308,11,1.79769e+308,1.79769e+308,17,16,15,14,13,12,11,10,9,8,7,8,7,8,9,10,11,12,
80
8,7,6,1.79769e+308,1.79769e+308,1.79769e+308,10,11,1.79769e+308,13,14,1.79769e+308,1.79769e+308,1.79769e+308,1.79769e+308,21,22,1.79769e+308,26,25,1.79769e+308,6,5,6,7,1.79769e+308,9,10,11,12,13,14,1.79769e+308,1.79769e+308,19,20,21,1.79769e+308,1.79769e+308,24,6,5,4,5,6,7,8,1.79769e+308,1.79769e+308,13,14,15,16,17,18,1.79769e+308,20,21,22,23,1.79769e+308,1.79769e+308,3,4,5,6,7,8,9,1.79769e+308,13,14,15,16,17,18,19,20,21,22,0,1,2,3,4,5,6,7,8,1.79769e+308,12,13,1.79769e+308,1.79769e+308,18,19,1.79769e+308,21,22,1.79769e+308,1,1.79769e+308,3,4,5,6,7,8,9,10,11,1.79769e+308,1.79769e+308,20,19,20,21,22,1.79769e+308,24,1.79769e+308,5,4,5,6,7,8,9,10,11,12,13,14,1.79769e+308,18,1.79769e+308,1.79769e+308,21,22,23,7,6,1.79769e+308,6,7,1.79769e+308,9,10,11,1.79769e+308,13,14,15,16,17,18,19,20,21,22,8,7,8,1.79769e+308,8,9,10,11,12,13,1.79769e+308,15,16,1.79769e+308,18,19,20,1.79769e+308,22,1.79769e+308,9,1.79769e+308,9,10,9,1.79769e+308,11,12,13,14,15,16,17,18,1.79769e+308,20,21,22,23,24,10,11,1.79769e+308,11,10,11,12,1.79769e+308,14,15,16,1.79769e+308,1.79769e+308,1.79769e+308,1.79769e+308,21,22,1.79769e+308,24,25,1.79769e+308,12,13,12,11,12,1.79769e+308,16,15,16,17,1.79769e+308,25,24,23,22,23,24,25,26,18,1.79769e+308,14,13,12,13,1.79769e+308,17,16,17,18,1.79769e+308,26,25,24,23,24,25,26,27,17,16,15,1.79769e+308,13,1.79769e+308,17,18,17,18,19,1.79769e+308,1.79769e+308,26,25,24,25,26,27,28,18,17,16,15,14,15,16,17,18,19,20,1.79769e+308,1.79769e+308,25,1.79769e+308,25,26,27,28,29,19,18,17,16,15,16,17,18,1.79769e+308,20,21,22,23,24,25,26,27,28,29,30,20,1.79769e+308,1.79769e+308,17,16,17,18,19,20,21,22,23,24,1.79769e+308,26,27,28,29,30,31,21,20,19,18,17,18,19,20,1.79769e+308,22,23,24,25,1.79769e+308,27,28,29,30,31,32,1.79769e+308,21,1.79769e+308,19,18,19,20,21,22,23,24,25,26,27,28,29,1.79769e+308,1.79769e+308,1.79769e+308,33,1.79769e+308,1.79769e+308,21,20,19,20,21,22,23,24,25,26,27,28,29,30,31,32,33,34,
124
10,9,8,1.79769e+308,1.79769e+308,1.79769e+308,8,9,1.79769e+308,11,12,1.79769e+308,1.79769e+308,1.79769e+308,1.79769e+308,17,18,1.79769e+308,22,21,1.79769e+308,8,7,6,5,1.79769e+308,7,8,9,10,11,12,1.79769e+308,1.79769e+308,15,16,17,1.79769e+308,1.79769e+308,20,8,7,6,5,4,5,6,1.79769e+308,1.79769e+308,11,10,11,12,13,14,1.79769e+308,16,17,18,19,1.79769e+308,1.79769e+308,5,4,3,4,5,6,7,1.79769e+308,9,10,11,12,13,14,15,16,17,18,6,5,4,3,2,3,4,5,6,1.79769e+308,8,9,1.79769e+308,1.79769e+308,14,15,1.79769e+308,17,18,1.79769e+308,7,1.79769e+308,3,2,1,2,3,4,5,6,7,1.79769e+308,1.79769e+308,14,13,14,15,16,1.79769e+308,18,1.79769e+308,3,2,1,0,1,2,3,4,5,6,7,8,1.79769e+308,12,1.79769e+308,1.79769e+308,15,16,17,5,4,1.79769e+308,2,1,1.79769e+308,3,4,5,1.79769e+308,7,8,9,10,11,12,13,14,15,16,6,5,6,1.79769e+308,2,3,4,5,6,7,1.79769e+308,9,10,1.79769e+308,12,13,14,1.79769e+308,16,1.79769e+308,7,1.79769e+308,5,4,3,1.79769e+308,5,6,7,8,9,10,11,12,1.79769e+308,14,15,16,17,18,8,9,1.79769e+308,5,4,5,6,1.79769e+308,8,9,10,1.79769e+308,1.79769e+308,1.79769e+308,1.79769e+308,15,16,1.79769e+308,18,19,1.79769e+308,8,7,6,5,6,1.79769e+308,10,9,10,11,1.79769e+308,19,18,17,16,17,18,19,20,12,1.79769e+308,8,7,6,7,1.79769e+308,11,10,11,12,1.79769e+308,20,19,18,17,18,19,20,21,11,10,9,1.79769e+308,7,1.79769e+308,11,12,11,12,13,1.79769e+308,1.79769e+308,20,19,18,19,20,21,22,12,11,10,9,8,9,10,11,12,13,14,1.79769e+308,1.79769e+308,19,1.79769e+308,19,20,21,22,23,13,12,11,10,9,10,11,12,1.79769e+308,14,15,16,17,18,19,20,21,22,23,24,14,1.79769e+308,1.79769e+308,11,10,11,12,13,14,15,16,17,18,1.79769e+308,20,21,22,23,24,25,15,14,13,12,11,12,13,14,1.79769e+308,16,17,18,19,1.79769e+308,21,22,23,24,25,26,1.79769e+308,15,1.79769e+308,13,12,13,14,15,16,17,18,19,20,21,22,23,1.79769e+308,1.79769e+308,1.79769e+308,27,1.79769e+308,1.79769e+308,15,14,13,14,15,16,17,18,19,20,21,22,23,24,25,26,27,28,
27
10,9,8,1.79769e+308,1.79769e+308,1.79769e+308,2,1,1.79769e+308,3,4,1.79769e+308,1.79769e+308,1.79769e+308,1.79769e+308,11,12,1.79769e+308,18,17,1.79769e+308,8,7,6,5,1.79769e+308,1,0,1,2,3,4,1.79769e+308,1.79769e+308,9,10,11,1.79769e+308,1.79769e+308,16,8,7,6,5,4,3,2,1.79769e+308,1.79769e+308,3,4,5,6,7,8,1.79769e+308,12,13,14,15,1.79769e+308,1.79769e+308,7,6,5,4,3,4,5,1.79769e+308,5,6,7,8,9,10,11,12,13,14,10,9,8,7,6,5,4,5,6,1.79769e+308,6,7,1.79769e+308,1.79769e+308,10,11,1.79769e+308,13,14,1.79769e+308,11,1.79769e+308,9,8,7,6,5,6,7,8,7,1.79769e+308,1.79769e+308,12,11,12,13,14,1.79769e+308,18,1.79769e+308,11,10,9,8,7,6,7,8,9,8,9,10,1.79769e+308,12,1.79769e+308,1.79769e+308,15,16,17,13,12,1.79769e+308,10,9,1.79769e+308,7,8,9,1.79769e+308,9,10,11,12,13,14,15,16,17,18,14,13,14,1.79769e+308,10,9,8,9,10,11,1.79769e+308,11,12,1.79769e+308,14,15,16,1.79769e+308,18,1.79769e+308,15,1.79769e+308,13,12,11,1.79769e+308,9,10,11,12,13,12,13,14,1.79769e+308,16,17,18,19,20,16,17,1.79769e+308,13,12,11,10,1.79769e+308,12,13,14,1.79769e+308,1.79769e+308,1.79769e+308,1.79769e+308,17,18,1.79769e+308,20,21,1.79769e+308,16,15,14,13,12,1.79769e+308,14,13,14,15,1.79769e+308,21,20,19,18,19,20,21,22,20,1.79769e+308,16,15,14,13,1.79769e+308,15,14,15,16,1.79769e+308,22,21,20,19,20,21,22,23,19,18,17,1.79769e+308,15,1.79769e+308,17,16,15,16,17,1.79769e+308,1.79769e+308,22,21,20,21,22,23,24,20,19,18,17,16,17,18,17,16,17,18,1.79769e+308,1.79769e+308,23,1.79769e+308,21,22,23,24,25,21,20,19,18,17,18,19,18,1.79769e+308,18,19,20,21,22,23,22,23,24,25,26,22,1.79769e+308,1.79769e+308,19,18,19,20,19,20,19,20,21,22,1.79769e+308,24,23,24,25,26,27,23,22,21,20,19,20,21,20,1.79769e+308,20,21,22,23,1.79769e+308,25,24,25,26,27,28,1.79769e+308,23,1.79769e+308,21,20,21,22,21,22,21,22,23,24,25,26,25,1.79769e+308,1.79769e+308,1.79769e+308,29,1.79769e+308,1.79769e+308,23,22,21,22,23,22,23,22,23,24,25,26,27,26,27,28,29,30,
232
29,28,27,1.79769e+308,1.79769e+308,1.79769e+308,23,22,1.79769e+308,20,19,1.79769e+308,1.79769e+308,1.79769e+308,1.79769e+308,16,17,1.79769e+308,19,18,1.79769e+308,27,26,25,24,1.79769e+308,22,21,20,19,18,17,1.79769e+308,1.79769e+308,14,15,16,1.79769e+308,1.79769e+308,17,27,26,25,24,23,22,21,1.79769e+308,1.79769e+308,18,17,16,15,14,13,1.79769e+308,15,14,15,16,1.79769e+308,1.79769e+308,24,23,22,21,20,19,18,1.79769e+308,16,15,14,13,12,13,14,13,14,15,25,24,23,22,21,20,19,18,17,1.79769e+308,15,16,1.79769e+308,1.79769e+308,11,12,1.79769e+308,12,13,1.79769e+308,26,1.79769e+308,22,21,20,19,18,17,16,15,14,1.79769e+308,1.79769e+308,11,10,11,12,11,1.79769e+308,13,1.79769e+308,22,21,20,19,18,17,16,15,14,13,12,11,1.79769e+308,9,1.79769e+308,1.79769e+308,10,11,12,24,23,1.79769e+308,21,20,1.79769e+308,18,17,16,1.79769e+308,12,11,10,9,8,7,8,9,10,11,25,24,23,1.79769e+308,21,20,19,18,17,16,1.79769e+308,12,11,1.79769e+308,7,6,7,1.79769e+308,9,1.79769e+308,24,1.79769e+308,22,21,20,1.79769e+308,18,17,16,15,14,13,12,13,1.79769e+308,5,6,7,8,9,23,22,1.79769e+308,20,19,20,19,1.79769e+308,15,14,13,1.79769e+308,1.79769e+308,1.79769e+308,1.79769e+308,4,5,1.79769e+308,7,8,1.79769e+308,21,20,19,18,19,1.79769e+308,15,14,13,12,1.79769e+308,0,1,2,3,4,5,6,7,21,1.79769e+308,19,18,17,18,1.79769e+308,14,13,12,11,1.79769e+308,1,2,3,4,5,6,7,8,20,19,18,1.79769e+308,16,1.79769e+308,14,13,12,11,10,1.79769e+308,1.79769e+308,3,4,5,6,7,8,9,19,18,17,16,15,14,13,12,11,10,9,1.79769e+308,1.79769e+308,4,1.79769e+308,6,7,8,9,10,20,19,18,17,16,15,14,13,1.79769e+308,9,8,7,6,5,6,7,8,9,10,11,21,1.79769e+308,1.79769e+308,16,15,14,13,12,11,10,9,8,7,1.79769e+308,7,8,9,10,11,12,20,19,18,17,16,15,14,13,1.79769e+308,11,10,9,8,1.79769e+308,8,9,10,11,12,13,1.79769e+308,20,1.79769e+308,18,17,16,15,14,13,12,11,10,9,10,9,10,1.79769e+308,1.79769e+308,1.79769e+308,14,1.79769e+308,1.79769e+308,20,19,18,17,16,15,14,13,12,11,10,11,10,11,12,13,14,15,
39
26,25,24,1.79769e+308,1.79769e+308,1.79769e+308,18,17,1.79769e+308,15,14,1.79769e+308,1.79769e+308,1.79769e+308,1.79769e+308,7,6,1.79769e+308,2,1,1.79769e+308,24,23,22,21,1.79769e+308,17,16,15,14,13,12,1.79769e+308,1.79769e+308,7,6,5,1.79769e+308,1.79769e+308,0,24,23,22,21,20,19,18,1.79769e+308,1.79769e+308,13,12,11,10,9,8,1.79769e+308,4,3,2,1,1.79769e+308,1.79769e+308,23,22,21,20,19,18,17,1.79769e+308,11,10,9,8,7,6,5,4,3,2,24,23,22,21,20,19,18,17,16,1.79769e+308,12,11,1.79769e+308,1.79769e+308,8,7,1.79769e+308,5,4,1.79769e+308,25,1.79769e+308,21,20,19,18,17,16,15,14,13,1.79769e+308,1.79769e+308,10,9,8,7,6,1.79769e+308,10,1.79769e+308,23,22,21,20,19,18,17,16,15,14,15,14,1.79769e+308,10,1.79769e+308,1.79769e+308,7,8,9,25,24,1.79769e+308,22,21,1.79769e+308,19,18,17,1.79769e+308,15,14,13,12,11,10,9,8,9,10,26,25,26,1.79769e+308,22,21,20,19,18,19,1.79769e+308,15,14,1.79769e+308,12,11,10,1.79769e+308,10,1.79769e+308,27,1.79769e+308,25,24,23,1.79769e+308,21,20,19,18,17,16,15,16,1.79769e+308,12,11,12,11,12,28,29,1.79769e+308,25,24,23,22,1.79769e+308,20,19,18,1.79769e+308,1.79769e+308,1.79769e+308,1.79769e+308,13,12,1.79769e+308,12,13,1.79769e+308,28,27,26,25,24,1.79769e+308,22,21,20,19,1.79769e+308,17,16,15,14,13,14,13,14,32,1.79769e+308,28,27,26,25,1.79769e+308,23,22,21,20,1.79769e+308,18,17,16,15,14,15,14,15,31,30,29,1.79769e+308,27,1.79769e+308,25,24,23,22,21,1.79769e+308,1.79769e+308,18,17,16,15,16,15,16,32,31,30,29,28,27,26,25,24,23,22,1.79769e+308,1.79769e+308,19,1.79769e+308,17,16,17,16,17,33,32,31,30,29,28,27,26,1.79769e+308,24,23,22,21,20,19,18,17,18,17,18,34,1.79769e+308,1.79769e+308,31,30,29,28,27,26,25,24,23,22,1.79769e+308,20,19,18,19,18,19,35,34,33,32,31,30,29,28,1.79769e+308,26,25,24,23,1.79769e+308,21,20,19,20,19,20,1.79769e+308,35,1.79769e+308,33,32,31,30,29,28,27,26,25,24,23,22,21,1.79769e+308,1.79769e+308,1.79769e+308,21,1.79769e+308,1.79769e+308,35,34,33,32,31,30,29,28,27,26,25,24,23,22,23,24,23,22,
256
28,27,26,1.79769e+308,1.79769e+308,1.79769e+308,22,21,1.79769e+308,19,18,1.79769e+308,1.79769e+308,1.79769e+308,1.79769e+308,15,14,1.79769e+308,16,15,1.79769e+308,26,25,24,23,1.79769e+308,21,20,19,18,17,16,1.79769e+308,1.79769e+308,13,14,13,1.79769e+308,1.79769e+308,14,26,25,24,23,22,21,20,1.79769e+308,1.79769e+308,17,16,15,14,13,12,1.79769e+308,12,11,12,13,1.79769e+308,1.79769e+308,23,22,21,20,19,18,17,1.79769e+308,15,14,13,12,11,12,11,10,11,12,24,23,22,21,20,19,18,17,16,1.79769e+308,14,15,1.79769e+308,1.79769e+308,10,11,1.79769e+308,9,10,1.79769e+308,25,1.79769e+308,21,20,19,18,17,16,15,14,13,1.79769e+308,1.79769e+308,10,9,10,9,8,1.79769e+308,10,1.79769e+308,21,20,19,18,17,16,15,14,13,12,11,10,1.79769e+308,8,1.79769e+308,1.79769e+308,7,8,9,23,22,1.79769e+308,20,19,1.79769e+308,17,16,15,1.79769e+308,11,10,9,8,7,6,5,6,7,8,24,23,24,1.79769e+308,20,19,18,17,16,15,1.79769e+308,11,10,1.79769e+308,6,5,4,1.79769e+308,6,1.79769e+308,25,1.79769e+308,23,22,21,1.79769e+308,17,16,15,14,13,12,11,12,1.79769e+308,4,3,4,5,6,24,23,1.79769e+308,21,20,19,18,1.79769e+308,16,15,14,1.79769e+308,1.79769e+308,1.79769e+308,1.79769e+308,3,2,1.79769e+308,4,5,1.79769e+308,22,21,20,19,20,1.79769e+308,16,15,14,13,1.79769e+308,5,4,3,2,1,2,3,4,22,1.79769e+308,20,19,18,19,1.79769e+308,15,14,13,12,1.79769e+308,4,3,2,1,0,1,2,3,21,20,19,1.79769e+308,17,1.79769e+308,15,14,13,12,11,1.79769e+308,1.79769e+308,4,3,2,1,2,3,4,20,19,18,17,16,15,14,13,12,11,10,1.79769e+308,1.79769e+308,5,1.79769e+308,3,2,3,4,5,21,20,19,18,17,16,15,14,1.79769e+308,10,9,8,7,6,5,4,3,4,5,6,22,1.79769e+308,1.79769e+308,17,16,15,14,13,12,11,10,9,8,1.79769e+308,6,5,4,5,6,7,21,20,19,18,17,16,15,14,1.79769e+308,12,11,10,9,1.79769e+308,7,6,5,6,7,8,1.79769e+308,21,1.79769e+308,19,18,17,16,15,14,13,12,11,10,9,8,7,1.79769e+308,1.79769e+308,1.79769e+308,9,1.79769e+308,1.79769e+308,21,20,19,18,17,16,15,14,13,12,11,10,9,8,9,10,11,10,
63
6,5,4,1.79769e+308,1.79769e+308,1.79769e+308,6,7,1.79769e+308,9,10,1.79769e+308,1.79769e+308,1.79769e+308,1.79769e+308,17,18,1.79769e+308,24,23,1.79769e+308,4,3,2,3,1.79769e+308,5,6,7,8,9,10,1.79769e+308,1.79769e+308,15,16,17,1.79769e+308,1.79769e+308,22,4,3,2,1,2,3,4,1.79769e+308,1.79769e+308,9,10,11,12,13,14,1.79769e+308,18,19,20,21,1.79769e+308,1.79769e+308,1,0,1,2,3,4,5,1.79769e+308,11,12,13,14,15,16,17,18,19,20,4,3,2,1,2,3,4,5,6,1.79769e+308,10,11,1.79769e+308,1.79769e+308,16,17,1.79769e+308,19,20,1.79769e+308,5,1.79769e+308,3,2,3,4,5,6,7,8,9,1.79769e+308,1.79769e+308,18,17,18,19,20,1.79769e+308,22,1.79769e+308,5,4,3,4,5,6,7,8,9,10,11,12,1.79769e+308,16,1.79769e+308,1.79769e+308,19,20,21,7,6,1.79769e+308,4,5,1.79769e+308,7,8,9,1.79769e+308,11,12,13,14,15,16,17,18,19,20,8,7,8,1.79769e+308,6,7,8,9,10,11,1.79769e+308,13,14,1.79769e+308,16,17,18,1.79769e+308,20,1.79769e+308,9,1.79769e+308,9,8,7,1.79769e+308,9,10,11,12,13,14,15,16,1.79769e+308,18,19,20,21,22,10,11,1.79769e+308,9,8,9,10,1.79769e+308,12,13,14,1.79769e+308,1.79769e+308,1.79769e+308,1.79769e+308,19,20,1.79769e+308,22,23,1.79769e+308,12,11,10,9,10,1.79769e+308,14,13,14,15,1.79769e+308,23,22,21,20,21,22,23,24,16,1.79769e+308,12,11,10,11,1.79769e+308,15,14,15,16,1.79769e+308,24,23,22,21,22,23,24,25,15,14,13,1.79769e+308,11,1.79769e+308,15,16,15,16,17,1.79769e+308,1.79769e+308,24,23,22,23,24,25,26,16,15,14,13,12,13,14,15,16,17,18,1.79769e+308,1.79769e+308,23,1.79769e+308,23,24,25,26,27,17,16,15,14,13,14,15,16,1.79769e+308,18,19,20,21,22,23,24,25,26,27,28,18,1.79769e+308,1.79769e+308,15,14,15,16,17,18,19,20,21,22,1.79769e+308,24,25,26,27,28,29,19,18,17,16,15,16,17,18,1.79769e+308,20,21,22,23,1.79769e+308,25,26,27,28,29,30,1.79769e+308,19,1.79769e+308,17,16,17,18,19,20,21,22,23,24,25,26,27,1.79769e+308,1.79769e+308,1.79769e+308,31,1.79769e+308,1.79769e+308,19,18,17,18,19,20,21,22,23,24,25,26,27,28,29,30,31,32,
203
15,14,13,1.79769e+308,1.79769e+308,1.79769e+308,13,14,1.79769e+308,16,17,1.79769e+308,1.79769e+308,1.79769e+308,1.79769e+308,22,23,1.79769e+308,27,26,1.79769e+308,13,12,11,10,1.79769e+308,12,13,14,15,16,17,1.79769e+308,1.79769e+308,20,21,22,1.79769e+308,1.79769e+308,25,13,12,11,10,9,10,11,1.79769e+308,1.79769e+308,16,15,16,17,18,19,1.79769e+308,21,22,23,24,1.79769e+308,1.79769e+308,10,9,8,9,10,11,12,1.79769e+308,14,15,16,17,18,19,20,21,22,23,11,10,9,8,7,8,9,10,11,1.79769e+308,13,14,1.79769e+308,1.79769e+308,17,18,1.79769e+308,20,21,1.79769e+308,12,1.79769e+308,8,7,6,7,8,9,10,11,12,1.79769e+308,1.79769e+308,17,16,17,18,19,1.79769e+308,21,1.79769e+308,6,7,6,5,6,7,8,9,10,11,12,13,1.79769e+308,15,1.79769e+308,1.79769e+308,18,19,20,6,5,1.79769e+308,5,4,1.79769e+308,6,7,8,1.79769e+308,12,11,12,13,14,15,16,17,18,19,5,4,3,1.79769e+308,3,4,5,6,7,8,1.79769e+308,10,11,1.79769e+308,15,16,17,1.79769e+308,19,1.79769e+308,6,1.79769e+308,2,1,2,1.79769e+308,4,5,6,7,8,9,10,11,1.79769e+308,17,18,19,20,21,5,4,1.79769e+308,0,1,2,3,1.79769e+308,7,8,9,1.79769e+308,1.79769e+308,1.79769e+308,1.79769e+308,18,19,1.79769e+308,21,22,1.79769e+308,3,2,1,2,3,1.79769e+308,9,8,9,10,1.79769e+308,20,19,20,19,20,21,22,23,7,1.79769e+308,3,2,3,4,1.79769e+308,10,9,10,11,1.79769e+308,19,18,19,20,21,22,23,24,6,5,4,1.79769e+308,4,1.79769e+308,8,9,10,11,12,1.79769e+308,1.79769e+308,17,18,19,20,21,22,23,7,6,5,6,5,6,7,8,9,10,11,1.79769e+308,1.79769e+308,16,1.79769e+308,18,19,20,21,22,8,7,6,7,6,7,8,9,1.79769e+308,11,12,13,14,15,16,17,18,19,20,21,9,1.79769e+308,1.79769e+308,8,7,8,9,10,11,12,13,14,15,1.79769e+308,17,18,19,20,21,22,10,11,10,9,8,9,10,11,1.79769e+308,13,14,15,16,1.79769e+308,18,19,20,21,22,23,1.79769e+308,12,1.79769e+308,10,9,10,11,12,13,14,15,16,17,18,19,20,1.79769e+308,1.79769e+308,1.79769e+308,24,1.79769e+308,1.79769e+308,12,11,10,11,12,13,14,15,16,17,18,19,20,21,22,23,24,25,
399
38,37,36,1.79769e+308,1.79769e+308,1.79769e+308,32,31,1.79769e+308,29,28,1.79769e+308,1.79769e+308,1.79769e+308,1.79769e+308,23,22,1.79769e+308,24,23,1.79769e+308,36,35,34,33,1.79769e+308,31,30,29,28,27,26,1.79769e+308,1.79769e+308,23,22,21,1.79769e+308,1.79769e+308,22,36,35,34,33,32,31,30,1.79769e+308,1.79769e+308,27,26,25,24,23,22,1.79769e+308,20,19,20,21,1.79769e+308,1.79769e+308,33,32,31,30,29,28,27,1.79769e+308,25,24,23,22,21,20,19,18,19,20,34,33,32,31,30,29,28,27,26,1.79769e+308,24,25,1.79769e+308,1.79769e+308,20,19,1.79769e+308,17,18,1.79769e+308,35,1.79769e+308,31,30,29,28,27,26,25,24,23,1.79769e+308,1.79769e+308,20,19,18,17,16,1.79769e+308,16,1.79769e+308,31,30,29,28,27,26,25,24,23,22,21,20,1.79769e+308,18,1.79769e+308,1.79769e+308,15,14,15,31,30,1.79769e+308,28,27,1.79769e+308,25,24,23,1.79769e+308,21,20,19,18,17,16,15,14,13,14,30,29,28,1.79769e+308,26,25,24,23,22,21,1.79769e+308,21,20,1.79769e+308,16,15,14,1.79769e+308,12,1.79769e+308,29,1.79769e+308,27,26,25,1.79769e+308,23,22,21,20,19,20,21,22,1.79769e+308,14,13,12,11,10,28,27,1.79769e+308,25,24,25,24,1.79769e+308,20,19,18,1.79769e+308,1.79769e+308,1.79769e+308,1.79769e+308,13,12,1.79769e+308,10,9,1.79769e+308,26,25,24,23,24,1.79769e+308,20,19,18,17,1.79769e+308,15,14,13,12,11,10,9,8,26,1.79769e+308,24,23,22,23,1.79769e+308,19,18,17,16,1.79769e+308,14,13,12,11,10,9,8,7,25,24,23,1.79769e+308,21,1.79769e+308,19,18,17,16,15,1.79769e+308,1.79769e+308,12,11,10,9,8,7,6,24,23,22,21,20,19,18,17,16,15,14,1.79769e+308,1.79769e+308,11,1.79769e+308,9,8,7,6,5,23,22,21,20,19,18,17,16,1.79769e+308,14,13,12,11,10,9,8,7,6,5,4,22,1.79769e+308,1.79769e+308,19,18,17,16,15,14,13,12,11,10,1.79769e+308,8,7,6,5,4,3,21,20,19,18,17,16,15,14,1.79769e+308,12,11,10,9,1.79769e+308,7,6,5,4,3,2,1.79769e+308,21,1.79769e+308,17,16,15,14,13,12,11,10,9,8,7,6,5,1.79769e+308,1.79769e+308,1.79769e+308,1,1.79769e+308,1.79769e+308,17,16,15,14,13,12,11,10,9,8,7,6,5,4,3,2,1,0,
10
14,13,12,1.79769e+308,1.79769e+308,1.79769e+308,6,5,1.79769e+308,1,0,1.79769e+308,1.79769e+308,1.79769e+308,1.79769e+308,9,10,1.79769e+308,16,15,1.79769e+308,12,11,10,9,1.79769e+308,5,4,3,2,1,2,1.79769e+308,1.79769e+308,7,8,9,1.79769e+308,1.79769e+308,14,12,11,10,9,8,7,6,1.79769e+308,1.79769e+308,3,2,3,4,5,6,1.79769e+308,10,11,12,13,1.79769e+308,1.79769e+308,11,10,9,8,7,8,9,1.79769e+308,3,4,5,6,7,8,9,10,11,12,14,13,12,11,10,9,8,9,8,1.79769e+308,4,5,1.79769e+308,1.79769e+308,8,9,1.79769e+308,11,12,1.79769e+308,15,1.79769e+308,13,12,11,10,9,8,7,6,5,1.79769e+308,1.79769e+308,10,9,10,11,12,1.79769e+308,16,1.79769e+308,15,14,13,12,11,10,9,8,7,6,7,8,1.79769e+308,10,1.79769e+308,1.79769e+308,13,14,15,17,16,1.79769e+308,14,13,1.79769e+308,11,10,9,1.79769e+308,7,8,9,10,11,12,13,14,15,16,18,17,18,1.79769e+308,14,13,12,11,10,11,1.79769e+308,9,10,1.79769e+308,12,13,14,1.79769e+308,16,1.79769e+308,19,1.79769e+308,17,16,15,1.79769e+308,13,12,11,12,11,10,11,12,1.79769e+308,14,15,16,17,18,20,21,1.79769e+308,17,16,15,14,1.79769e+308,12,13,12,1.79769e+308,1.79769e+308,1.79769e+308,1.79769e+308,15,16,1.79769e+308,18,19,1.79769e+308,20,19,18,17,16,1.79769e+308,14,13,14,13,1.79769e+308,19,18,17,16,17,18,19,20,24,1.79769e+308,20,19,18,17,1.79769e+308,15,14,15,14,1.79769e+308,20,19,18,17,18,19,20,21,23,22,21,1.79769e+308,19,1.79769e+308,17,16,15,16,15,1.79769e+308,1.79769e+308,20,19,18,19,20,21,22,24,23,22,21,20,19,18,17,16,17,16,1.79769e+308,1.79769e+308,21,1.79769e+308,19,20,21,22,23,25,24,23,22,21,20,19,18,1.79769e+308,18,17,18,19,20,21,20,21,22,23,24,26,1.79769e+308,1.79769e+308,23,22,21,20,19,20,19,18,19,20,1.79769e+308,22,21,22,23,24,25,27,26,25,24,23,22,21,20,1.79769e+308,20,19,20,21,1.79769e+308,23,22,23,24,25,26,1.79769e+308,27,1.79769e+308,25,24,23,22,21,22,21,20,21,22,23,24,23,1.79769e+308,1.79769e+308,1.79769e+308,27,1.79769e+308,1.79769e+308,27,26,25,24,23,22,23,22,21,22,23,24,25,24,25,26,27,28,
79
24,23,22,1.79769e+308,1.79769e+308,1.79769e+308,16,15,1.79769e+308,13,12,1.79769e+308,1.79769e+308,1.79769e+308,1.79769e+308,7,6,1.79769e+308,4,3,1.79769e+308,22,21,20,19,1.79769e+308,15,14,13,12,11,10,1.79769e+308,1.79769e+308,7,6,5,1.79769e+308,1.79769e+308,2,22,21,20,19,18,17,16,1.79769e+308,1.79769e+308,11,10,9,8,7,6,1.79769e+308,4,3,2,1,1.79769e+308,1.79769e+308,21,20,19,18,17,16,15,1.79769e+308,9,8,7,6,5,4,3,2,1,0,22,21,20,19,18,17,16,15,14,1.79769e+308,10,9,1.79769e+308,1.79769e+308,6,5,1.79769e+308,3,2,1.79769e+308,23,1.79769e+308,19,18,17,16,15,14,13,12,11,1.79769e+308,1.79769e+308,8,7,6,5,4,1.79769e+308,8,1.79769e+308,21,20,19,18,17,16,15,14,13,12,13,12,1.79769e+308,8,1.79769e+308,1.79769e+308,5,6,7,23,22,1.79769e+308,20,19,1.79769e+308,17,16,15,1.79769e+308,13,12,11,10,9,8,7,6,7,8,24,23,24,1.79769e+308,20,19,18,17,16,17,1.79769e+308,13,12,1.79769e+308,10,9,8,1.79769e+308,8,1.79769e+308,25,1.79769e+308,23,22,21,1.79769e+308,19,18,17,16,15,14,13,14,1.79769e+308,10,9,10,9,10,26,27,1.79769e+308,23,22,21,20,1.79769e+308,18,17,16,1.79769e+308,1.79769e+308,1.79769e+308,1.79769e+308,11,10,1.79769e+308,10,11,1.79769e+308,26,25,24,23,22,1.79769e+308,20,19,18,17,1.79769e+308,15,14,13,12,11,12,11,12,30,1.79769e+308,26,25,24,23,1.79769e+308,21,20,19,18,1.79769e+308,16,15,14,13,12,13,12,13,29,28,27,1.79769e+308,25,1.79769e+308,23,22,21,20,19,1.79769e+308,1.79769e+308,16,15,14,13,14,13,14,30,29,28,27,26,25,24,23,22,21,20,1.79769e+308,1.79769e+308,17,1.79769e+308,15,14,15,14,15,31,30,29,28,27,26,25,24,1.79769e+308,22,21,20,19,18,17,16,15,16,15,16,32,1.79769e+308,1.79769e+308,29,28,27,26,25,24,23,22,21,20,1.79769e+308,18,17,16,17,16,17,33,32,31,30,29,28,27,26,1.79769e+308,24,23,22,21,1.79769e+308,19,18,17,18,17,18,1.79769e+308,33,1.79769e+308,31,30,29,28,27,26,25,24,23,22,21,20,19,1.79769e+308,1.79769e+308,1.79769e+308,19,1.79769e+308,1.79769e+308,33,32,31,30,29,28,27,26,25,24,23,22,21,20,21,22,21,20,
123
9,8,7,1.79769e+308,1.79769e+308,1.79769e+308,9,10,1.79769e+308,12,13,1.79769e+308,1.79769e+308,1.79769e+308,1.79769e+308,18,19,1.79769e+308,23,22,1.79769e+308,7,6,5,6,1.79769e+308,8,9,10,11,12,13,1.79769e+308,1.79769e+308,16,17,18,1.79769e+308,1.79769e+308,21,7,6,5,4,5,6,7,1.79769e+308,1.79769e+308,12,11,12,13,14,15,1.79769e+308,17,18,19,20,1.79769e+308,1.79769e+308,4,3,4,5,6,7,8,1.79769e+308,10,11,12,13,14,15,16,17,18,19,5,4,3,2,3,4,5,6,7,1.79769e+308,9,10,1.79769e+308,1.79769e+308,15,16,1.79769e+308,18,19,1.79769e+308,6,1.79769e+308,2,1,2,3,4,5,6,7,8,1.79769e+308,1.79769e+308,15,14,15,16,17,1.79769e+308,19,1.79769e+308,2,1,0,1,2,3,4,5,6,7,8,9,1.79769e+308,13,1.79769e+308,1.79769e+308,16,17,18,4,3,1.79769e+308,1,2,1.79769e+308,4,5,6,1.79769e+308,8,9,10,11,12,13,14,15,16,17,5,4,5,1.79769e+308,3,4,5,6,7,8,1.79769e+308,10,11,1.79769e+308,13,14,15,1.79769e+308,17,1.79769e+308,6,1.79769e+308,6,5,4,1.79769e+308,6,7,8,9,10,11,12,13,1.79769e+308,15,16,17,18,19,7,8,1.79769e+308,6,5,6,7,1.79769e+308,9,10,11,1.79769e+308,1.79769e+308,1.79769e+308,1.79769e+308,16,17,1.79769e+308,19,20,1.79769e+308,9,8,7,6,7,1.79769e+308,11,10,11,12,1.79769e+308,20,19,18,17,18,19,20,21,13,1.79769e+308,9,8,7,8,1.79769e+308,12,11,12,13,1.79769e+308,21,20,19,18,19,20,21,22,12,11,10,1.79769e+308,8,1.79769e+308,12,13,12,13,14,1.79769e+308,1.79769e+308,21,20,19,20,21,22,23,13,12,11,10,9,10,11,12,13,14,15,1.79769e+308,1.79769e+308,20,1.79769e+308,20,21,22,23,24,14,13,12,11,10,11,12,13,1.79769e+308,15,16,17,18,19,20,21,22,23,24,25,15,1.79769e+308,1.79769e+308,12,11,12,13,14,15,16,17,18,19,1.79769e+308,21,22,23,24,25,26,16,15,14,13,12,13,14,15,1.79769e+308,17,18,19,20,1.79769e+308,22,23,24,25,26,27,1.79769e+308,16,1.79769e+308,14,13,14,15,16,17,18,19,20,21,22,23,24,1.79769e+308,1.79769e+308,1.79769e+308,28,1.79769e+308,1.79769e+308,16,15,14,15,16,17,18,19,20,21,22,23,24,25,26,27,28,29,
219
29,28,27,1.79769e+308,1.79769e+308,1.79769e+308,23,22,1.79769e+308,20,19,1.79769e+308,1.79769e+308,1.79769e+308,1.79769e+308,14,13,1.79769e+308,15,14,1.79769e+308,27,26,25,24,1.79769e+308,22,21,20,19,18,17,1.79769e+308,1.79769e+308,14,13,12,1.79769e+308,1.79769e+308,13,27,26,25,24,23,22,21,1.79769e+308,1.79769e+308,18,17,16,15,14,13,1.79769e+308,11,10,11,12,1.79769e+308,1.79769e+308,24,23,22,21,20,19,18,1.79769e+308,16,15,14,13,12,11,10,9,10,11,25,24,23,22,21,20,19,18,17,1.79769e+308,15,16,1.79769e+308,1.79769e+308,11,10,1.79769e+308,8,9,1.79769e+308,26,1.79769e+308,22,21,20,19,18,17,16,15,14,1.79769e+308,1.79769e+308,11,10,9,8,7,1.79769e+308,7,1.79769e+308,22,21,20,19,18,17,16,15,14,13,12,11,1.79769e+308,9,1.79769e+308,1.79769e+308,6,5,6,24,23,1.79769e+308,21,20,1.79769e+308,18,17,16,1.79769e+308,12,11,10,9,8,7,6,5,4,5,25,24,25,1.79769e+308,21,20,19,18,17,16,1.79769e+308,12,11,1.79769e+308,7,6,5,1.79769e+308,3,1.79769e+308,26,1.79769e+308,24,23,22,1.79769e+308,18,17,16,15,14,13,12,13,1.79769e+308,5,4,3,2,1,27,26,1.79769e+308,22,21,20,19,1.79769e+308,17,16,15,1.79769e+308,1.79769e+308,1.79769e+308,1.79769e+308,6,5,1.79769e+308,1,0,1.79769e+308,25,24,23,22,21,1.79769e+308,19,18,17,16,1.79769e+308,8,7,6,5,4,3,2,1,27,1.79769e+308,25,24,23,22,1.79769e+308,20,19,18,17,1.79769e+308,9,8,7,6,5,4,3,2,26,25,24,1.79769e+308,22,1.79769e+308,20,19,18,17,16,1.79769e+308,1.79769e+308,9,8,7,6,5,4,3,25,24,23,22,21,20,19,18,17,16,15,1.79769e+308,1.79769e+308,10,1.79769e+308,8,7,6,5,4,26,25,24,23,22,21,20,19,1.79769e+308,15,14,13,12,11,10,9,8,7,6,5,27,1.79769e+308,1.79769e+308,22,21,20,19,18,17,16,15,14,13,1.79769e+308,11,10,9,8,7,6,26,25,24,23,22,21,20,19,1.79769e+308,17,16,15,14,1.79769e+308,12,11,10,9,8,7,1.79769e+308,26,1.79769e+308,24,23,22,21,20,19,18,17,16,15,14,13,12,1.79769e+308,1.79769e+308,1.79769e+308,8,1.79769e+308,1.79769e+308,26,25,24,23,22,21,20,19,18,17,16,15,14,13,12,11,10,9,
26
9,8,7,1.79769e+308,1.79769e+308,1.79769e+308,1,2,1.79769e+308,4,5,1.79769e+308,1.79769e+308,1.79769e+308,1.79769e+308,12,13,1.79769e+308,19,18,1.79769e+308,7,6,5,4,1.79769e+308,0,1,2,3,4,5,1.79769e+308,1.79769e+308,10,11,12,1.79769e+308,1.79769e+308,17,7,6,5,4,3,2,1,1.79769e+308,1.79769e+308,4,5,6,7,8,9,1.79769e+308,13,14,15,16,1.79769e+308,1.79769e+308,6,5,4,3,2,3,4,1.79769e+308,6,7,8,9,10,11,12,13,14,15,9,8,7,6,5,4,3,4,5,1.79769e+308,7,8,1.79769e+308,1.79769e+308,11,12,1.79769e+308,14,15,1.79769e+308,10,1.79769e+308,8,7,6,5,4,5,6,7,8,1.79769e+308,1.79769e+308,13,12,13,14,15,1.79769e+308,19,1.79769e+308,10,9,8,7,6,5,6,7,8,9,10,11,1.79769e+308,13,1.79769e+308,1.79769e+308,16,17,18,12,11,1.79769e+308,9,8,1.79769e+308,6,7,8,1.79769e+308,10,11,12,13,14,15,16,17,18,19,13,12,13,1.79769e+308,9,8,7,8,9,10,1.79769e+308,12,13,1.79769e+308,15,16,17,1.79769e+308,19,1.79769e+308,14,1.79769e+308,12,11,10,1.79769e+308,8,9,10,11,12,13,14,15,1.79769e+308,17,18,19,20,21,15,16,1.79769e+308,12,11,10,9,1.79769e+308,11,12,13,1.79769e+308,1.79769e+308,1.79769e+308,1.79769e+308,18,19,1.79769e+308,21,22,1.79769e+308,15,14,13,12,11,1.79769e+308,13,12,13,14,1.79769e+308,22,21,20,19,20,21,22,23,19,1.79769e+308,15,14,13,12,1.79769e+308,14,13,14,15,1.79769e+308,23,22,21,20,21,22,23,24,18,17,16,1.79769e+308,14,1.79769e+308,16,15,14,15,16,1.79769e+308,1.79769e+308,23,22,21,22,23,24,25,19,18,17,16,15,16,17,16,15,16,17,1.79769e+308,1.79769e+308,22,1.79769e+308,22,23,24,25,26,20,19,18,17,16,17,18,17,1.79769e+308,17,18,19,20,21,22,23,24,25,26,27,21,1.79769e+308,1.79769e+308,18,17,18,19,18,19,18,19,20,21,1.79769e+308,23,24,25,26,27,28,22,21,20,19,18,19,20,19,1.79769e+308,19,20,21,22,1.79769e+308,24,25,26,27,28,29,1.79769e+308,22,1.79769e+308,20,19,20,21,20,21,20,21,22,23,24,25,26,1.79769e+308,1.79769e+308,1.79769e+308,30,1.79769e+308,1.79769e+308,22,21,20,21,22,21,22,21,22,23,24,25,26,27,28,29,30,31,
106
11,10,9,1.79769e+308,1.79769e+308,1.79769e+308,5,6,1.79769e+308,8,9,1.79769e+308,1.79769e+308,1.79769e+308,1.79769e+308,14,15,1.79769e+308,19,18,1.79769e+308,9,8,7,6,1.79769e+308,4,5,6,7,8,9,1.79769e+308,1.79769e+308,12,13,14,1.79769e+308,1.79769e+308,17,9,8,7,6,5,4,3,1.79769e+308,1.79769e+308,8,7,8,9,10,11,1.79769e+308,13,14,15,16,1.79769e+308,1.79769e+308,6,5,4,3,2,3,4,1.79769e+308,6,7,8,9,10,11,12,13,14,15,7,6,5,4,3,2,1,2,3,1.79769e+308,5,6,1.79769e+308,1.79769e+308,11,12,1.79769e+308,14,15,1.79769e+308,8,1.79769e+308,4,3,2,1,0,1,2,3,4,1.79769e+308,1.79769e+308,13,12,13,14,15,1.79769e+308,17,1.79769e+308,6,5,4,3,2,1,2,3,4,5,6,7,1.79769e+308,11,1.79769e+308,1.79769e+308,14,15,16,8,7,1.79769e+308,5,4,1.79769e+308,2,3,4,1.79769e+308,6,7,8,9,10,11,12,13,14,15,9,8,9,1.79769e+308,5,4,3,4,5,6,1.79769e+308,8,9,1.79769e+308,11,12,13,1.79769e+308,15,1.79769e+308,10,1.79769e+308,8,7,6,1.79769e+308,4,5,6,7,8,9,10,11,1.79769e+308,13,14,15,16,17,11,12,1.79769e+308,8,7,6,5,1.79769e+308,7,8,9,1.79769e+308,1.79769e+308,1.79769e+308,1.79769e+308,14,15,1.79769e+308,17,18,1.79769e+308,11,10,9,8,7,1.79769e+308,9,8,9,10,1.79769e+308,18,17,16,15,16,17,18,19,15,1.79769e+308,11,10,9,8,1.79769e+308,10,9,10,11,1.79769e+308,19,18,17,16,17,18,19,20,14,13,12,1.79769e+308,10,1.79769e+308,12,11,10,11,12,1.79769e+308,1.79769e+308,19,18,17,18,19,20,21,15,14,13,12,11,12,13,12,11,12,13,1.79769e+308,1.79769e+308,18,1.79769e+308,18,19,20,21,22,16,15,14,13,12,13,14,13,1.79769e+308,13,14,15,16,17,18,19,20,21,22,23,17,1.79769e+308,1.79769e+308,14,13,14,15,14,15,14,15,16,17,1.79769e+308,19,20,21,22,23,24,18,17,16,15,14,15,16,15,1.79769e+308,15,16,17,18,1.79769e+308,20,21,22,23,24,25,1.79769e+308,18,1.79769e+308,16,15,16,17,16,17,16,17,18,19,20,21,22,1.79769e+308,1.79769e+308,1.79769e+308,26,1.79769e+308,1.79769e+308,18,17,16,17,18,17,18,17,18,19,20,21,22,23,24,25,26,27,
398
37,36,35,1.79769e+308,1.79769e+308,1.79769e+308,31,30,1.79769e+308,28,27,1.79769e+308,1.79769e+308,1.79769e+308,1.79769e+308,24,23,1.79769e+308,25,24,1.79769e+308,35,34,33,32,1.79769e+308,30,29,28,27,26,25,1.79769e+308,1.79769e+308,22,23,22,1.79769e+308,1.79769e+308,23,35,34,33,32,31,30,29,1.79769e+308,1.79769e+308,26,25,24,23,22,21,1.79769e+308,21,20,21,22,1.79769e+308,1.79769e+308,32,31,30,29,28,27,26,1.79769e+308,24,23,22,21,20,21,20,19,20,21,33,32,31,30,29,28,27,26,25,1.79769e+308,23,24,1.79769e+308,1.79769e+308,19,20,1.79769e+308,18,19,1.79769e+308,34,1.79769e+308,30,29,28,27,26,25,24,23,22,1.79769e+308,1.79769e+308,19,18,19,18,17,1.79769e+308,17,1.79769e+308,30,29,28,27,26,25,24,23,22,21,20,19,1.79769e+308,17,1.79769e+308,1.79769e+308,16,15,16,30,29,1.79769e+308,27,26,1.79769e+308,24,23,22,1.79769e+308,20,19,18,17,16,15,16,15,14,15,29,28,27,1.79769e+308,25,24,23,22,21,20,1.79769e+308,20,19,1.79769e+308,15,14,15,1.79769e+308,13,1.79769e+308,28,1.79769e+308,26,25,24,1.79769e+308,22,21,20,19,18,19,20,21,1.79769e+308,13,14,13,12,11,27,26,1.79769e+308,24,23,24,23,1.79769e+308,19,18,17,1.79769e+308,1.79769e+308,1.79769e+308,1.79769e+308,12,13,1.79769e+308,11,10,1.79769e+308,25,24,23,22,23,1.79769e+308,19,18,17,16,1.79769e+308,14,13,12,11,12,11,10,9,25,1.79769e+308,23,22,21,22,1.79769e+308,18,17,16,15,1.79769e+308,13,12,11,10,11,10,9,8,24,23,22,1.79769e+308,20,1.79769e+308,18,17,16,15,14,1.79769e+308,1.79769e+308,11,10,9,10,9,8,7,23,22,21,20,19,18,17,16,15,14,13,1.79769e+308,1.79769e+308,10,1.79769e+308,8,9,8,7,6,22,21,20,19,18,17,16,15,1.79769e+308,13,12,11,10,9,8,7,8,7,6,5,21,1.79769e+308,1.79769e+308,18,17,16,15,14,13,12,11,10,9,1.79769e+308,7,6,7,6,5,4,20,19,18,17,16,15,14,13,1.79769e+308,11,10,9,8,1.79769e+308,6,5,6,5,4,3,1.79769e+308,20,1.79769e+308,16,15,14,13,12,11,10,9,8,7,6,5,4,1.79769e+308,1.79769e+308,1.79769e+308,2,1.79769e+308,1.79769e+308,16,15,14,13,12,11,10,9,8,7,6,5,4,3,2,1,0,1,
9
13,12,11,1.79769e+308,1.79769e+308,1.79769e+308,5,4,1.79769e+308,0,1,1.79769e+308,1.79769e+308,1.79769e+308,1.79769e+308,10,11,1.79769e+308,17,16,1.79769e+308,11,10,9,8,1.79769e+308,4,3,2,1,2,3,1.79769e+308,1.79769e+308,8,9,10,1.79769e+308,1.79769e+308,15,11,10,9,8,7,6,5,1.79769e+308,1.79769e+308,2,3,4,5,6,7,1.79769e+308,11,12,13,14,1.79769e+308,1.79769e+308,10,9,8,7,6,7,8,1.79769e+308,4,5,6,7,8,9,10,11,12,13,13,12,11,10,9,8,7,8,9,1.79769e+308,5,6,1.79769e+308,1.79769e+308,9,10,1.79769e+308,12,13,1.79769e+308,14,1.79769e+308,12,11,10,9,8,9,8,7,6,1.79769e+308,1.79769e+308,11,10,11,12,13,1.79769e+308,17,1.79769e+308,14,13,12,11,10,9,10,9,8,7,8,9,1.79769e+308,11,1.79769e+308,1.79769e+308,14,15,16,16,15,1.79769e+308,13,12,1.79769e+308,10,11,10,1.79769e+308,8,9,10,11,12,13,14,15,16,17,17,16,17,1.79769e+308,13,12,11,12,11,12,1.79769e+308,10,11,1.79769e+308,13,14,15,1.79769e+308,17,1.79769e+308,18,1.79769e+308,16,15,14,1.79769e+308,12,13,12,13,12,11,12,13,1.79769e+308,15,16,17,18,19,19,20,1.79769e+308,16,15,14,13,1.79769e+308,13,14,13,1.79769e+308,1.79769e+308,1.79769e+308,1.79769e+308,16,17,1.79769e+308,19,20,1.79769e+308,19,18,17,16,15,1.79769e+308,15,14,15,14,1.79769e+308,20,19,18,17,18,19,20,21,23,1.79769e+308,19,18,17,16,1.79769e+308,16,15,16,15,1.79769e+308,21,20,19,18,19,20,21,22,22,21,20,1.79769e+308,18,1.79769e+308,18,17,16,17,16,1.79769e+308,1.79769e+308,21,20,19,20,21,22,23,23,22,21,20,19,20,19,18,17,18,17,1.79769e+308,1.79769e+308,22,1.79769e+308,20,21,22,23,24,24,23,22,21,20,21,20,19,1.79769e+308,19,18,19,20,21,22,21,22,23,24,25,25,1.79769e+308,1.79769e+308,22,21,22,21,20,21,20,19,20,21,1.79769e+308,23,22,23,24,25,26,26,25,24,23,22,23,22,21,1.79769e+308,21,20,21,22,1.79769e+308,24,23,24,25,26,27,1.79769e+308,26,1.79769e+308,24,23,24,23,22,23,22,21,22,23,24,25,24,1.79769e+308,1.79769e+308,1.79769e+308,28,1.79769e+308,1.79769e+308,26,25,24,25,24,23,24,23,22,23,24,25,26,25,26,27,28,29,
77
22,21,20,1.79769e+308,1.79769e+308,1.79769e+308,14,13,1.79769e+308,11,10,1.79769e+308,1.79769e+308,1.79769e+308,1.79769e+308,5,4,1.79769e+308,6,5,1.79769e+308,20,19,18,17,1.79769e+308,13,12,11,10,9,8,1.79769e+308,1.79769e+308,5,4,3,1.79769e+308,1.79769e+308,4,20,19,18,17,16,15,14,1.79769e+308,1.79769e+308,9,8,7,6,5,4,1.79769e+308,2,1,2,3,1.79769e+308,1.79769e+308,19,18,17,16,15,14,13,1.79769e+308,7,6,5,4,3,2,1,0,1,2,20,19,18,17,16,15,14,13,12,1.79769e+308,8,7,1.79769e+308,1.79769e+308,4,3,1.79769e+308,1,2,1.79769e+308,21,1.79769e+308,17,16,15,14,13,12,11,10,9,1.79769e+308,1.79769e+308,6,5,4,3,2,1.79769e+308,6,1.79769e+308,19,18,17,16,15,14,13,12,11,10,11,10,1.79769e+308,6,1.79769e+308,1.79769e+308,3,4,5,21,20,1.79769e+308,18,17,1.79769e+308,15,14,13,1.79769e+308,11,10,9,8,7,6,5,4,5,6,22,21,22,1.79769e+308,18,17,16,15,14,15,1.79769e+308,11,10,1.79769e+308,8,7,6,1.79769e+308,6,1.79769e+308,23,1.79769e+308,21,20,19,1.79769e+308,17,16,15,14,13,12,11,12,1.79769e+308,8,7,8,7,8,24,25,1.79769e+308,21,20,19,18,1.79769e+308,16,15,14,1.79769e+308,1.79769e+308,1.79769e+308,1.79769e+308,9,8,1.79769e+308,8,9,1.79769e+308,24,23,22,21,20,1.79769e+308,18,17,16,15,1.79769e+308,13,12,11,10,9,10,9,10,28,1.79769e+308,24,23,22,21,1.79769e+308,19,18,17,16,1.79769e+308,14,13,12,11,10,11,10,11,27,26,25,1.79769e+308,23,1.79769e+308,21,20,19,18,17,1.79769e+308,1.79769e+308,14,13,12,11,12,11,12,28,27,26,25,24,23,22,21,20,19,18,1.79769e+308,1.79769e+308,15,1.79769e+308,13,12,13,12,13,29,28,27,26,25,24,23,22,1.79769e+308,20,19,18,17,16,15,14,13,14,13,14,30,1.79769e+308,1.79769e+308,27,26,25,24,23,22,21,20,19,18,1.79769e+308,16,15,14,15,14,15,31,30,29,28,27,26,25,24,1.79769e+308,22,21,20,19,1.79769e+308,17,16,15,16,15,16,1.79769e+308,31,1.79769e+308,29,28,27,26,25,24,23,22,21,20,19,18,17,1.79769e+308,1.79769e+308,1.79769e+308,17,1.79769e+308,1.79769e+308,31,30,29,28,27,26,25,24,23,22,21,20,19,18,19,20,19,18,
121
9,8,7,1.79769e+308,1.79769e+308,1.79769e+308,11,12,1.79769e+308,14,15,1.79769e+308,1.79769e+308,1.79769e+308,1.79769e+308,20,21,1.79769e+308,25,24,1.79769e+308,7,6,7,8,1.79769e+308,10,11,12,13,14,15,1.79769e+308,1.79769e+308,18,19,20,1.79769e+308,1.79769e+308,23,7,6,5,6,7,8,9,1.79769e+308,1.79769e+308,14,13,14,15,16,17,1.79769e+308,19,20,21,22,1.79769e+308,1.79769e+308,4,5,6,7,8,9,10,1.79769e+308,12,13,14,15,16,17,18,19,20,21,5,4,3,4,5,6,7,8,9,1.79769e+308,11,12,1.79769e+308,1.79769e+308,17,18,1.79769e+308,20,21,1.79769e+308,6,1.79769e+308,2,3,4,5,6,7,8,9,10,1.79769e+308,1.79769e+308,17,16,17,18,19,1.79769e+308,21,1.79769e+308,0,1,2,3,4,5,6,7,8,9,10,11,1.79769e+308,15,1.79769e+308,1.79769e+308,18,19,20,2,1,1.79769e+308,3,4,1.79769e+308,6,7,8,1.79769e+308,10,11,12,13,14,15,16,17,18,19,3,2,3,1.79769e+308,5,6,7,8,9,10,1.79769e+308,12,13,1.79769e+308,15,16,17,1.79769e+308,19,1.79769e+308,4,1.79769e+308,4,5,6,1.79769e+308,8,9,10,11,12,13,14,15,1.79769e+308,17,18,19,20,21,5,6,1.79769e+308,6,7,8,9,1.79769e+308,11,12,13,1.79769e+308,1.79769e+308,1.79769e+308,1.79769e+308,18,19,1.79769e+308,21,22,1.79769e+308,7,8,7,8,9,1.79769e+308,13,12,13,14,1.79769e+308,22,21,20,19,20,21,22,23,13,1.79769e+308,9,8,9,10,1.79769e+308,14,13,14,15,1.79769e+308,23,22,21,20,21,22,23,24,12,11,10,1.79769e+308,10,1.79769e+308,14,15,14,15,16,1.79769e+308,1.79769e+308,23,22,21,22,23,24,25,13,12,11,12,11,12,13,14,15,16,17,1.79769e+308,1.79769e+308,22,1.79769e+308,22,23,24,25,26,14,13,12,13,12,13,14,15,1.79769e+308,17,18,19,20,21,22,23,24,25,26,27,15,1.79769e+308,1.79769e+308,14,13,14,15,16,17,18,19,20,21,1.79769e+308,23,24,25,26,27,28,16,17,16,15,14,15,16,17,1.79769e+308,19,20,21,22,1.79769e+308,24,25,26,27,28,29,1.79769e+308,18,1.79769e+308,16,15,16,17,18,19,20,21,22,23,24,25,26,1.79769e+308,1.79769e+308,1.79769e+308,30,1.79769e+308,1.79769e+308,18,17,16,17,18,19,20,21,22,23,24,25,26,27,28,29,30,31,
24
5,4,3,1.79769e+308,1.79769e+308,1.79769e+308,5,6,1.79769e+308,8,9,1.79769e+308,1.79769e+308,1.79769e+308,1.79769e+308,16,17,1.79769e+308,23,22,1.79769e+308,3,2,1,0,1.79769e+308,4,5,6,7,8,9,1.79769e+308,1.79769e+308,14,15,16,1.79769e+308,1.79769e+308,21,5,4,3,2,1,2,3,1.79769e+308,1.79769e+308,8,9,10,11,12,13,1.79769e+308,17,18,19,20,1.79769e+308,1.79769e+308,4,3,2,3,4,5,6,1.79769e+308,10,11,12,13,14,15,16,17,18,19,7,6,5,4,3,4,5,6,7,1.79769e+308,11,12,1.79769e+308,1.79769e+308,15,16,1.79769e+308,18,19,1.79769e+308,8,1.79769e+308,6,5,4,5,6,7,8,9,10,1.79769e+308,1.79769e+308,17,16,17,18,19,1.79769e+308,23,1.79769e+308,8,7,6,5,6,7,8,9,10,11,12,13,1.79769e+308,17,1.79769e+308,1.79769e+308,20,21,22,10,9,1.79769e+308,7,6,1.79769e+308,8,9,10,1.79769e+308,12,13,14,15,16,17,18,19,20,21,11,10,11,1.79769e+308,7,8,9,10,11,12,1.79769e+308,14,15,1.79769e+308,17,18,19,1.79769e+308,21,1.79769e+308,12,1.79769e+308,10,9,8,1.79769e+308,10,11,12,13,14,15,16,17,1.79769e+308,19,20,21,22,23,13,14,1.79769e+308,10,9,10,11,1.79769e+308,13,14,15,1.79769e+308,1.79769e+308,1.79769e+308,1.79769e+308,20,21,1.79769e+308,23,24,1.79769e+308,13,12,11,10,11,1.79769e+308,15,14,15,16,1.79769e+308,24,23,22,21,22,23,24,25,17,1.79769e+308,13,12,11,12,1.79769e+308,16,15,16,17,1.79769e+308,25,24,23,22,23,24,25,26,16,15,14,1.79769e+308,12,1.79769e+308,16,17,16,17,18,1.79769e+308,1.79769e+308,25,24,23,24,25,26,27,17,16,15,14,13,14,15,16,17,18,19,1.79769e+308,1.79769e+308,24,1.79769e+308,24,25,26,27,28,18,17,16,15,14,15,16,17,1.79769e+308,19,20,21,22,23,24,25,26,27,28,29,19,1.79769e+308,1.79769e+308,16,15,16,17,18,19,20,21,22,23,1.79769e+308,25,26,27,28,29,30,20,19,18,17,16,17,18,19,1.79769e+308,21,22,23,24,1.79769e+308,26,27,28,29,30,31,1.79769e+308,20,1.79769e+308,18,17,18,19,20,21,22,23,24,25,26,27,28,1.79769e+308,1.79769e+308,1.79769e+308,32,1.79769e+308,1.79769e+308,20,19,18,19,20,21,22,23,24,25,26,27,28,29,30,31,32,33,
104
9,8,7,1.79769e+308,1.79769e+308,1.79769e+308,7,8,1.79769e+308,10,11,1.79769e+308,1.79769e+308,1.79769e+308,1.79769e+308,16,17,1.79769e+308,21,20,1.79769e+308,7,6,5,4,1.79769e+308,6,7,8,9,10,11,1.79769e+308,1.79769e+308,14,15,16,1.79769e+308,1.79769e+308,19,7,6,5,4,3,4,5,1.79769e+308,1.79769e+308,10,9,10,11,12,13,1.79769e+308,15,16,17,18,1.79769e+308,1.79769e+308,4,3,2,3,4,5,6,1.79769e+308,8,9,10,11,12,13,14,15,16,17,5,4,3,2,1,2,3,4,5,1.79769e+308,7,8,1.79769e+308,1.79769e+308,13,14,1.79769e+308,16,17,1.79769e+308,6,1.79769e+308,2,1,0,1,2,3,4,5,6,1.79769e+308,1.79769e+308,15,14,15,16,17,1.79769e+308,19,1.79769e+308,4,3,2,1,2,3,4,5,6,7,8,9,1.79769e+308,13,1.79769e+308,1.79769e+308,16,17,18,6,5,1.79769e+308,3,2,1.79769e+308,4,5,6,1.79769e+308,8,9,10,11,12,13,14,15,16,17,7,6,7,1.79769e+308,3,4,5,6,7,8,1.79769e+308,10,11,1.79769e+308,13,14,15,1.79769e+308,17,1.79769e+308,8,1.79769e+308,6,5,4,1.79769e+308,6,7,8,9,10,11,12,13,1.79769e+308,15,16,17,18,19,9,10,1.79769e+308,6,5,6,7,1.79769e+308,9,10,11,1.79769e+308,1.79769e+308,1.79769e+308,1.79769e+308,16,17,1.79769e+308,19,20,1.79769e+308,9,8,7,6,7,1.79769e+308,11,10,11,12,1.79769e+308,20,19,18,17,18,19,20,21,13,1.79769e+308,9,8,7,8,1.79769e+308,12,11,12,13,1.79769e+308,21,20,19,18,19,20,21,22,12,11,10,1.79769e+308,8,1.79769e+308,12,13,12,13,14,1.79769e+308,1.79769e+308,21,20,19,20,21,22,23,13,12,11,10,9,10,11,12,13,14,15,1.79769e+308,1.79769e+308,20,1.79769e+308,20,21,22,23,24,14,13,12,11,10,11,12,13,1.79769e+308,15,16,17,18,19,20,21,22,23,24,25,15,1.79769e+308,1.79769e+308,12,11,12,13,14,15,16,17,18,19,1.79769e+308,21,22,23,24,25,26,16,15,14,13,12,13,14,15,1.79769e+308,17,18,19,20,1.79769e+308,22,23,24,25,26,27,1.79769e+308,16,1.79769e+308,14,13,14,15,16,17,18,19,20,21,22,23,24,1.79769e+308,1.79769e+308,1.79769e+308,28,1.79769e+308,1.79769e+308,16,15,14,15,16,17,18,19,20,21,22,23,24,25,26,27,28,29,
200
14,13,12,1.79769e+308,1.79769e+308,1.79769e+308,16,17,1.79769e+308,19,20,1.79769e+308,1.79769e+308,1.79769e+308,1.79769e+308,25,26,1.79769e+308,30,29,1.79769e+308,12,11,12,13,1.79769e+308,15,16,17,18,19,20,1.79769e+308,1.79769e+308,23,24,25,1.79769e+308,1.79769e+308,28,12,11,10,11,12,13,14,1.79769e+308,1.79769e+308,19,18,19,20,21,22,1.79769e+308,24,25,26,27,1.79769e+308,1.79769e+308,9,10,11,12,13,14,15,1.79769e+308,17,18,19,20,21,22,23,24,25,26,10,9,8,9,10,11,12,13,14,1.79769e+308,16,17,1.79769e+308,1.79769e+308,22,23,1.79769e+308,25,26,1.79769e+308,11,1.79769e+308,7,8,9,10,11,12,13,14,15,1.79769e+308,1.79769e+308,22,21,22,23,24,1.79769e+308,26,1.79769e+308,5,6,7,8,9,10,11,12,13,14,15,16,1.79769e+308,20,1.79769e+308,1.79769e+308,23,24,25,3,4,1.79769e+308,8,9,1.79769e+308,11,12,13,1.79769e+308,15,16,17,18,19,20,21,22,23,24,2,3,4,1.79769e+308,8,9,10,11,12,13,1.79769e+308,15,16,1.79769e+308,20,21,22,1.79769e+308,24,1.79769e+308,1,1.79769e+308,5,6,7,1.79769e+308,9,10,11,12,13,14,15,16,1.79769e+308,22,23,24,25,26,0,1,1.79769e+308,5,6,7,8,1.79769e+308,12,13,14,1.79769e+308,1.79769e+308,1.79769e+308,1.79769e+308,23,24,1.79769e+308,26,27,1.79769e+308,2,3,4,5,6,1.79769e+308,14,13,14,15,1.79769e+308,23,22,23,24,25,26,27,28,8,1.79769e+308,4,5,6,7,1.79769e+308,13,14,15,16,1.79769e+308,22,21,22,23,24,25,26,27,7,6,5,1.79769e+308,7,1.79769e+308,11,12,13,14,15,1.79769e+308,1.79769e+308,20,21,22,23,24,25,26,8,7,6,7,8,9,10,11,12,13,14,1.79769e+308,1.79769e+308,19,1.79769e+308,21,22,23,24,25,9,8,7,8,9,10,11,12,1.79769e+308,14,15,16,17,18,19,20,21,22,23,24,10,1.79769e+308,1.79769e+308,9,10,11,12,13,14,15,16,17,18,1.79769e+308,20,21,22,23,24,25,11,12,11,10,11,12,13,14,1.79769e+308,16,17,18,19,1.79769e+308,21,22,23,24,25,26,1.79769e+308,13,1.79769e+308,11,12,13,14,15,16,17,18,19,20,21,22,23,1.79769e+308,1.79769e+308,1.79769e+308,27,1.79769e+308,1.79769e+308,13,12,13,14,15,16,17,18,19,20,21,22,23,24,25,26,27,28,
396
35,34,33,1.79769e+308,1.79769e+308,1.79769e+308,29,28,1.79769e+308,26,25,1.79769e+308,1.79769e+308,1.79769e+308,1.79769e+308,22,23,1.79769e+308,25,24,1.79769e+308,33,32,31,30,1.79769e+308,28,27,26,25,24,23,1.79769e+308,1.79769e+308,20,21,22,1.79769e+308,1.79769e+308,23,33,32,31,30,29,28,27,1.79769e+308,1.79769e+308,24,23,22,21,20,19,1.79769e+308,21,20,21,22,1.79769e+308,1.79769e+308,30,29,28,27,26,25,24,1.79769e+308,22,21,20,19,18,19,20,19,20,21,31,30,29,28,27,26,25,24,23,1.79769e+308,21,22,1.79769e+308,1.79769e+308,17,18,1.79769e+308,18,19,1.79769e+308,32,1.79769e+308,28,27,26,25,24,23,22,21,20,1.79769e+308,1.79769e+308,17,16,17,18,17,1.79769e+308,19,1.79769e+308,28,27,26,25,24,23,22,21,20,19,18,17,1.79769e+308,15,1.79769e+308,1.79769e+308,16,17,18,28,27,1.79769e+308,25,24,1.79769e+308,22,21,20,1.79769e+308,18,17,16,15,14,13,14,15,16,17,27,26,25,1.79769e+308,23,22,21,20,19,18,1.79769e+308,18,17,1.79769e+308,13,12,13,1.79769e+308,15,1.79769e+308,26,1.79769e+308,24,23,22,1.79769e+308,20,19,18,17,16,17,18,19,1.79769e+308,11,12,13,14,13,25,24,1.79769e+308,22,21,22,21,1.79769e+308,17,16,15,1.79769e+308,1.79769e+308,1.79769e+308,1.79769e+308,10,11,1.79769e+308,13,12,1.79769e+308,23,22,21,20,21,1.79769e+308,17,16,15,14,1.79769e+308,12,11,10,9,10,11,12,11,23,1.79769e+308,21,20,19,20,1.79769e+308,16,15,14,13,1.79769e+308,11,10,9,8,9,10,11,10,22,21,20,1.79769e+308,18,1.79769e+308,16,15,14,13,12,1.79769e+308,1.79769e+308,9,8,7,8,9,10,9,21,20,19,18,17,16,15,14,13,12,11,1.79769e+308,1.79769e+308,8,1.79769e+308,6,7,8,9,8,20,19,18,17,16,15,14,13,1.79769e+308,11,10,9,8,7,6,5,6,7,8,7,19,1.79769e+308,1.79769e+308,16,15,14,13,12,11,10,9,8,7,1.79769e+308,5,4,5,6,7,6,18,17,16,15,14,13,12,11,1.79769e+308,9,8,7,6,1.79769e+308,4,3,4,5,6,5,1.79769e+308,18,1.79769e+308,14,13,12,11,10,9,8,7,6,5,4,3,2,1.79769e+308,1.79769e+308,1.79769e+308,4,1.79769e+308,1.79769e+308,14,13,12,11,10,9,8,7,6,5,4,3,2,1,0,1,2,3,
7
11,10,9,1.79769e+308,1.79769e+308,1.79769e+308,1,0,1.79769e+308,4,5,1.79769e+308,1.79769e+308,1.79769e+308,1.79769e+308,12,13,1.79769e+308,19,18,1.79769e+308,9,8,7,6,1.79769e+308,2,1,2,3,4,5,1.79769e+308,1.79769e+308,10,11,12,1.79769e+308,1.79769e+308,17,9,8,7,6,5,4,3,1.79769e+308,1.79769e+308,4,5,6,7,8,9,1.79769e+308,13,14,15,16,1.79769e+308,1.79769e+308,8,7,6,5,4,5,6,1.79769e+308,6,7,8,9,10,11,12,13,14,15,11,10,9,8,7,6,5,6,7,1.79769e+308,7,8,1.79769e+308,1.79769e+308,11,12,1.79769e+308,14,15,1.79769e+308,12,1.79769e+308,10,9,8,7,6,7,8,9,8,1.79769e+308,1.79769e+308,13,12,13,14,15,1.79769e+308,19,1.79769e+308,12,11,10,9,8,7,8,9,10,9,10,11,1.79769e+308,13,1.79769e+308,1.79769e+308,16,17,18,14,13,1.79769e+308,11,10,1.79769e+308,8,9,10,1.79769e+308,10,11,12,13,14,15,16,17,18,19,15,14,15,1.79769e+308,11,10,9,10,11,12,1.79769e+308,12,13,1.79769e+308,15,16,17,1.79769e+308,19,1.79769e+308,16,1.79769e+308,14,13,12,1.79769e+308,10,11,12,13,14,13,14,15,1.79769e+308,17,18,19,20,21,17,18,1.79769e+308,14,13,12,11,1.79769e+308,13,14,15,1.79769e+308,1.79769e+308,1.79769e+308,1.79769e+308,18,19,1.79769e+308,21,22,1.79769e+308,17,16,15,14,13,1.79769e+308,15,14,15,16,1.79769e+308,22,21,20,19,20,21,22,23,21,1.79769e+308,17,16,15,14,1.79769e+308,16,15,16,17,1.79769e+308,23,22,21,20,21,22,23,24,20,19,18,1.79769e+308,16,1.79769e+308,18,17,16,17,18,1.79769e+308,1.79769e+308,23,22,21,22,23,24,25,21,20,19,18,17,18,19,18,17,18,19,1.79769e+308,1.79769e+308,24,1.79769e+308,22,23,24,25,26,22,21,20,19,18,19,20,19,1.79769e+308,19,20,21,22,23,24,23,24,25,26,27,23,1.79769e+308,1.79769e+308,20,19,20,21,20,21,20,21,22,23,1.79769e+308,25,24,25,26,27,28,24,23,22,21,20,21,22,21,1.79769e+308,21,22,23,24,1.79769e+308,26,25,26,27,28,29,1.79769e+308,24,1.79769e+308,22,21,22,23,22,23,22,23,24,25,26,27,26,1.79769e+308,1.79769e+308,1.79769e+308,30,1.79769e+308,1.79769e+308,24,23,22,23,24,23,24,23,24,25,26,27,28,27,28,29,30,31,
269
22,21,20,1.79769e+308,1.79769e+308,1.79769e+308,16,17,1.79769e+308,17,16,1.79769e+308,1.79769e+308,1.79769e+308,1.79769e+308,19,20,1.79769e+308,24,23,1.79769e+308,20,19,18,17,1.79769e+308,15,16,17,16,15,16,1.79769e+308,1.79769e+308,17,18,19,1.79769e+308,1.79769e+308,22,20,19,18,17,16,15,14,1.79769e+308,1.79769e+308,15,14,15,16,17,16,1.79769e+308,18,19,20,21,1.79769e+308,1.79769e+308,17,16,15,14,13,12,11,1.79769e+308,13,14,15,16,15,16,17,18,19,20,18,17,16,15,14,13,12,11,10,1.79769e+308,12,13,1.79769e+308,1.79769e+308,14,15,1.79769e+308,17,18,1.79769e+308,19,1.79769e+308,15,14,13,12,11,10,9,10,11,1.79769e+308,1.79769e+308,14,13,14,15,16,1.79769e+308,18,1.79769e+308,15,14,13,12,11,10,9,8,9,10,9,10,1.79769e+308,12,1.79769e+308,1.79769e+308,15,16,17,17,16,1.79769e+308,12,11,1.79769e+308,9,8,7,1.79769e+308,9,8,9,10,11,12,13,14,15,16,16,15,14,1.79769e+308,10,9,8,7,6,5,1.79769e+308,7,8,1.79769e+308,12,13,14,1.79769e+308,16,1.79769e+308,15,1.79769e+308,13,12,11,1.79769e+308,7,6,5,4,5,6,7,8,1.79769e+308,14,15,16,17,18,14,13,1.79769e+308,11,10,9,8,1.79769e+308,4,3,4,1.79769e+308,1.79769e+308,1.79769e+308,1.79769e+308,13,14,1.79769e+308,16,17,1.79769e+308,12,11,10,9,10,1.79769e+308,4,3,2,3,1.79769e+308,11,10,11,12,13,14,15,16,12,1.79769e+308,10,9,8,9,1.79769e+308,3,2,1,2,1.79769e+308,10,9,10,11,12,13,14,15,11,10,9,1.79769e+308,7,1.79769e+308,3,2,1,0,1,1.79769e+308,1.79769e+308,8,9,10,11,12,13,14,10,9,8,7,6,5,4,3,2,1,2,1.79769e+308,1.79769e+308,7,1.79769e+308,9,10,11,12,13,11,10,9,8,7,6,5,4,1.79769e+308,2,3,4,5,6,7,8,9,10,11,12,12,1.79769e+308,1.79769e+308,9,8,7,6,5,4,3,4,5,6,1.79769e+308,8,9,10,11,12,13,13,12,11,10,9,8,7,6,1.79769e+308,4,5,6,7,1.79769e+308,9,10,11,12,13,14,1.79769e+308,13,1.79769e+308,11,10,9,8,7,6,5,6,7,8,9,10,11,1.79769e+308,1.79769e+308,1.79769e+308,15,1.79769e+308,1.79769e+308,13,12,11,10,9,8,7,6,7,8,9,10,11,12,13,14,15,16,
76
21,20,19,1.79769e+308,1.79769e+308,1.79769e+308,13,12,1.79769e+308,10,9,1.79769e+308,1.79769e+308,1.79769e+308,1.79769e+308,4,3,1.79769e+308,7,6,1.79769e+308,19,18,17,16,1.79769e+308,12,11,10,9,8,7,1.79769e+308,1.79769e+308,4,3,2,1.79769e+308,1.79769e+308,5,19,18,17,16,15,14,13,1.79769e+308,1.79769e+308,8,7,6,5,4,3,1.79769e+308,1,2,3,4,1.79769e+308,1.79769e+308,18,17,16,15,14,13,12,1.79769e+308,6,5,4,3,2,1,0,1,2,3,19,18,17,16,15,14,13,12,11,1.79769e+308,7,6,1.79769e+308,1.79769e+308,3,2,1.79769e+308,2,3,1.79769e+308,20,1.79769e+308,16,15,14,13,12,11,10,9,8,1.79769e+308,1.79769e+308,5,4,3,4,3,1.79769e+308,7,1.79769e+308,18,17,16,15,14,13,12,11,10,9,10,9,1.79769e+308,5,1.79769e+308,1.79769e+308,4,5,6,20,19,1.79769e+308,17,16,1.79769e+308,14,13,12,1.79769e+308,10,9,8,7,6,7,6,5,6,7,21,20,21,1.79769e+308,17,16,15,14,13,14,1.79769e+308,10,9,1.79769e+308,7,8,7,1.79769e+308,7,1.79769e+308,22,1.79769e+308,20,19,18,1.79769e+308,16,15,14,13,12,11,10,11,1.79769e+308,9,8,9,8,9,23,24,1.79769e+308,20,19,18,17,1.79769e+308,15,14,13,1.79769e+308,1.79769e+308,1.79769e+308,1.79769e+308,10,9,1.79769e+308,9,10,1.79769e+308,23,22,21,20,19,1.79769e+308,17,16,15,14,1.79769e+308,14,13,12,11,10,11,10,11,27,1.79769e+308,23,22,21,20,1.79769e+308,18,17,16,15,1.79769e+308,15,14,13,12,11,12,11,12,26,25,24,1.79769e+308,22,1.79769e+308,20,19,18,17,16,1.79769e+308,1.79769e+308,15,14,13,12,13,12,13,27,26,25,24,23,22,21,20,19,18,17,1.79769e+308,1.79769e+308,16,1.79769e+308,14,13,14,13,14,28,27,26,25,24,23,22,21,1.79769e+308,19,18,19,18,17,16,15,14,15,14,15,29,1.79769e+308,1.79769e+308,26,25,24,23,22,21,20,19,20,19,1.79769e+308,17,16,15,16,15,16,30,29,28,27,26,25,24,23,1.79769e+308,21,20,21,20,1.79769e+308,18,17,16,17,16,17,1.79769e+308,30,1.79769e+308,28,27,26,25,24,23,22,21,22,21,20,19,18,1.79769e+308,1.79769e+308,1.79769e+308,18,1.79769e+308,1.79769e+308,30,29,28,27,26,25,24,23,22,23,22,21,20,19,20,21,20,19,
216
26,25,24,1.79769e+308,1.79769e+308,1.79769e+308,20,19,1.79769e+308,17,16,1.79769e+308,1.79769e+308,1.79769e+308,1.79769e+308,13,12,1.79769e+308,14,13,1.79769e+308,24,23,22,21,1.79769e+308,19,18,17,16,15,14,1.79769e+308,1.79769e+308,11,12,11,1.79769e+308,1.79769e+308,12,24,23,22,21,20,19,18,1.79769e+308,1.79769e+308,15,14,13,12,11,10,1.79769e+308,10,9,10,11,1.79769e+308,1.79769e+308,21,20,19,18,17,16,15,1.79769e+308,13,12,11,10,9,10,9,8,9,10,22,21,20,19,18,17,16,15,14,1.79769e+308,12,13,1.79769e+308,1.79769e+308,8,9,1.79769e+308,7,8,1.79769e+308,23,1.79769e+308,19,18,17,16,15,14,13,12,11,1.79769e+308,1.79769e+308,8,7,8,7,6,1.79769e+308,8,1.79769e+308,19,18,17,16,15,14,13,12,11,10,9,8,1.79769e+308,6,1.79769e+308,1.79769e+308,5,6,7,21,20,1.79769e+308,18,17,1.79769e+308,15,14,13,1.79769e+308,9,8,7,6,5,4,3,4,5,6,22,21,22,1.79769e+308,18,17,16,15,14,13,1.79769e+308,9,8,1.79769e+308,4,3,2,1.79769e+308,4,1.79769e+308,23,1.79769e+308,21,20,19,1.79769e+308,15,14,13,12,11,10,9,10,1.79769e+308,2,1,2,3,4,24,23,1.79769e+308,19,18,17,16,1.79769e+308,14,13,12,1.79769e+308,1.79769e+308,1.79769e+308,1.79769e+308,1,0,1.79769e+308,4,5,1.79769e+308,22,21,20,19,18,1.79769e+308,16,15,14,13,1.79769e+308,5,4,3,2,1,2,3,4,24,1.79769e+308,22,21,20,19,1.79769e+308,17,16,15,14,1.79769e+308,6,5,4,3,2,3,4,5,23,22,21,1.79769e+308,19,1.79769e+308,17,16,15,14,13,1.79769e+308,1.79769e+308,6,5,4,3,4,5,6,22,21,20,19,18,17,16,15,14,13,12,1.79769e+308,1.79769e+308,7,1.79769e+308,5,4,5,6,7,23,22,21,20,19,18,17,16,1.79769e+308,12,11,10,9,8,7,6,5,6,7,8,24,1.79769e+308,1.79769e+308,19,18,17,16,15,14,13,12,11,10,1.79769e+308,8,7,6,7,8,9,23,22,21,20,19,18,17,16,1.79769e+308,14,13,12,11,1.79769e+308,9,8,7,8,9,10,1.79769e+308,23,1.79769e+308,21,20,19,18,17,16,15,14,13,12,11,10,9,1.79769e+308,1.79769e+308,1.79769e+308,11,1.79769e+308,1.79769e+308,23,22,21,20,19,18,17,16,15,14,13,12,11,10,11,12,13,12,
23
4,3,2,1.79769e+308,1.79769e+308,1.79769e+308,6,7,1.79769e+308,9,10,1.79769e+308,1.79769e+308,1.79769e+308,1.79769e+308,17,18,1.79769e+308,24,23,1.79769e+308,2,1,0,1,1.79769e+308,5,6,7,8,9,10,1.79769e+308,1.79769e+308,15,16,17,1.79769e+308,1.79769e+308,22,4,3,2,1,2,3,4,1.79769e+308,1.79769e+308,9,10,11,12,13,14,1.79769e+308,18,19,20,21,1.79769e+308,1.79769e+308,3,2,3,4,5,6,7,1.79769e+308,11,12,13,14,15,16,17,18,19,20,6,5,4,3,4,5,6,7,8,1.79769e+308,12,13,1.79769e+308,1.79769e+308,16,17,1.79769e+308,19,20,1.79769e+308,7,1.79769e+308,5,4,5,6,7,8,9,10,11,1.79769e+308,1.79769e+308,18,17,18,19,20,1.79769e+308,24,1.79769e+308,7,6,5,6,7,8,9,10,11,12,13,14,1.79769e+308,18,1.79769e+308,1.79769e+308,21,22,23,9,8,1.79769e+308,6,7,1.79769e+308,9,10,11,1.79769e+308,13,14,15,16,17,18,19,20,21,22,10,9,10,1.79769e+308,8,9,10,11,12,13,1.79769e+308,15,16,1.79769e+308,18,19,20,1.79769e+308,22,1.79769e+308,11,1.79769e+308,11,10,9,1.79769e+308,11,12,13,14,15,16,17,18,1.79769e+308,20,21,22,23,24,12,13,1.79769e+308,11,10,11,12,1.79769e+308,14,15,16,1.79769e+308,1.79769e+308,1.79769e+308,1.79769e+308,21,22,1.79769e+308,24,25,1.79769e+308,14,13,12,11,12,1.79769e+308,16,15,16,17,1.79769e+308,25,24,23,22,23,24,25,26,18,1.79769e+308,14,13,12,13,1.79769e+308,17,16,17,18,1.79769e+308,26,25,24,23,24,25,26,27,17,16,15,1.79769e+308,13,1.79769e+308,17,18,17,18,19,1.79769e+308,1.79769e+308,26,25,24,25,26,27,28,18,17,16,15,14,15,16,17,18,19,20,1.79769e+308,1.79769e+308,25,1.79769e+308,25,26,27,28,29,19,18,17,16,15,16,17,18,1.79769e+308,20,21,22,23,24,25,26,27,28,29,30,20,1.79769e+308,1.79769e+308,17,16,17,18,19,20,21,22,23,24,1.79769e+308,26,27,28,29,30,31,21,20,19,18,17,18,19,20,1.79769e+308,22,23,24,25,1.79769e+308,27,28,29,30,31,32,1.79769e+308,21,1.79769e+308,19,18,19,20,21,22,23,24,25,26,27,28,29,1.79769e+308,1.79769e+308,1.79769e+308,33,1.79769e+308,1.79769e+308,21,20,19,20,21,22,23,24,25,26,27,28,29,30,31,32,33,34,
132
18,17,16,1.79769e+308,1.79769e+308,1.79769e+308,12,11,1.79769e+308,9,8,1.79769e+308,1.79769e+308,1.79769e+308,1.79769e+308,11,12,1.79769e+308,16,15,1.79769e+308,16,15,14,13,1.79769e+308,11,10,9,8,7,8,1.79769e+308,1.79769e+308,9,10,11,1.79769e+308,1.79769e+308,14,16,15,14,13,12,11,10,1.79769e+308,1.79769e+308,7,6,7,8,9,8,1.79769e+308,10,11,12,13,1.79769e+308,1.79769e+308,13,12,11,10,9,8,7,1.79769e+308,5,6,7,8,7,8,9,10,11,12,14,13,12,11,10,9,8,7,6,1.79769e+308,4,5,1.79769e+308,1.79769e+308,6,7,1.79769e+308,9,10,1.79769e+308,15,1.79769e+308,11,10,9,8,7,6,5,4,3,1.79769e+308,1.79769e+308,6,5,6,7,8,1.79769e+308,10,1.79769e+308,11,10,9,8,7,6,5,4,3,2,1,0,1.79769e+308,4,1.79769e+308,1.79769e+308,7,8,9,13,12,1.79769e+308,10,9,1.79769e+308,7,6,5,1.79769e+308,3,2,1,2,3,4,5,6,7,8,14,13,14,1.79769e+308,10,9,8,7,6,7,1.79769e+308,3,2,1.79769e+308,4,5,6,1.79769e+308,8,1.79769e+308,15,1.79769e+308,13,12,11,1.79769e+308,9,8,7,6,5,4,3,4,1.79769e+308,6,7,8,9,10,16,17,1.79769e+308,13,12,11,10,1.79769e+308,8,7,6,1.79769e+308,1.79769e+308,1.79769e+308,1.79769e+308,7,8,1.79769e+308,10,11,1.79769e+308,16,15,14,13,12,1.79769e+308,10,9,8,7,1.79769e+308,11,10,9,8,9,10,11,12,20,1.79769e+308,16,15,14,13,1.79769e+308,11,10,9,8,1.79769e+308,12,11,10,9,10,11,12,13,19,18,17,1.79769e+308,15,1.79769e+308,13,12,11,10,9,1.79769e+308,1.79769e+308,12,11,10,11,12,13,14,20,19,18,17,16,15,14,13,12,11,10,1.79769e+308,1.79769e+308,13,1.79769e+308,11,12,13,14,15,21,20,19,18,17,16,15,14,1.79769e+308,12,11,12,13,14,13,12,13,14,15,16,22,1.79769e+308,1.79769e+308,19,18,17,16,15,14,13,12,13,14,1.79769e+308,14,13,14,15,16,17,23,22,21,20,19,18,17,16,1.79769e+308,14,13,14,15,1.79769e+308,15,14,15,16,17,18,1.79769e+308,23,1.79769e+308,21,20,19,18,17,16,15,14,15,16,17,16,15,1.79769e+308,1.79769e+308,1.79769e+308,19,1.79769e+308,1.79769e+308,23,22,21,20,19,18,17,16,15,16,17,18,17,16,17,18,19,20,
228
19,18,17,1.79769e+308,1.79769e+308,1.79769e+308,13,14,1.79769e+308,14,13,1.79769e+308,1.79769e+308,1.79769e+308,1.79769e+308,18,19,1.79769e+308,23,22,1.79769e+308,17,16,15,14,1.79769e+308,12,13,14,13,12,13,1.79769e+308,1.79769e+308,16,17,18,1.79769e+308,1.79769e+308,21,17,16,15,14,13,12,11,1.79769e+308,1.79769e+308,12,11,12,13,14,15,1.79769e+308,17,18,19,20,1.79769e+308,1.79769e+308,14,13,12,11,10,9,8,1.79769e+308,10,11,12,13,14,15,16,17,18,19,15,14,13,12,11,10,9,8,7,1.79769e+308,9,10,1.79769e+308,1.79769e+308,13,14,1.79769e+308,16,17,1.79769e+308,16,1.79769e+308,12,11,10,9,8,7,6,7,8,1.79769e+308,1.79769e+308,13,12,13,14,15,1.79769e+308,17,1.79769e+308,12,11,10,9,8,7,6,5,6,7,8,9,1.79769e+308,11,1.79769e+308,1.79769e+308,14,15,16,14,13,1.79769e+308,9,8,1.79769e+308,6,5,4,1.79769e+308,8,7,8,9,10,11,12,13,14,15,13,12,11,1.79769e+308,7,6,5,4,3,4,1.79769e+308,6,7,1.79769e+308,11,12,13,1.79769e+308,15,1.79769e+308,14,1.79769e+308,10,9,8,1.79769e+308,4,3,2,3,4,5,6,7,1.79769e+308,13,14,15,16,17,13,12,1.79769e+308,8,7,6,5,1.79769e+308,1,2,3,1.79769e+308,1.79769e+308,1.79769e+308,1.79769e+308,14,15,1.79769e+308,17,18,1.79769e+308,11,10,9,8,7,1.79769e+308,1,0,1,2,1.79769e+308,14,13,14,15,16,17,18,19,13,1.79769e+308,11,10,9,8,1.79769e+308,2,1,2,3,1.79769e+308,13,12,13,14,15,16,17,18,12,11,10,1.79769e+308,8,1.79769e+308,4,3,2,3,4,1.79769e+308,1.79769e+308,11,12,13,14,15,16,17,11,10,9,8,7,6,5,4,3,4,5,1.79769e+308,1.79769e+308,10,1.79769e+308,12,13,14,15,16,12,11,10,9,8,7,6,5,1.79769e+308,5,6,7,8,9,10,11,12,13,14,15,13,1.79769e+308,1.79769e+308,10,9,8,7,6,7,6,7,8,9,1.79769e+308,11,12,13,14,15,16,14,13,12,11,10,9,8,7,1.79769e+308,7,8,9,10,1.79769e+308,12,13,14,15,16,17,1.79769e+308,14,1.79769e+308,12,11,10,9,8,9,8,9,10,11,12,13,14,1.79769e+308,1.79769e+308,1.79769e+308,18,1.79769e+308,1.79769e+308,14,13,12,11,10,9,10,9,10,11,12,13,14,15,16,17,18,19,
35
20,19,18,1.79769e+308,1.79769e+308,1.79769e+308,12,11,1.79769e+308,9,8,1.79769e+308,1.79769e+308,1.79769e+308,1.79769e+308,1,2,1.79769e+308,8,7,1.79769e+308,18,17,16,15,1.79769e+308,11,10,9,8,7,6,1.79769e+308,1.79769e+308,1,0,1,1.79769e+308,1.79769e+308,6,18,17,16,15,14,13,12,1.79769e+308,1.79769e+308,7,6,5,4,3,2,1.79769e+308,2,3,4,5,1.79769e+308,1.79769e+308,17,16,15,14,13,14,13,1.79769e+308,7,6,5,4,3,4,3,4,5,6,20,19,18,17,16,15,14,13,12,1.79769e+308,8,7,1.79769e+308,1.79769e+308,4,5,1.79769e+308,5,6,1.79769e+308,21,1.79769e+308,17,16,15,14,13,12,11,10,9,1.79769e+308,1.79769e+308,6,5,6,7,6,1.79769e+308,10,1.79769e+308,19,18,17,16,15,14,13,12,11,10,11,10,1.79769e+308,6,1.79769e+308,1.79769e+308,7,8,9,21,20,1.79769e+308,18,17,1.79769e+308,15,14,13,1.79769e+308,11,10,9,8,7,8,9,8,9,10,22,21,22,1.79769e+308,18,17,16,15,14,15,1.79769e+308,11,10,1.79769e+308,8,9,10,1.79769e+308,10,1.79769e+308,23,1.79769e+308,21,20,19,1.79769e+308,17,16,15,14,13,12,11,12,1.79769e+308,10,11,12,11,12,24,25,1.79769e+308,21,20,19,18,1.79769e+308,16,15,14,1.79769e+308,1.79769e+308,1.79769e+308,1.79769e+308,11,12,1.79769e+308,12,13,1.79769e+308,24,23,22,21,20,1.79769e+308,18,17,16,15,1.79769e+308,15,14,13,12,13,14,13,14,28,1.79769e+308,24,23,22,21,1.79769e+308,19,18,17,16,1.79769e+308,16,15,14,13,14,15,14,15,27,26,25,1.79769e+308,23,1.79769e+308,21,20,19,18,17,1.79769e+308,1.79769e+308,16,15,14,15,16,15,16,28,27,26,25,24,23,22,21,20,19,18,1.79769e+308,1.79769e+308,17,1.79769e+308,15,16,17,16,17,29,28,27,26,25,24,23,22,1.79769e+308,20,19,20,19,18,17,16,17,18,17,18,30,1.79769e+308,1.79769e+308,27,26,25,24,23,22,21,20,21,20,1.79769e+308,18,17,18,19,18,19,31,30,29,28,27,26,25,24,1.79769e+308,22,21,22,21,1.79769e+308,19,18,19,20,19,20,1.79769e+308,31,1.79769e+308,29,28,27,26,25,24,23,22,23,22,21,20,19,1.79769e+308,1.79769e+308,1.79769e+308,21,1.79769e+308,1.79769e+308,31,30,29,28,27,26,25,24,23,24,23,22,21,20,21,22,23,22,
252
30,29,28,1.79769e+308,1.79769e+308,1.79769e+308,24,23,1.79769e+308,21,20,1.79769e+308,1.79769e+308,1.79769e+308,1.79769e+308,17,18,1.79769e+308,20,19,1.79769e+308,28,27,26,25,1.79769e+308,23,22,21,20,19,18,1.79769e+308,1.79769e+308,15,16,17,1.79769e+308,1.79769e+308,18,28,27,26,25,24,23,22,1.79769e+308,1.79769e+308,19,18,17,16,15,14,1.79769e+308,16,15,16,17,1.79769e+308,1.79769e+308,25,24,23,22,21,20,19,1.79769e+308,17,16,15,14,13,14,15,14,15,16,26,25,24,23,22,21,20,19,18,1.79769e+308,16,17,1.79769e+308,1.79769e+308,12,13,1.79769e+308,13,14,1.79769e+308,27,1.79769e+308,23,22,21,20,19,18,17,16,15,1.79769e+308,1.79769e+308,12,11,12,13,12,1.79769e+308,14,1.79769e+308,23,22,21,20,19,18,17,16,15,14,13,12,1.79769e+308,10,1.79769e+308,1.79769e+308,11,12,13,25,24,1.79769e+308,22,21,1.79769e+308,19,18,17,1.79769e+308,13,12,11,10,9,8,9,10,11,12,24,23,22,1.79769e+308,20,19,18,17,16,15,1.79769e+308,13,12,1.79769e+308,8,7,8,1.79769e+308,10,1.79769e+308,23,1.79769e+308,21,20,19,1.79769e+308,17,16,15,14,13,14,13,14,1.79769e+308,6,7,8,9,10,22,21,1.79769e+308,19,18,19,18,1.79769e+308,14,13,12,1.79769e+308,1.79769e+308,1.79769e+308,1.79769e+308,5,6,1.79769e+308,8,9,1.79769e+308,20,19,18,17,18,1.79769e+308,14,13,12,11,1.79769e+308,1,2,3,4,5,6,7,8,20,1.79769e+308,18,17,16,17,1.79769e+308,13,12,11,10,1.79769e+308,0,1,2,3,4,5,6,7,19,18,17,1.79769e+308,15,1.79769e+308,13,12,11,10,9,1.79769e+308,1.79769e+308,2,3,4,5,6,7,8,18,17,16,15,14,13,12,11,10,9,8,1.79769e+308,1.79769e+308,3,1.79769e+308,5,6,7,8,9,19,18,17,16,15,14,13,12,1.79769e+308,8,7,6,5,4,5,6,7,8,9,10,20,1.79769e+308,1.79769e+308,15,14,13,12,11,10,9,8,7,6,1.79769e+308,6,7,8,9,10,11,19,18,17,16,15,14,13,12,1.79769e+308,10,9,8,7,1.79769e+308,7,8,9,10,11,12,1.79769e+308,19,1.79769e+308,17,16,15,14,13,12,11,10,9,8,9,8,9,1.79769e+308,1.79769e+308,1.79769e+308,13,1.79769e+308,1.79769e+308,19,18,17,16,15,14,13,12,11,10,9,10,9,10,11,12,13,14,
59
25,24,23,1.79769e+308,1.79769e+308,1.79769e+308,17,16,1.79769e+308,14,13,1.79769e+308,1.79769e+308,1.79769e+308,1.79769e+308,6,5,1.79769e+308,3,2,1.79769e+308,23,22,21,20,1.79769e+308,16,15,14,13,12,11,1.79769e+308,1.79769e+308,6,5,4,1.79769e+308,1.79769e+308,1,23,22,21,20,19,18,17,1.79769e+308,1.79769e+308,12,11,10,9,8,7,1.79769e+308,3,2,1,0,1.79769e+308,1.79769e+308,22,21,20,19,18,17,16,1.79769e+308,10,9,8,7,6,5,4,3,2,1,23,22,21,20,19,18,17,16,15,1.79769e+308,11,10,1.79769e+308,1.79769e+308,7,6,1.79769e+308,4,3,1.79769e+308,24,1.79769e+308,20,19,18,17,16,15,14,13,12,1.79769e+308,1.79769e+308,9,8,7,6,5,1.79769e+308,9,1.79769e+308,22,21,20,19,18,17,16,15,14,13,14,13,1.79769e+308,9,1.79769e+308,1.79769e+308,6,7,8,24,23,1.79769e+308,21,20,1.79769e+308,18,17,16,1.79769e+308,14,13,12,11,10,9,8,7,8,9,25,24,25,1.79769e+308,21,20,19,18,17,18,1.79769e+308,14,13,1.79769e+308,11,10,9,1.79769e+308,9,1.79769e+308,26,1.79769e+308,24,23,22,1.79769e+308,20,19,18,17,16,15,14,15,1.79769e+308,11,10,11,10,11,27,28,1.79769e+308,24,23,22,21,1.79769e+308,19,18,17,1.79769e+308,1.79769e+308,1.79769e+308,1.79769e+308,12,11,1.79769e+308,11,12,1.79769e+308,27,26,25,24,23,1.79769e+308,21,20,19,18,1.79769e+308,16,15,14,13,12,13,12,13,31,1.79769e+308,27,26,25,24,1.79769e+308,22,21,20,19,1.79769e+308,17,16,15,14,13,14,13,14,30,29,28,1.79769e+308,26,1.79769e+308,24,23,22,21,20,1.79769e+308,1.79769e+308,17,16,15,14,15,14,15,31,30,29,28,27,26,25,24,23,22,21,1.79769e+308,1.79769e+308,18,1.79769e+308,16,15,16,15,16,32,31,30,29,28,27,26,25,1.79769e+308,23,22,21,20,19,18,17,16,17,16,17,33,1.79769e+308,1.79769e+308,30,29,28,27,26,25,24,23,22,21,1.79769e+308,19,18,17,18,17,18,34,33,32,31,30,29,28,27,1.79769e+308,25,24,23,22,1.79769e+308,20,19,18,19,18,19,1.79769e+308,34,1.79769e+308,32,31,30,29,28,27,26,25,24,23,22,21,20,1.79769e+308,1.79769e+308,1.79769e+308,20,1.79769e+308,1.79769e+308,34,33,32,31,30,29,28,27,26,25,24,23,22,21,22,23,22,21,
103
8,7,6,1.79769e+308,1.79769e+308,1.79769e+308,8,9,1.79769e+308,11,12,1.79769e+308,1.79769e+308,1.79769e+308,1.79769e+308,17,18,1.79769e+308,22,21,1.79769e+308,6,5,4,5,1.79769e+308,7,8,9,10,11,12,1.79769e+308,1.79769e+308,15,16,17,1.79769e+308,1.79769e+308,20,6,5,4,3,4,5,6,1.79769e+308,1.79769e+308,11,10,11,12,13,14,1.79769e+308,16,17,18,19,1.79769e+308,1.79769e+308,3,2,3,4,5,6,7,1.79769e+308,9,10,11,12,13,14,15,16,17,18,4,3,2,1,2,3,4,5,6,1.79769e+308,8,9,1.79769e+308,1.79769e+308,14,15,1.79769e+308,17,18,1.79769e+308,5,1.79769e+308,1,0,1,2,3,4,5,6,7,1.79769e+308,1.79769e+308,16,15,16,17,18,1.79769e+308,20,1.79769e+308,3,2,1,2,3,4,5,6,7,8,9,10,1.79769e+308,14,1.79769e+308,1.79769e+308,17,18,19,5,4,1.79769e+308,2,3,1.79769e+308,5,6,7,1.79769e+308,9,10,11,12,13,14,15,16,17,18,6,5,6,1.79769e+308,4,5,6,7,8,9,1.79769e+308,11,12,1.79769e+308,14,15,16,1.79769e+308,18,1.79769e+308,7,1.79769e+308,7,6,5,1.79769e+308,7,8,9,10,11,12,13,14,1.79769e+308,16,17,18,19,20,8,9,1.79769e+308,7,6,7,8,1.79769e+308,10,11,12,1.79769e+308,1.79769e+308,1.79769e+308,1.79769e+308,17,18,1.79769e+308,20,21,1.79769e+308,10,9,8,7,8,1.79769e+308,12,11,12,13,1.79769e+308,21,20,19,18,19,20,21,22,14,1.79769e+308,10,9,8,9,1.79769e+308,13,12,13,14,1.79769e+308,22,21,20,19,20,21,22,23,13,12,11,1.79769e+308,9,1.79769e+308,13,14,13,14,15,1.79769e+308,1.79769e+308,22,21,20,21,22,23,24,14,13,12,11,10,11,12,13,14,15,16,1.79769e+308,1.79769e+308,21,1.79769e+308,21,22,23,24,25,15,14,13,12,11,12,13,14,1.79769e+308,16,17,18,19,20,21,22,23,24,25,26,16,1.79769e+308,1.79769e+308,13,12,13,14,15,16,17,18,19,20,1.79769e+308,22,23,24,25,26,27,17,16,15,14,13,14,15,16,1.79769e+308,18,19,20,21,1.79769e+308,23,24,25,26,27,28,1.79769e+308,17,1.79769e+308,15,14,15,16,17,18,19,20,21,22,23,24,25,1.79769e+308,1.79769e+308,1.79769e+308,29,1.79769e+308,1.79769e+308,17,16,15,16,17,18,19,20,21,22,23,24,25,26,27,28,29,30,
199
28,27,26,1.79769e+308,1.79769e+308,1.79769e+308,22,21,1.79769e+308,19,18,1.79769e+308,1.79769e+308,1.79769e+308,1.79769e+308,13,12,1.79769e+308,14,13,1.79769e+308,26,25,24,23,1.79769e+308,21,20,19,18,17,16,1.79769e+308,1.79769e+308,13,12,11,1.79769e+308,1.79769e+308,12,26,25,24,23,22,21,20,1.79769e+308,1.79769e+308,17,16,15,14,13,12,1.79769e+308,10,9,10,11,1.79769e+308,1.79769e+308,23,22,21,20,19,18,17,1.79769e+308,15,14,13,12,11,10,9,8,9,10,24,23,22,21,20,19,18,17,16,1.79769e+308,14,15,1.79769e+308,1.79769e+308,10,9,1.79769e+308,7,8,1.79769e+308,25,1.79769e+308,21,20,19,18,17,16,15,14,13,1.79769e+308,1.79769e+308,10,9,8,7,6,1.79769e+308,6,1.79769e+308,21,20,19,18,17,16,15,14,13,12,11,10,1.79769e+308,8,1.79769e+308,1.79769e+308,5,4,5,23,22,1.79769e+308,20,19,1.79769e+308,17,16,15,1.79769e+308,11,10,9,8,7,6,5,4,3,4,24,23,24,1.79769e+308,20,19,18,17,16,15,1.79769e+308,11,10,1.79769e+308,6,5,4,1.79769e+308,2,1.79769e+308,25,1.79769e+308,23,22,21,1.79769e+308,17,16,15,14,13,12,11,12,1.79769e+308,4,3,2,1,0,26,25,1.79769e+308,21,20,19,18,1.79769e+308,16,15,14,1.79769e+308,1.79769e+308,1.79769e+308,1.79769e+308,5,4,1.79769e+308,2,1,1.79769e+308,24,23,22,21,20,1.79769e+308,18,17,16,15,1.79769e+308,9,8,7,6,5,4,3,2,28,1.79769e+308,24,23,22,21,1.79769e+308,19,18,17,16,1.79769e+308,10,9,8,7,6,5,4,3,27,26,25,1.79769e+308,23,1.79769e+308,21,20,19,18,17,1.79769e+308,1.79769e+308,10,9,8,7,6,5,4,26,25,24,23,22,21,20,19,18,17,16,1.79769e+308,1.79769e+308,11,1.79769e+308,9,8,7,6,5,27,26,25,24,23,22,21,20,1.79769e+308,16,15,14,13,12,11,10,9,8,7,6,28,1.79769e+308,1.79769e+308,23,22,21,20,19,18,17,16,15,14,1.79769e+308,12,11,10,9,8,7,27,26,25,24,23,22,21,20,1.79769e+308,18,17,16,15,1.79769e+308,13,12,11,10,9,8,1.79769e+308,27,1.79769e+308,25,24,23,22,21,20,19,18,17,16,15,14,13,1.79769e+308,1.79769e+308,1.79769e+308,9,1.79769e+308,1.79769e+308,27,26,25,24,23,22,21,20,19,18,17,16,15,14,13,12,11,10,
395
34,33,32,1.79769e+308,1.79769e+308,1.79769e+308,28,27,1.79769e+308,25,24,1.79769e+308,1.79769e+308,1.79769e+308,1.79769e+308,21,22,1.79769e+308,24,23,1.79769e+308,32,31,30,29,1.79769e+308,27,26,25,24,23,22,1.79769e+308,1.79769e+308,19,20,21,1.79769e+308,1.79769e+308,22,32,31,30,29,28,27,26,1.79769e+308,1.79769e+308,23,22,21,20,19,18,1.79769e+308,20,19,20,21,1.79769e+308,1.79769e+308,29,28,27,26,25,24,23,1.79769e+308,21,20,19,18,17,18,19,18,19,20,30,29,28,27,26,25,24,23,22,1.79769e+308,20,21,1.79769e+308,1.79769e+308,16,17,1.79769e+308,17,18,1.79769e+308,31,1.79769e+308,27,26,25,24,23,22,21,20,19,1.79769e+308,1.79769e+308,16,15,16,17,16,1.79769e+308,18,1.79769e+308,27,26,25,24,23,22,21,20,19,18,17,16,1.79769e+308,14,1.79769e+308,1.79769e+308,15,16,17,27,26,1.79769e+308,24,23,1.79769e+308,21,20,19,1.79769e+308,17,16,15,14,13,12,13,14,15,16,26,25,24,1.79769e+308,22,21,20,19,18,17,1.79769e+308,17,16,1.79769e+308,12,11,12,1.79769e+308,14,1.79769e+308,25,1.79769e+308,23,22,21,1.79769e+308,19,18,17,16,15,16,17,18,1.79769e+308,10,11,12,13,14,24,23,1.79769e+308,21,20,21,20,1.79769e+308,16,15,14,1.79769e+308,1.79769e+308,1.79769e+308,1.79769e+308,9,10,1.79769e+308,12,13,1.79769e+308,22,21,20,19,20,1.79769e+308,16,15,14,13,1.79769e+308,11,10,9,8,9,10,11,12,22,1.79769e+308,20,19,18,19,1.79769e+308,15,14,13,12,1.79769e+308,10,9,8,7,8,9,10,11,21,20,19,1.79769e+308,17,1.79769e+308,15,14,13,12,11,1.79769e+308,1.79769e+308,8,7,6,7,8,9,10,20,19,18,17,16,15,14,13,12,11,10,1.79769e+308,1.79769e+308,7,1.79769e+308,5,6,7,8,9,19,18,17,16,15,14,13,12,1.79769e+308,10,9,8,7,6,5,4,5,6,7,8,18,1.79769e+308,1.79769e+308,15,14,13,12,11,10,9,8,7,6,1.79769e+308,4,3,4,5,6,7,17,16,15,14,13,12,11,10,1.79769e+308,8,7,6,5,1.79769e+308,3,2,3,4,5,6,1.79769e+308,17,1.79769e+308,13,12,11,10,9,8,7,6,5,4,3,2,1,1.79769e+308,1.79769e+308,1.79769e+308,5,1.79769e+308,1.79769e+308,13,12,11,10,9,8,7,6,5,4,3,2,1,0,1,2,3,4,
6
10,9,8,1.79769e+308,1.79769e+308,1.79769e+308,0,1,1.79769e+308,5,6,1.79769e+308,1.79769e+308,1.79769e+308,1.79769e+308,13,14,1.79769e+308,20,19,1.79769e+308,8,7,6,5,1.79769e+308,1,2,3,4,5,6,1.79769e+308,1.79769e+308,11,12,13,1.79769e+308,1.79769e+308,18,8,7,6,5,4,3,2,1.79769e+308,1.79769e+308,5,6,7,8,9,10,1.79769e+308,14,15,16,17,1.79769e+308,1.79769e+308,7,6,5,4,3,4,5,1.79769e+308,7,8,9,10,11,12,13,14,15,16,10,9,8,7,6,5,4,5,6,1.79769e+308,8,9,1.79769e+308,1.79769e+308,12,13,1.79769e+308,15,16,1.79769e+308,11,1.79769e+308,9,8,7,6,5,6,7,8,9,1.79769e+308,1.79769e+308,14,13,14,15,16,1.79769e+308,20,1.79769e+308,11,10,9,8,7,6,7,8,9,10,11,12,1.79769e+308,14,1.79769e+308,1.79769e+308,17,18,19,13,12,1.79769e+308,10,9,1.79769e+308,7,8,9,1.79769e+308,11,12,13,14,15,16,17,18,19,20,14,13,14,1.79769e+308,10,9,8,9,10,11,1.79769e+308,13,14,1.79769e+308,16,17,18,1.79769e+308,20,1.79769e+308,15,1.79769e+308,13,12,11,1.79769e+308,9,10,11,12,13,14,15,16,1.79769e+308,18,19,20,21,22,16,17,1.79769e+308,13,12,11,10,1.79769e+308,12,13,14,1.79769e+308,1.79769e+308,1.79769e+308,1.79769e+308,19,20,1.79769e+308,22,23,1.79769e+308,16,15,14,13,12,1.79769e+308,14,13,14,15,1.79769e+308,23,22,21,20,21,22,23,24,20,1.79769e+308,16,15,14,13,1.79769e+308,15,14,15,16,1.79769e+308,24,23,22,21,22,23,24,25,19,18,17,1.79769e+308,15,1.79769e+308,17,16,15,16,17,1.79769e+308,1.79769e+308,24,23,22,23,24,25,26,20,19,18,17,16,17,18,17,16,17,18,1.79769e+308,1.79769e+308,23,1.79769e+308,23,24,25,26,27,21,20,19,18,17,18,19,18,1.79769e+308,18,19,20,21,22,23,24,25,26,27,28,22,1.79769e+308,1.79769e+308,19,18,19,20,19,20,19,20,21,22,1.79769e+308,24,25,26,27,28,29,23,22,21,20,19,20,21,20,1.79769e+308,20,21,22,23,1.79769e+308,25,26,27,28,29,30,1.79769e+308,23,1.79769e+308,21,20,21,22,21,22,21,22,23,24,25,26,27,1.79769e+308,1.79769e+308,1.79769e+308,31,1.79769e+308,1.79769e+308,23,22,21,22,23,22,23,22,23,24,25,26,27,28,29,30,31,32,
116
23,22,21,1.79769e+308,1.79769e+308,1.79769e+308,15,14,1.79769e+308,12,11,1.79769e+308,1.79769e+308,1.79769e+308,1.79769e+308,8,7,1.79769e+308,9,8,1.79769e+308,21,20,19,18,1.79769e+308,14,13,12,11,10,9,1.79769e+308,1.79769e+308,6,7,6,1.79769e+308,1.79769e+308,7,21,20,19,18,17,16,15,1.79769e+308,1.79769e+308,10,9,8,7,6,5,1.79769e+308,5,4,5,6,1.79769e+308,1.79769e+308,20,19,18,17,16,15,14,1.79769e+308,8,7,6,5,4,3,4,3,4,5,21,20,19,18,17,16,15,14,13,1.79769e+308,9,8,1.79769e+308,1.79769e+308,3,2,1.79769e+308,2,3,1.79769e+308,22,1.79769e+308,18,17,16,15,14,13,12,11,10,1.79769e+308,1.79769e+308,3,2,1,0,1,1.79769e+308,5,1.79769e+308,18,17,16,15,14,13,12,11,10,9,8,7,1.79769e+308,3,1.79769e+308,1.79769e+308,2,3,4,20,19,1.79769e+308,17,16,1.79769e+308,14,13,12,1.79769e+308,8,7,6,5,4,5,4,3,4,5,21,20,21,1.79769e+308,17,16,15,14,13,12,1.79769e+308,8,7,1.79769e+308,5,6,5,1.79769e+308,5,1.79769e+308,22,1.79769e+308,20,19,18,1.79769e+308,14,13,12,11,10,9,8,9,1.79769e+308,7,6,7,6,7,23,22,1.79769e+308,18,17,16,15,1.79769e+308,13,12,11,1.79769e+308,1.79769e+308,1.79769e+308,1.79769e+308,8,7,1.79769e+308,7,8,1.79769e+308,21,20,19,18,17,1.79769e+308,15,14,13,12,1.79769e+308,12,11,10,9,8,9,8,9,25,1.79769e+308,21,20,19,18,1.79769e+308,16,15,14,13,1.79769e+308,13,12,11,10,9,10,9,10,24,23,22,1.79769e+308,20,1.79769e+308,18,17,16,15,14,1.79769e+308,1.79769e+308,13,12,11,10,11,10,11,25,24,23,22,21,20,19,18,17,16,15,1.79769e+308,1.79769e+308,14,1.79769e+308,12,11,12,11,12,26,25,24,23,22,21,20,19,1.79769e+308,17,16,17,16,15,14,13,12,13,12,13,27,1.79769e+308,1.79769e+308,24,23,22,21,20,19,18,17,18,17,1.79769e+308,15,14,13,14,13,14,28,27,26,25,24,23,22,21,1.79769e+308,19,18,19,18,1.79769e+308,16,15,14,15,14,15,1.79769e+308,28,1.79769e+308,26,25,24,23,22,21,20,19,20,19,18,17,16,1.79769e+308,1.79769e+308,1.79769e+308,16,1.79769e+308,1.79769e+308,28,27,26,25,24,23,22,21,20,21,20,19,18,17,18,19,18,17,
19
27,26,25,1.79769e+308,1.79769e+308,1.79769e+308,19,18,1.79769e+308,16,15,1.79769e+308,1.79769e+308,1.79769e+308,1.79769e+308,8,7,1.79769e+308,1,0,1.79769e+308,25,24,23,22,1.79769e+308,18,17,16,15,14,13,1.79769e+308,1.79769e+308,8,7,6,1.79769e+308,1.79769e+308,1,25,24,23,22,21,20,19,1.79769e+308,1.79769e+308,14,13,12,11,10,9,1.79769e+308,5,4,3,2,1.79769e+308,1.79769e+308,24,23,22,21,20,19,18,1.79769e+308,12,11,10,9,8,7,6,5,4,3,25,24,23,22,21,20,19,18,17,1.79769e+308,13,12,1.79769e+308,1.79769e+308,9,8,1.79769e+308,6,5,1.79769e+308,26,1.79769e+308,22,21,20,19,18,17,16,15,14,1.79769e+308,1.79769e+308,11,10,9,8,7,1.79769e+308,11,1.79769e+308,24,23,22,21,20,19,18,17,16,15,16,15,1.79769e+308,11,1.79769e+308,1.79769e+308,8,9,10,26,25,1.79769e+308,23,22,1.79769e+308,20,19,18,1.79769e+308,16,15,14,13,12,11,10,9,10,11,27,26,27,1.79769e+308,23,22,21,20,19,20,1.79769e+308,16,15,1.79769e+308,13,12,11,1.79769e+308,11,1.79769e+308,28,1.79769e+308,26,25,24,1.79769e+308,22,21,20,19,18,17,16,17,1.79769e+308,13,12,13,12,13,29,30,1.79769e+308,26,25,24,23,1.79769e+308,21,20,19,1.79769e+308,1.79769e+308,1.79769e+308,1.79769e+308,14,13,1.79769e+308,13,14,1.79769e+308,29,28,27,26,25,1.79769e+308,23,22,21,20,1.79769e+308,18,17,16,15,14,15,14,15,33,1.79769e+308,29,28,27,26,1.79769e+308,24,23,22,21,1.79769e+308,19,18,17,16,15,16,15,16,32,31,30,1.79769e+308,28,1.79769e+308,26,25,24,23,22,1.79769e+308,1.79769e+308,19,18,17,16,17,16,17,33,32,31,30,29,28,27,26,25,24,23,1.79769e+308,1.79769e+308,20,1.79769e+308,18,17,18,17,18,34,33,32,31,30,29,28,27,1.79769e+308,25,24,23,22,21,20,19,18,19,18,19,35,1.79769e+308,1.79769e+308,32,31,30,29,28,27,26,25,24,23,1.79769e+308,21,20,19,20,19,20,36,35,34,33,32,31,30,29,1.79769e+308,27,26,25,24,1.79769e+308,22,21,20,21,20,21,1.79769e+308,36,1.79769e+308,34,33,32,31,30,29,28,27,26,25,24,23,22,1.79769e+308,1.79769e+308,1.79769e+308,22,1.79769e+308,1.79769e+308,36,35,34,33,32,31,30,29,28,27,26,25,24,23,24,25,24,23,
224
15,14,13,1.79769e+308,1.79769e+308,1.79769e+308,13,14,1.79769e+308,16,17,1.79769e+308,1.79769e+308,1.79769e+308,1.79769e+308,22,23,1.79769e+308,27,26,1.79769e+308,13,12,11,10,1.79769e+308,12,13,14,15,16,17,1.79769e+308,1.79769e+308,20,21,22,1.79769e+308,1.79769e+308,25,13,12,11,10,9,10,11,1.79769e+308,1.79769e+308,16,15,16,17,18,19,1.79769e+308,21,22,23,24,1.79769e+308,1.79769e+308,10,9,8,9,10,11,12,1.79769e+308,14,15,16,17,18,19,20,21,22,23,11,10,9,8,7,8,9,10,11,1.79769e+308,13,14,1.79769e+308,1.79769e+308,17,18,1.79769e+308,20,21,1.79769e+308,12,1.79769e+308,8,7,6,7,8,9,10,11,12,1.79769e+308,1.79769e+308,17,16,17,18,19,1.79769e+308,21,1.79769e+308,8,7,6,5,6,7,8,9,10,11,12,13,1.79769e+308,15,1.79769e+308,1.79769e+308,18,19,20,8,7,1.79769e+308,5,4,1.79769e+308,6,7,8,1.79769e+308,12,11,12,13,14,15,16,17,18,19,7,6,5,1.79769e+308,3,4,5,6,7,8,1.79769e+308,10,11,1.79769e+308,15,16,17,1.79769e+308,19,1.79769e+308,6,1.79769e+308,4,3,2,1.79769e+308,4,5,6,7,8,9,10,11,1.79769e+308,17,18,19,20,21,5,4,1.79769e+308,2,1,2,3,1.79769e+308,7,8,9,1.79769e+308,1.79769e+308,1.79769e+308,1.79769e+308,18,19,1.79769e+308,21,22,1.79769e+308,3,2,1,0,1,1.79769e+308,9,8,9,10,1.79769e+308,18,17,18,19,20,21,22,23,7,1.79769e+308,3,2,1,2,1.79769e+308,8,9,10,11,1.79769e+308,17,16,17,18,19,20,21,22,6,5,4,1.79769e+308,2,1.79769e+308,6,7,8,9,10,1.79769e+308,1.79769e+308,15,16,17,18,19,20,21,7,6,5,4,3,4,5,6,7,8,9,1.79769e+308,1.79769e+308,14,1.79769e+308,16,17,18,19,20,8,7,6,5,4,5,6,7,1.79769e+308,9,10,11,12,13,14,15,16,17,18,19,9,1.79769e+308,1.79769e+308,6,5,6,7,8,9,10,11,12,13,1.79769e+308,15,16,17,18,19,20,10,9,8,7,6,7,8,9,1.79769e+308,11,12,13,14,1.79769e+308,16,17,18,19,20,21,1.79769e+308,10,1.79769e+308,8,7,8,9,10,11,12,13,14,15,16,17,18,1.79769e+308,1.79769e+308,1.79769e+308,22,1.79769e+308,1.79769e+308,10,9,8,9,10,11,12,13,14,15,16,17,18,19,20,21,22,23,
31
14,13,12,1.79769e+308,1.79769e+308,1.79769e+308,6,5,1.79769e+308,3,2,1.79769e+308,1.79769e+308,1.79769e+308,1.79769e+308,7,8,1.79769e+308,14,13,1.79769e+308,12,11,10,9,1.79769e+308,5,4,3,2,1,0,1.79769e+308,1.79769e+308,5,6,7,1.79769e+308,1.79769e+308,12,12,11,10,9,8,7,6,1.79769e+308,1.79769e+308,3,2,1,2,3,4,1.79769e+308,8,9,10,11,1.79769e+308,1.79769e+308,11,10,9,8,7,8,9,1.79769e+308,3,2,3,4,5,6,7,8,9,10,14,13,12,11,10,9,8,9,8,1.79769e+308,4,3,1.79769e+308,1.79769e+308,6,7,1.79769e+308,9,10,1.79769e+308,15,1.79769e+308,13,12,11,10,9,8,7,6,5,1.79769e+308,1.79769e+308,8,7,8,9,10,1.79769e+308,14,1.79769e+308,15,14,13,12,11,10,9,8,7,6,7,8,1.79769e+308,8,1.79769e+308,1.79769e+308,11,12,13,17,16,1.79769e+308,14,13,1.79769e+308,11,10,9,1.79769e+308,7,8,9,10,9,10,11,12,13,14,18,17,18,1.79769e+308,14,13,12,11,10,11,1.79769e+308,9,10,1.79769e+308,10,11,12,1.79769e+308,14,1.79769e+308,19,1.79769e+308,17,16,15,1.79769e+308,13,12,11,12,11,10,11,12,1.79769e+308,12,13,14,15,16,20,21,1.79769e+308,17,16,15,14,1.79769e+308,12,13,12,1.79769e+308,1.79769e+308,1.79769e+308,1.79769e+308,13,14,1.79769e+308,16,17,1.79769e+308,20,19,18,17,16,1.79769e+308,14,13,14,13,1.79769e+308,17,16,15,14,15,16,17,18,24,1.79769e+308,20,19,18,17,1.79769e+308,15,14,15,14,1.79769e+308,18,17,16,15,16,17,18,19,23,22,21,1.79769e+308,19,1.79769e+308,17,16,15,16,15,1.79769e+308,1.79769e+308,18,17,16,17,18,19,20,24,23,22,21,20,19,18,17,16,17,16,1.79769e+308,1.79769e+308,19,1.79769e+308,17,18,19,20,21,25,24,23,22,21,20,19,18,1.79769e+308,18,17,18,19,20,19,18,19,20,21,22,26,1.79769e+308,1.79769e+308,23,22,21,20,19,20,19,18,19,20,1.79769e+308,20,19,20,21,22,23,27,26,25,24,23,22,21,20,1.79769e+308,20,19,20,21,1.79769e+308,21,20,21,22,23,24,1.79769e+308,27,1.79769e+308,25,24,23,22,21,22,21,20,21,22,23,22,21,1.79769e+308,1.79769e+308,1.79769e+308,25,1.79769e+308,1.79769e+308,27,26,25,24,23,22,23,22,21,22,23,24,23,22,23,24,25,26,
195
24,23,22,1.79769e+308,1.79769e+308,1.79769e+308,18,17,1.79769e+308,15,14,1.79769e+308,1.79769e+308,1.79769e+308,1.79769e+308,11,12,1.79769e+308,14,13,1.79769e+308,22,21,20,19,1.79769e+308,17,16,15,14,13,12,1.79769e+308,1.79769e+308,9,10,11,1.79769e+308,1.79769e+308,12,22,21,20,19,18,17,16,1.79769e+308,1.79769e+308,13,12,11,10,9,8,1.79769e+308,10,9,10,11,1.79769e+308,1.79769e+308,19,18,17,16,15,14,13,1.79769e+308,11,10,9,8,7,8,9,8,9,10,20,19,18,17,16,15,14,13,12,1.79769e+308,10,11,1.79769e+308,1.79769e+308,6,7,1.79769e+308,7,8,1.79769e+308,21,1.79769e+308,17,16,15,14,13,12,11,10,9,1.79769e+308,1.79769e+308,6,5,6,7,6,1.79769e+308,8,1.79769e+308,17,16,15,14,13,12,11,10,9,8,7,6,1.79769e+308,4,1.79769e+308,1.79769e+308,5,6,7,19,18,1.79769e+308,16,15,1.79769e+308,13,12,11,1.79769e+308,7,6,5,4,3,2,3,4,5,6,20,19,20,1.79769e+308,16,15,14,13,12,11,1.79769e+308,7,6,1.79769e+308,2,1,2,1.79769e+308,4,1.79769e+308,21,1.79769e+308,19,18,17,1.79769e+308,13,12,11,10,9,8,7,8,1.79769e+308,0,1,2,3,4,22,21,1.79769e+308,17,16,15,14,1.79769e+308,12,11,10,1.79769e+308,1.79769e+308,1.79769e+308,1.79769e+308,1,2,1.79769e+308,4,5,1.79769e+308,20,19,18,17,16,1.79769e+308,14,13,12,11,1.79769e+308,5,4,3,2,3,4,5,6,24,1.79769e+308,20,19,18,17,1.79769e+308,15,14,13,12,1.79769e+308,6,5,4,3,4,5,6,7,23,22,21,1.79769e+308,19,1.79769e+308,17,16,15,14,13,1.79769e+308,1.79769e+308,6,5,4,5,6,7,8,22,21,20,19,18,17,16,15,14,13,12,1.79769e+308,1.79769e+308,7,1.79769e+308,5,6,7,8,9,23,22,21,20,19,18,17,16,1.79769e+308,12,11,10,9,8,7,6,7,8,9,10,24,1.79769e+308,1.79769e+308,19,18,17,16,15,14,13,12,11,10,1.79769e+308,8,7,8,9,10,11,23,22,21,20,19,18,17,16,1.79769e+308,14,13,12,11,1.79769e+308,9,8,9,10,11,12,1.79769e+308,23,1.79769e+308,21,20,19,18,17,16,15,14,13,12,11,10,9,1.79769e+308,1.79769e+308,1.79769e+308,13,1.79769e+308,1.79769e+308,23,22,21,20,19,18,17,16,15,14,13,12,11,10,11,12,13,14,
391
30,29,28,1.79769e+308,1.79769e+308,1.79769e+308,24,25,1.79769e+308,23,22,1.79769e+308,1.79769e+308,1.79769e+308,1.79769e+308,25,26,1.79769e+308,28,27,1.79769e+308,28,27,26,25,1.79769e+308,23,24,23,22,21,22,1.79769e+308,1.79769e+308,23,24,25,1.79769e+308,1.79769e+308,26,28,27,26,25,24,23,22,1.79769e+308,1.79769e+308,21,20,21,22,23,22,1.79769e+308,24,23,24,25,1.79769e+308,1.79769e+308,25,24,23,22,21,20,19,1.79769e+308,19,20,21,22,21,22,23,22,23,24,26,25,24,23,22,21,20,19,18,1.79769e+308,18,19,1.79769e+308,1.79769e+308,20,21,1.79769e+308,21,22,1.79769e+308,27,1.79769e+308,23,22,21,20,19,18,17,18,17,1.79769e+308,1.79769e+308,20,19,20,21,20,1.79769e+308,22,1.79769e+308,23,22,21,20,19,18,17,16,17,16,15,16,1.79769e+308,18,1.79769e+308,1.79769e+308,19,20,21,23,22,1.79769e+308,20,19,1.79769e+308,17,16,15,1.79769e+308,15,14,15,16,17,16,17,18,19,20,22,21,20,1.79769e+308,18,17,16,15,14,13,1.79769e+308,13,14,1.79769e+308,16,15,16,1.79769e+308,18,1.79769e+308,21,1.79769e+308,19,18,17,1.79769e+308,15,14,13,12,11,12,13,14,1.79769e+308,14,15,16,17,18,20,19,1.79769e+308,17,16,17,16,1.79769e+308,12,11,10,1.79769e+308,1.79769e+308,1.79769e+308,1.79769e+308,13,14,1.79769e+308,16,17,1.79769e+308,18,17,16,15,16,1.79769e+308,12,11,10,9,1.79769e+308,11,10,11,12,13,14,15,16,18,1.79769e+308,16,15,14,15,1.79769e+308,11,10,9,8,1.79769e+308,10,9,10,11,12,13,14,15,17,16,15,1.79769e+308,13,1.79769e+308,11,10,9,8,7,1.79769e+308,1.79769e+308,8,9,10,11,12,13,14,16,15,14,13,12,11,10,9,8,7,6,1.79769e+308,1.79769e+308,7,1.79769e+308,9,10,11,12,13,15,14,13,12,11,10,9,8,1.79769e+308,6,5,4,5,6,7,8,9,10,11,12,14,1.79769e+308,1.79769e+308,11,10,9,8,7,6,5,4,3,4,1.79769e+308,6,7,8,9,10,11,13,12,11,10,9,8,7,6,1.79769e+308,4,3,2,3,1.79769e+308,5,6,7,8,9,10,1.79769e+308,13,1.79769e+308,9,8,7,6,5,4,3,2,1,2,3,4,5,1.79769e+308,1.79769e+308,1.79769e+308,9,1.79769e+308,1.79769e+308,9,8,7,6,5,4,3,2,1,0,1,2,3,4,5,6,7,8,
2
2,1,0,1.79769e+308,1.79769e+308,1.79769e+308,8,9,1.79769e+308,11,12,1.79769e+308,1.79769e+308,1.79769e+308,1.79769e+308,19,20,1.79769e+308,26,25,1.79769e+308,2,1,2,3,1.79769e+308,7,8,9,10,11,12,1.79769e+308,1.79769e+308,17,18,19,1.79769e+308,1.79769e+308,24,4,3,2,3,4,5,6,1.79769e+308,1.79769e+308,11,12,13,14,15,16,1.79769e+308,20,21,22,23,1.79769e+308,1.79769e+308,3,4,5,6,7,8,9,1.79769e+308,13,14,15,16,17,18,19,20,21,22,6,5,4,5,6,7,8,9,10,1.79769e+308,14,15,1.79769e+308,1.79769e+308,18,19,1.79769e+308,21,22,1.79769e+308,7,1.79769e+308,5,6,7,8,9,10,11,12,13,1.79769e+308,1.79769e+308,20,19,20,21,22,1.79769e+308,26,1.79769e+308,7,6,7,8,9,10,11,12,13,14,15,16,1.79769e+308,20,1.79769e+308,1.79769e+308,23,24,25,9,8,1.79769e+308,8,9,1.79769e+308,11,12,13,1.79769e+308,15,16,17,18,19,20,21,22,23,24,10,9,10,1.79769e+308,10,11,12,13,14,15,1.79769e+308,17,18,1.79769e+308,20,21,22,1.79769e+308,24,1.79769e+308,11,1.79769e+308,11,12,11,1.79769e+308,13,14,15,16,17,18,19,20,1.79769e+308,22,23,24,25,26,12,13,1.79769e+308,13,12,13,14,1.79769e+308,16,17,18,1.79769e+308,1.79769e+308,1.79769e+308,1.79769e+308,23,24,1.79769e+308,26,27,1.79769e+308,14,15,14,13,14,1.79769e+308,18,17,18,19,1.79769e+308,27,26,25,24,25,26,27,28,20,1.79769e+308,16,15,14,15,1.79769e+308,19,18,19,20,1.79769e+308,28,27,26,25,26,27,28,29,19,18,17,1.79769e+308,15,1.79769e+308,19,20,19,20,21,1.79769e+308,1.79769e+308,28,27,26,27,28,29,30,20,19,18,17,16,17,18,19,20,21,22,1.79769e+308,1.79769e+308,27,1.79769e+308,27,28,29,30,31,21,20,19,18,17,18,19,20,1.79769e+308,22,23,24,25,26,27,28,29,30,31,32,22,1.79769e+308,1.79769e+308,19,18,19,20,21,22,23,24,25,26,1.79769e+308,28,29,30,31,32,33,23,22,21,20,19,20,21,22,1.79769e+308,24,25,26,27,1.79769e+308,29,30,31,32,33,34,1.79769e+308,23,1.79769e+308,21,20,21,22,23,24,25,26,27,28,29,30,31,1.79769e+308,1.79769e+308,1.79769e+308,35,1.79769e+308,1.79769e+308,23,22,21,22,23,24,25,26,27,28,29,30,31,32,33,34,35,36,
18
28,27,26,1.79769e+308,1.79769e+308,1.79769e+308,20,19,1.79769e+308,17,16,1.79769e+308,1.79769e+308,1.79769e+308,1.79769e+308,9,8,1.79769e+308,0,1,1.79769e+308,26,25,24,23,1.79769e+308,19,18,17,16,15,14,1.79769e+308,1.79769e+308,9,8,7,1.79769e+308,1.79769e+308,2,26,25,24,23,22,21,20,1.79769e+308,1.79769e+308,15,14,13,12,11,10,1.79769e+308,6,5,4,3,1.79769e+308,1.79769e+308,25,24,23,22,21,20,19,1.79769e+308,13,12,11,10,9,8,7,6,5,4,26,25,24,23,22,21,20,19,18,1.79769e+308,14,13,1.79769e+308,1.79769e+308,10,9,1.79769e+308,7,6,1.79769e+308,27,1.79769e+308,23,22,21,20,19,18,17,16,15,1.79769e+308,1.79769e+308,12,11,10,9,8,1.79769e+308,12,1.79769e+308,25,24,23,22,21,20,19,18,17,16,17,16,1.79769e+308,12,1.79769e+308,1.79769e+308,9,10,11,27,26,1.79769e+308,24,23,1.79769e+308,21,20,19,1.79769e+308,17,16,15,14,13,12,11,10,11,12,28,27,28,1.79769e+308,24,23,22,21,20,21,1.79769e+308,17,16,1.79769e+308,14,13,12,1.79769e+308,12,1.79769e+308,29,1.79769e+308,27,26,25,1.79769e+308,23,22,21,20,19,18,17,18,1.79769e+308,14,13,14,13,14,30,31,1.79769e+308,27,26,25,24,1.79769e+308,22,21,20,1.79769e+308,1.79769e+308,1.79769e+308,1.79769e+308,15,14,1.79769e+308,14,15,1.79769e+308,30,29,28,27,26,1.79769e+308,24,23,22,21,1.79769e+308,19,18,17,16,15,16,15,16,34,1.79769e+308,30,29,28,27,1.79769e+308,25,24,23,22,1.79769e+308,20,19,18,17,16,17,16,17,33,32,31,1.79769e+308,29,1.79769e+308,27,26,25,24,23,1.79769e+308,1.79769e+308,20,19,18,17,18,17,18,34,33,32,31,30,29,28,27,26,25,24,1.79769e+308,1.79769e+308,21,1.79769e+308,19,18,19,18,19,35,34,33,32,31,30,29,28,1.79769e+308,26,25,24,23,22,21,20,19,20,19,20,36,1.79769e+308,1.79769e+308,33,32,31,30,29,28,27,26,25,24,1.79769e+308,22,21,20,21,20,21,37,36,35,34,33,32,31,30,1.79769e+308,28,27,26,25,1.79769e+308,23,22,21,22,21,22,1.79769e+308,37,1.79769e+308,35,34,33,32,31,30,29,28,27,26,25,24,23,1.79769e+308,1.79769e+308,1.79769e+308,23,1.79769e+308,1.79769e+308,37,36,35,34,33,32,31,30,29,28,27,26,25,24,25,26,25,24,
151
18,17,16,1.79769e+308,1.79769e+308,1.79769e+308,12,11,1.79769e+308,9,8,1.79769e+308,1.79769e+308,1.79769e+308,1.79769e+308,11,12,1.79769e+308,16,15,1.79769e+308,16,15,14,13,1.79769e+308,11,10,9,8,7,8,1.79769e+308,1.79769e+308,9,10,11,1.79769e+308,1.79769e+308,14,16,15,14,13,12,11,10,1.79769e+308,1.79769e+308,7,6,7,8,9,8,1.79769e+308,10,11,12,13,1.79769e+308,1.79769e+308,13,12,11,10,9,8,7,1.79769e+308,5,6,7,8,7,8,9,10,11,12,14,13,12,11,10,9,8,7,6,1.79769e+308,4,5,1.79769e+308,1.79769e+308,6,7,1.79769e+308,9,10,1.79769e+308,15,1.79769e+308,11,10,9,8,7,6,5,4,3,1.79769e+308,1.79769e+308,6,5,6,7,8,1.79769e+308,10,1.79769e+308,11,10,9,8,7,6,5,4,3,2,1,2,1.79769e+308,4,1.79769e+308,1.79769e+308,7,8,9,13,12,1.79769e+308,10,9,1.79769e+308,7,6,5,1.79769e+308,1,0,1,2,3,4,5,6,7,8,14,13,14,1.79769e+308,10,9,8,7,6,5,1.79769e+308,1,2,1.79769e+308,4,5,6,1.79769e+308,8,1.79769e+308,15,1.79769e+308,13,12,11,1.79769e+308,7,6,5,4,3,2,3,4,1.79769e+308,6,7,8,9,10,16,15,1.79769e+308,11,10,9,8,1.79769e+308,6,5,4,1.79769e+308,1.79769e+308,1.79769e+308,1.79769e+308,7,8,1.79769e+308,10,11,1.79769e+308,14,13,12,11,10,1.79769e+308,8,7,6,5,1.79769e+308,11,10,9,8,9,10,11,12,18,1.79769e+308,14,13,12,11,1.79769e+308,9,8,7,6,1.79769e+308,12,11,10,9,10,11,12,13,17,16,15,1.79769e+308,13,1.79769e+308,11,10,9,8,7,1.79769e+308,1.79769e+308,12,11,10,11,12,13,14,18,17,16,15,14,13,12,11,10,9,8,1.79769e+308,1.79769e+308,13,1.79769e+308,11,12,13,14,15,19,18,17,16,15,14,13,12,1.79769e+308,10,9,10,11,12,13,12,13,14,15,16,20,1.79769e+308,1.79769e+308,17,16,15,14,13,12,11,10,11,12,1.79769e+308,14,13,14,15,16,17,21,20,19,18,17,16,15,14,1.79769e+308,12,11,12,13,1.79769e+308,15,14,15,16,17,18,1.79769e+308,21,1.79769e+308,19,18,17,16,15,14,13,12,13,14,15,16,15,1.79769e+308,1.79769e+308,1.79769e+308,19,1.79769e+308,1.79769e+308,21,20,19,18,17,16,15,14,13,14,15,16,17,16,17,18,19,20,
247
21,20,19,1.79769e+308,1.79769e+308,1.79769e+308,15,16,1.79769e+308,16,15,1.79769e+308,1.79769e+308,1.79769e+308,1.79769e+308,20,21,1.79769e+308,25,24,1.79769e+308,19,18,17,16,1.79769e+308,14,15,16,15,14,15,1.79769e+308,1.79769e+308,18,19,20,1.79769e+308,1.79769e+308,23,19,18,17,16,15,14,13,1.79769e+308,1.79769e+308,14,13,14,15,16,17,1.79769e+308,19,20,21,22,1.79769e+308,1.79769e+308,16,15,14,13,12,11,10,1.79769e+308,12,13,14,15,16,17,18,19,20,21,17,16,15,14,13,12,11,10,9,1.79769e+308,11,12,1.79769e+308,1.79769e+308,15,16,1.79769e+308,18,19,1.79769e+308,18,1.79769e+308,14,13,12,11,10,9,8,9,10,1.79769e+308,1.79769e+308,15,14,15,16,17,1.79769e+308,19,1.79769e+308,14,13,12,11,10,9,8,7,8,9,10,11,1.79769e+308,13,1.79769e+308,1.79769e+308,16,17,18,16,15,1.79769e+308,11,10,1.79769e+308,8,7,6,1.79769e+308,10,9,10,11,12,13,14,15,16,17,15,14,13,1.79769e+308,9,8,7,6,5,6,1.79769e+308,8,9,1.79769e+308,13,14,15,1.79769e+308,17,1.79769e+308,14,1.79769e+308,12,11,10,1.79769e+308,6,5,4,5,6,7,8,9,1.79769e+308,15,16,17,18,19,13,12,1.79769e+308,10,9,8,7,1.79769e+308,3,4,5,1.79769e+308,1.79769e+308,1.79769e+308,1.79769e+308,16,17,1.79769e+308,19,20,1.79769e+308,11,10,9,8,9,1.79769e+308,1,2,3,4,1.79769e+308,14,13,14,15,16,17,18,19,11,1.79769e+308,9,8,7,8,1.79769e+308,0,1,2,3,1.79769e+308,13,12,13,14,15,16,17,18,10,9,8,1.79769e+308,6,1.79769e+308,2,1,2,3,4,1.79769e+308,1.79769e+308,11,12,13,14,15,16,17,9,8,7,6,5,4,3,2,3,4,5,1.79769e+308,1.79769e+308,10,1.79769e+308,12,13,14,15,16,10,9,8,7,6,5,4,3,1.79769e+308,5,6,7,8,9,10,11,12,13,14,15,11,1.79769e+308,1.79769e+308,8,7,6,5,4,5,6,7,8,9,1.79769e+308,11,12,13,14,15,16,12,11,10,9,8,7,6,5,1.79769e+308,7,8,9,10,1.79769e+308,12,13,14,15,16,17,1.79769e+308,12,1.79769e+308,10,9,8,7,6,7,8,9,10,11,12,13,14,1.79769e+308,1.79769e+308,1.79769e+308,18,1.79769e+308,1.79769e+308,12,11,10,9,8,7,8,9,10,11,12,13,14,15,16,17,18,19,
54
18,17,16,1.79769e+308,1.79769e+308,1.79769e+308,10,9,1.79769e+308,7,6,1.79769e+308,1.79769e+308,1.79769e+308,1.79769e+308,3,4,1.79769e+308,10,9,1.79769e+308,16,15,14,13,1.79769e+308,9,8,7,6,5,4,1.79769e+308,1.79769e+308,1,2,3,1.79769e+308,1.79769e+308,8,16,15,14,13,12,11,10,1.79769e+308,1.79769e+308,5,4,3,2,1,0,1.79769e+308,4,5,6,7,1.79769e+308,1.79769e+308,15,14,13,12,11,12,11,1.79769e+308,5,4,3,2,1,2,3,4,5,6,18,17,16,15,14,13,12,11,10,1.79769e+308,6,5,1.79769e+308,1.79769e+308,2,3,1.79769e+308,5,6,1.79769e+308,19,1.79769e+308,15,14,13,12,11,10,9,8,7,1.79769e+308,1.79769e+308,4,3,4,5,6,1.79769e+308,10,1.79769e+308,17,16,15,14,13,12,11,10,9,8,9,8,1.79769e+308,4,1.79769e+308,1.79769e+308,7,8,9,19,18,1.79769e+308,16,15,1.79769e+308,13,12,11,1.79769e+308,9,8,7,6,5,6,7,8,9,10,20,19,20,1.79769e+308,16,15,14,13,12,13,1.79769e+308,9,8,1.79769e+308,6,7,8,1.79769e+308,10,1.79769e+308,21,1.79769e+308,19,18,17,1.79769e+308,15,14,13,12,11,10,9,10,1.79769e+308,8,9,10,11,12,22,23,1.79769e+308,19,18,17,16,1.79769e+308,14,13,12,1.79769e+308,1.79769e+308,1.79769e+308,1.79769e+308,9,10,1.79769e+308,12,13,1.79769e+308,22,21,20,19,18,1.79769e+308,16,15,14,13,1.79769e+308,13,12,11,10,11,12,13,14,26,1.79769e+308,22,21,20,19,1.79769e+308,17,16,15,14,1.79769e+308,14,13,12,11,12,13,14,15,25,24,23,1.79769e+308,21,1.79769e+308,19,18,17,16,15,1.79769e+308,1.79769e+308,14,13,12,13,14,15,16,26,25,24,23,22,21,20,19,18,17,16,1.79769e+308,1.79769e+308,15,1.79769e+308,13,14,15,16,17,27,26,25,24,23,22,21,20,1.79769e+308,18,17,18,17,16,15,14,15,16,17,18,28,1.79769e+308,1.79769e+308,25,24,23,22,21,20,19,18,19,18,1.79769e+308,16,15,16,17,18,19,29,28,27,26,25,24,23,22,1.79769e+308,20,19,20,19,1.79769e+308,17,16,17,18,19,20,1.79769e+308,29,1.79769e+308,27,26,25,24,23,22,21,20,21,20,19,18,17,1.79769e+308,1.79769e+308,1.79769e+308,21,1.79769e+308,1.79769e+308,29,28,27,26,25,24,23,22,21,22,21,20,19,18,19,20,21,22,
98
24,23,22,1.79769e+308,1.79769e+308,1.79769e+308,16,15,1.79769e+308,13,12,1.79769e+308,1.79769e+308,1.79769e+308,1.79769e+308,7,6,1.79769e+308,6,5,1.79769e+308,22,21,20,19,1.79769e+308,15,14,13,12,11,10,1.79769e+308,1.79769e+308,7,6,5,1.79769e+308,1.79769e+308,4,22,21,20,19,18,17,16,1.79769e+308,1.79769e+308,11,10,9,8,7,6,1.79769e+308,4,3,2,3,1.79769e+308,1.79769e+308,21,20,19,18,17,16,15,1.79769e+308,9,8,7,6,5,4,3,2,1,2,22,21,20,19,18,17,16,15,14,1.79769e+308,10,9,1.79769e+308,1.79769e+308,6,5,1.79769e+308,1,0,1.79769e+308,23,1.79769e+308,19,18,17,16,15,14,13,12,11,1.79769e+308,1.79769e+308,6,5,4,3,2,1.79769e+308,6,1.79769e+308,21,20,19,18,17,16,15,14,13,12,11,10,1.79769e+308,6,1.79769e+308,1.79769e+308,3,4,5,23,22,1.79769e+308,20,19,1.79769e+308,17,16,15,1.79769e+308,11,10,9,8,7,6,5,4,5,6,24,23,24,1.79769e+308,20,19,18,17,16,15,1.79769e+308,11,10,1.79769e+308,8,7,6,1.79769e+308,6,1.79769e+308,25,1.79769e+308,23,22,21,1.79769e+308,17,16,15,14,13,12,11,12,1.79769e+308,8,7,8,7,8,26,25,1.79769e+308,21,20,19,18,1.79769e+308,16,15,14,1.79769e+308,1.79769e+308,1.79769e+308,1.79769e+308,9,8,1.79769e+308,8,9,1.79769e+308,24,23,22,21,20,1.79769e+308,18,17,16,15,1.79769e+308,13,12,11,10,9,10,9,10,28,1.79769e+308,24,23,22,21,1.79769e+308,19,18,17,16,1.79769e+308,14,13,12,11,10,11,10,11,27,26,25,1.79769e+308,23,1.79769e+308,21,20,19,18,17,1.79769e+308,1.79769e+308,14,13,12,11,12,11,12,28,27,26,25,24,23,22,21,20,19,18,1.79769e+308,1.79769e+308,15,1.79769e+308,13,12,13,12,13,29,28,27,26,25,24,23,22,1.79769e+308,20,19,18,17,16,15,14,13,14,13,14,30,1.79769e+308,1.79769e+308,27,26,25,24,23,22,21,20,19,18,1.79769e+308,16,15,14,15,14,15,31,30,29,28,27,26,25,24,1.79769e+308,22,21,20,19,1.79769e+308,17,16,15,16,15,16,1.79769e+308,31,1.79769e+308,29,28,27,26,25,24,23,22,21,20,19,18,17,1.79769e+308,1.79769e+308,1.79769e+308,17,1.79769e+308,1.79769e+308,31,30,29,28,27,26,25,24,23,22,21,20,19,18,19,20,19,18,
390
29,28,27,1.79769e+308,1.79769e+308,1.79769e+308,23,24,1.79769e+308,22,21,1.79769e+308,1.79769e+308,1.79769e+308,1.79769e+308,24,25,1.79769e+308,29,28,1.79769e+308,27,26,25,24,1.79769e+308,22,23,22,21,20,21,1.79769e+308,1.79769e+308,22,23,24,1.79769e+308,1.79769e+308,27,27,26,25,24,23,22,21,1.79769e+308,1.79769e+308,20,19,20,21,22,21,1.79769e+308,23,24,25,26,1.79769e+308,1.79769e+308,24,23,22,21,20,19,18,1.79769e+308,18,19,20,21,20,21,22,23,24,25,25,24,23,22,21,20,19,18,17,1.79769e+308,17,18,1.79769e+308,1.79769e+308,19,20,1.79769e+308,22,23,1.79769e+308,26,1.79769e+308,22,21,20,19,18,17,16,17,16,1.79769e+308,1.79769e+308,19,18,19,20,21,1.79769e+308,23,1.79769e+308,22,21,20,19,18,17,16,15,16,15,14,15,1.79769e+308,17,1.79769e+308,1.79769e+308,20,21,22,22,21,1.79769e+308,19,18,1.79769e+308,16,15,14,1.79769e+308,14,13,14,15,16,17,18,19,20,21,21,20,19,1.79769e+308,17,16,15,14,13,12,1.79769e+308,12,13,1.79769e+308,17,16,17,1.79769e+308,19,1.79769e+308,20,1.79769e+308,18,17,16,1.79769e+308,14,13,12,11,10,11,12,13,1.79769e+308,15,16,17,18,19,19,18,1.79769e+308,16,15,16,15,1.79769e+308,11,10,9,1.79769e+308,1.79769e+308,1.79769e+308,1.79769e+308,14,15,1.79769e+308,17,18,1.79769e+308,17,16,15,14,15,1.79769e+308,11,10,9,8,1.79769e+308,12,11,12,13,14,15,16,17,17,1.79769e+308,15,14,13,14,1.79769e+308,10,9,8,7,1.79769e+308,11,10,11,12,13,14,15,16,16,15,14,1.79769e+308,12,1.79769e+308,10,9,8,7,6,1.79769e+308,1.79769e+308,9,10,11,12,13,14,15,15,14,13,12,11,10,9,8,7,6,5,1.79769e+308,1.79769e+308,8,1.79769e+308,10,11,12,13,14,14,13,12,11,10,9,8,7,1.79769e+308,5,4,5,6,7,8,9,10,11,12,13,13,1.79769e+308,1.79769e+308,10,9,8,7,6,5,4,3,4,5,1.79769e+308,7,8,9,10,11,12,12,11,10,9,8,7,6,5,1.79769e+308,3,2,3,4,1.79769e+308,6,7,8,9,10,11,1.79769e+308,12,1.79769e+308,8,7,6,5,4,3,2,1,2,3,4,5,6,1.79769e+308,1.79769e+308,1.79769e+308,10,1.79769e+308,1.79769e+308,8,7,6,5,4,3,2,1,0,1,2,3,4,5,6,7,8,9,
1
1,0,1,1.79769e+308,1.79769e+308,1.79769e+308,9,10,1.79769e+308,12,13,1.79769e+308,1.79769e+308,1.79769e+308,1.79769e+308,20,21,1.79769e+308,27,26,1.79769e+308,1,2,3,4,1.79769e+308,8,9,10,11,12,13,1.79769e+308,1.79769e+308,18,19,20,1.79769e+308,1.79769e+308,25,3,2,3,4,5,6,7,1.79769e+308,1.79769e+308,12,13,14,15,16,17,1.79769e+308,21,22,23,24,1.79769e+308,1.79769e+308,4,5,6,7,8,9,10,1.79769e+308,14,15,16,17,18,19,20,21,22,23,7,6,5,6,7,8,9,10,11,1.79769e+308,15,16,1.79769e+308,1.79769e+308,19,20,1.79769e+308,22,23,1.79769e+308,8,1.79769e+308,6,7,8,9,10,11,12,13,14,1.79769e+308,1.79769e+308,21,20,21,22,23,1.79769e+308,27,1.79769e+308,8,7,8,9,10,11,12,13,14,15,16,17,1.79769e+308,21,1.79769e+308,1.79769e+308,24,25,26,10,9,1.79769e+308,9,10,1.79769e+308,12,13,14,1.79769e+308,16,17,18,19,20,21,22,23,24,25,11,10,11,1.79769e+308,11,12,13,14,15,16,1.79769e+308,18,19,1.79769e+308,21,22,23,1.79769e+308,25,1.79769e+308,12,1.79769e+308,12,13,12,1.79769e+308,14,15,16,17,18,19,20,21,1.79769e+308,23,24,25,26,27,13,14,1.79769e+308,14,13,14,15,1.79769e+308,17,18,19,1.79769e+308,1.79769e+308,1.79769e+308,1.79769e+308,24,25,1.79769e+308,27,28,1.79769e+308,15,16,15,14,15,1.79769e+308,19,18,19,20,1.79769e+308,28,27,26,25,26,27,28,29,21,1.79769e+308,17,16,15,16,1.79769e+308,20,19,20,21,1.79769e+308,29,28,27,26,27,28,29,30,20,19,18,1.79769e+308,16,1.79769e+308,20,21,20,21,22,1.79769e+308,1.79769e+308,29,28,27,28,29,30,31,21,20,19,18,17,18,19,20,21,22,23,1.79769e+308,1.79769e+308,28,1.79769e+308,28,29,30,31,32,22,21,20,19,18,19,20,21,1.79769e+308,23,24,25,26,27,28,29,30,31,32,33,23,1.79769e+308,1.79769e+308,20,19,20,21,22,23,24,25,26,27,1.79769e+308,29,30,31,32,33,34,24,23,22,21,20,21,22,23,1.79769e+308,25,26,27,28,1.79769e+308,30,31,32,33,34,35,1.79769e+308,24,1.79769e+308,22,21,22,23,24,25,26,27,28,29,30,31,32,1.79769e+308,1.79769e+308,1.79769e+308,36,1.79769e+308,1.79769e+308,24,23,22,23,24,25,26,27,28,29,30,31,32,33,34,35,36,37,
222
17,16,15,1.79769e+308,1.79769e+308,1.79769e+308,15,16,1.79769e+308,18,19,1.79769e+308,1.79769e+308,1.79769e+308,1.79769e+308,24,25,1.79769e+308,29,28,1.79769e+308,15,14,13,12,1.79769e+308,14,15,16,17,18,19,1.79769e+308,1.79769e+308,22,23,24,1.79769e+308,1.79769e+308,27,15,14,13,12,11,12,13,1.79769e+308,1.79769e+308,18,17,18,19,20,21,1.79769e+308,23,24,25,26,1.79769e+308,1.79769e+308,12,11,10,11,12,13,14,1.79769e+308,16,17,18,19,20,21,22,23,24,25,13,12,11,10,9,10,11,12,13,1.79769e+308,15,16,1.79769e+308,1.79769e+308,19,20,1.79769e+308,22,23,1.79769e+308,14,1.79769e+308,10,9,8,9,10,11,12,13,14,1.79769e+308,1.79769e+308,19,18,19,20,21,1.79769e+308,23,1.79769e+308,8,9,8,7,8,9,10,11,12,13,14,15,1.79769e+308,17,1.79769e+308,1.79769e+308,20,21,22,6,7,1.79769e+308,7,6,1.79769e+308,8,9,10,1.79769e+308,14,13,14,15,16,17,18,19,20,21,5,6,5,1.79769e+308,5,6,7,8,9,10,1.79769e+308,12,13,1.79769e+308,17,18,19,1.79769e+308,21,1.79769e+308,4,1.79769e+308,4,3,4,1.79769e+308,6,7,8,9,10,11,12,13,1.79769e+308,19,20,21,22,23,3,2,1.79769e+308,2,3,4,5,1.79769e+308,9,10,11,1.79769e+308,1.79769e+308,1.79769e+308,1.79769e+308,20,21,1.79769e+308,23,24,1.79769e+308,1,0,1,2,3,1.79769e+308,11,10,11,12,1.79769e+308,20,19,20,21,22,23,24,25,5,1.79769e+308,1,2,3,4,1.79769e+308,10,11,12,13,1.79769e+308,19,18,19,20,21,22,23,24,4,3,2,1.79769e+308,4,1.79769e+308,8,9,10,11,12,1.79769e+308,1.79769e+308,17,18,19,20,21,22,23,5,4,3,4,5,6,7,8,9,10,11,1.79769e+308,1.79769e+308,16,1.79769e+308,18,19,20,21,22,6,5,4,5,6,7,8,9,1.79769e+308,11,12,13,14,15,16,17,18,19,20,21,7,1.79769e+308,1.79769e+308,6,7,8,9,10,11,12,13,14,15,1.79769e+308,17,18,19,20,21,22,8,9,8,7,8,9,10,11,1.79769e+308,13,14,15,16,1.79769e+308,18,19,20,21,22,23,1.79769e+308,10,1.79769e+308,8,9,10,11,12,13,14,15,16,17,18,19,20,1.79769e+308,1.79769e+308,1.79769e+308,24,1.79769e+308,1.79769e+308,10,9,10,11,12,13,14,15,16,17,18,19,20,21,22,23,24,25,
29
12,11,10,1.79769e+308,1.79769e+308,1.79769e+308,4,3,1.79769e+308,1,2,1.79769e+308,1.79769e+308,1.79769e+308,1.79769e+308,9,10,1.79769e+308,16,15,1.79769e+308,10,9,8,7,1.79769e+308,3,2,1,0,1,2,1.79769e+308,1.79769e+308,7,8,9,1.79769e+308,1.79769e+308,14,10,9,8,7,6,5,4,1.79769e+308,1.79769e+308,1,2,3,4,5,6,1.79769e+308,10,11,12,13,1.79769e+308,1.79769e+308,9,8,7,6,5,6,7,1.79769e+308,3,4,5,6,7,8,9,10,11,12,12,11,10,9,8,7,6,7,8,1.79769e+308,4,5,1.79769e+308,1.79769e+308,8,9,1.79769e+308,11,12,1.79769e+308,13,1.79769e+308,11,10,9,8,7,8,7,6,5,1.79769e+308,1.79769e+308,10,9,10,11,12,1.79769e+308,16,1.79769e+308,13,12,11,10,9,8,9,8,7,6,7,8,1.79769e+308,10,1.79769e+308,1.79769e+308,13,14,15,15,14,1.79769e+308,12,11,1.79769e+308,9,10,9,1.79769e+308,7,8,9,10,11,12,13,14,15,16,16,15,16,1.79769e+308,12,11,10,11,10,11,1.79769e+308,9,10,1.79769e+308,12,13,14,1.79769e+308,16,1.79769e+308,17,1.79769e+308,15,14,13,1.79769e+308,11,12,11,12,11,10,11,12,1.79769e+308,14,15,16,17,18,18,19,1.79769e+308,15,14,13,12,1.79769e+308,12,13,12,1.79769e+308,1.79769e+308,1.79769e+308,1.79769e+308,15,16,1.79769e+308,18,19,1.79769e+308,18,17,16,15,14,1.79769e+308,14,13,14,13,1.79769e+308,19,18,17,16,17,18,19,20,22,1.79769e+308,18,17,16,15,1.79769e+308,15,14,15,14,1.79769e+308,20,19,18,17,18,19,20,21,21,20,19,1.79769e+308,17,1.79769e+308,17,16,15,16,15,1.79769e+308,1.79769e+308,20,19,18,19,20,21,22,22,21,20,19,18,19,18,17,16,17,16,1.79769e+308,1.79769e+308,21,1.79769e+308,19,20,21,22,23,23,22,21,20,19,20,19,18,1.79769e+308,18,17,18,19,20,21,20,21,22,23,24,24,1.79769e+308,1.79769e+308,21,20,21,20,19,20,19,18,19,20,1.79769e+308,22,21,22,23,24,25,25,24,23,22,21,22,21,20,1.79769e+308,20,19,20,21,1.79769e+308,23,22,23,24,25,26,1.79769e+308,25,1.79769e+308,23,22,23,22,21,22,21,20,21,22,23,24,23,1.79769e+308,1.79769e+308,1.79769e+308,27,1.79769e+308,1.79769e+308,25,24,23,24,23,22,23,22,21,22,23,24,25,24,25,26,27,28,
150
17,16,15,1.79769e+308,1.79769e+308,1.79769e+308,11,10,1.79769e+308,8,7,1.79769e+308,1.79769e+308,1.79769e+308,1.79769e+308,12,13,1.79769e+308,17,16,1.79769e+308,15,14,13,12,1.79769e+308,10,9,8,7,6,7,1.79769e+308,1.79769e+308,10,11,12,1.79769e+308,1.79769e+308,15,15,14,13,12,11,10,9,1.79769e+308,1.79769e+308,6,5,6,7,8,9,1.79769e+308,11,12,13,14,1.79769e+308,1.79769e+308,12,11,10,9,8,7,6,1.79769e+308,4,5,6,7,8,9,10,11,12,13,13,12,11,10,9,8,7,6,5,1.79769e+308,3,4,1.79769e+308,1.79769e+308,7,8,1.79769e+308,10,11,1.79769e+308,14,1.79769e+308,10,9,8,7,6,5,4,3,2,1.79769e+308,1.79769e+308,7,6,7,8,9,1.79769e+308,11,1.79769e+308,10,9,8,7,6,5,4,3,2,1,2,3,1.79769e+308,5,1.79769e+308,1.79769e+308,8,9,10,12,11,1.79769e+308,9,8,1.79769e+308,6,5,4,1.79769e+308,0,1,2,3,4,5,6,7,8,9,13,12,13,1.79769e+308,9,8,7,6,5,6,1.79769e+308,2,3,1.79769e+308,5,6,7,1.79769e+308,9,1.79769e+308,14,1.79769e+308,12,11,10,1.79769e+308,8,7,6,5,4,3,4,5,1.79769e+308,7,8,9,10,11,15,16,1.79769e+308,12,11,10,9,1.79769e+308,7,6,5,1.79769e+308,1.79769e+308,1.79769e+308,1.79769e+308,8,9,1.79769e+308,11,12,1.79769e+308,15,14,13,12,11,1.79769e+308,9,8,7,6,1.79769e+308,12,11,10,9,10,11,12,13,19,1.79769e+308,15,14,13,12,1.79769e+308,10,9,8,7,1.79769e+308,13,12,11,10,11,12,13,14,18,17,16,1.79769e+308,14,1.79769e+308,12,11,10,9,8,1.79769e+308,1.79769e+308,13,12,11,12,13,14,15,19,18,17,16,15,14,13,12,11,10,9,1.79769e+308,1.79769e+308,14,1.79769e+308,12,13,14,15,16,20,19,18,17,16,15,14,13,1.79769e+308,11,10,11,12,13,14,13,14,15,16,17,21,1.79769e+308,1.79769e+308,18,17,16,15,14,13,12,11,12,13,1.79769e+308,15,14,15,16,17,18,22,21,20,19,18,17,16,15,1.79769e+308,13,12,13,14,1.79769e+308,16,15,16,17,18,19,1.79769e+308,22,1.79769e+308,20,19,18,17,16,15,14,13,14,15,16,17,16,1.79769e+308,1.79769e+308,1.79769e+308,20,1.79769e+308,1.79769e+308,22,21,20,19,18,17,16,15,14,15,16,17,18,17,18,19,20,21,
53
17,16,15,1.79769e+308,1.79769e+308,1.79769e+308,9,8,1.79769e+308,6,5,1.79769e+308,1.79769e+308,1.79769e+308,1.79769e+308,4,5,1.79769e+308,11,10,1.79769e+308,15,14,13,12,1.79769e+308,8,7,6,5,4,3,1.79769e+308,1.79769e+308,2,3,4,1.79769e+308,1.79769e+308,9,15,14,13,12,11,10,9,1.79769e+308,1.79769e+308,4,3,2,1,0,1,1.79769e+308,5,6,7,8,1.79769e+308,1.79769e+308,14,13,12,11,10,11,10,1.79769e+308,4,3,2,1,2,3,4,5,6,7,17,16,15,14,13,12,11,10,9,1.79769e+308,5,4,1.79769e+308,1.79769e+308,3,4,1.79769e+308,6,7,1.79769e+308,18,1.79769e+308,14,13,12,11,10,9,8,7,6,1.79769e+308,1.79769e+308,5,4,5,6,7,1.79769e+308,11,1.79769e+308,16,15,14,13,12,11,10,9,8,7,8,9,1.79769e+308,5,1.79769e+308,1.79769e+308,8,9,10,18,17,1.79769e+308,15,14,1.79769e+308,12,11,10,1.79769e+308,8,9,8,7,6,7,8,9,10,11,19,18,19,1.79769e+308,15,14,13,12,11,12,1.79769e+308,10,9,1.79769e+308,7,8,9,1.79769e+308,11,1.79769e+308,20,1.79769e+308,18,17,16,1.79769e+308,14,13,12,13,12,11,10,11,1.79769e+308,9,10,11,12,13,21,22,1.79769e+308,18,17,16,15,1.79769e+308,13,14,13,1.79769e+308,1.79769e+308,1.79769e+308,1.79769e+308,10,11,1.79769e+308,13,14,1.79769e+308,21,20,19,18,17,1.79769e+308,15,14,15,14,1.79769e+308,14,13,12,11,12,13,14,15,25,1.79769e+308,21,20,19,18,1.79769e+308,16,15,16,15,1.79769e+308,15,14,13,12,13,14,15,16,24,23,22,1.79769e+308,20,1.79769e+308,18,17,16,17,16,1.79769e+308,1.79769e+308,15,14,13,14,15,16,17,25,24,23,22,21,20,19,18,17,18,17,1.79769e+308,1.79769e+308,16,1.79769e+308,14,15,16,17,18,26,25,24,23,22,21,20,19,1.79769e+308,19,18,19,18,17,16,15,16,17,18,19,27,1.79769e+308,1.79769e+308,24,23,22,21,20,21,20,19,20,19,1.79769e+308,17,16,17,18,19,20,28,27,26,25,24,23,22,21,1.79769e+308,21,20,21,20,1.79769e+308,18,17,18,19,20,21,1.79769e+308,28,1.79769e+308,26,25,24,23,22,23,22,21,22,21,20,19,18,1.79769e+308,1.79769e+308,1.79769e+308,22,1.79769e+308,1.79769e+308,28,27,26,25,24,23,24,23,22,23,22,21,20,19,20,21,22,23,
193
22,21,20,1.79769e+308,1.79769e+308,1.79769e+308,16,15,1.79769e+308,13,12,1.79769e+308,1.79769e+308,1.79769e+308,1.79769e+308,13,14,1.79769e+308,18,17,1.79769e+308,20,19,18,17,1.79769e+308,15,14,13,12,11,12,1.79769e+308,1.79769e+308,11,12,13,1.79769e+308,1.79769e+308,16,20,19,18,17,16,15,14,1.79769e+308,1.79769e+308,11,10,11,12,11,10,1.79769e+308,12,13,14,15,1.79769e+308,1.79769e+308,17,16,15,14,13,12,11,1.79769e+308,9,10,11,10,9,10,11,12,13,14,18,17,16,15,14,13,12,11,10,1.79769e+308,8,9,1.79769e+308,1.79769e+308,8,9,1.79769e+308,11,12,1.79769e+308,19,1.79769e+308,15,14,13,12,11,10,9,8,7,1.79769e+308,1.79769e+308,8,7,8,9,10,1.79769e+308,12,1.79769e+308,15,14,13,12,11,10,9,8,7,6,5,4,1.79769e+308,6,1.79769e+308,1.79769e+308,9,10,11,17,16,1.79769e+308,12,11,1.79769e+308,9,8,7,1.79769e+308,5,4,3,4,5,6,7,8,9,10,16,15,14,1.79769e+308,10,9,8,7,6,5,1.79769e+308,3,2,1.79769e+308,6,7,8,1.79769e+308,10,1.79769e+308,17,1.79769e+308,13,12,11,1.79769e+308,7,6,5,4,3,2,1,0,1.79769e+308,8,9,10,11,12,16,15,1.79769e+308,11,10,9,8,1.79769e+308,6,5,4,1.79769e+308,1.79769e+308,1.79769e+308,1.79769e+308,9,10,1.79769e+308,12,13,1.79769e+308,14,13,12,11,10,1.79769e+308,8,7,6,5,1.79769e+308,13,12,11,10,11,12,13,14,18,1.79769e+308,14,13,12,11,1.79769e+308,9,8,7,6,1.79769e+308,14,13,12,11,12,13,14,15,17,16,15,1.79769e+308,13,1.79769e+308,11,10,9,8,7,1.79769e+308,1.79769e+308,14,13,12,13,14,15,16,18,17,16,15,14,13,12,11,10,9,8,1.79769e+308,1.79769e+308,13,1.79769e+308,13,14,15,16,17,19,18,17,16,15,14,13,12,1.79769e+308,10,9,10,11,12,13,14,15,16,17,18,20,1.79769e+308,1.79769e+308,17,16,15,14,13,12,11,10,11,12,1.79769e+308,14,15,16,17,18,19,21,20,19,18,17,16,15,14,1.79769e+308,12,11,12,13,1.79769e+308,15,16,17,18,19,20,1.79769e+308,21,1.79769e+308,19,18,17,16,15,14,13,12,13,14,15,16,17,1.79769e+308,1.79769e+308,1.79769e+308,21,1.79769e+308,1.79769e+308,21,20,19,18,17,16,15,14,13,14,15,16,17,18,19,20,21,22,
389
28,27,26,1.79769e+308,1.79769e+308,1.79769e+308,22,23,1.79769e+308,23,22,1.79769e+308,1.79769e+308,1.79769e+308,1.79769e+308,25,26,1.79769e+308,30,29,1.79769e+308,26,25,24,23,1.79769e+308,21,22,23,22,21,22,1.79769e+308,1.79769e+308,23,24,25,1.79769e+308,1.79769e+308,28,26,25,24,23,22,21,20,1.79769e+308,1.79769e+308,21,20,21,22,23,22,1.79769e+308,24,25,26,27,1.79769e+308,1.79769e+308,23,22,21,20,19,18,17,1.79769e+308,19,20,21,22,21,22,23,24,25,26,24,23,22,21,20,19,18,17,16,1.79769e+308,18,19,1.79769e+308,1.79769e+308,20,21,1.79769e+308,23,24,1.79769e+308,25,1.79769e+308,21,20,19,18,17,16,15,16,17,1.79769e+308,1.79769e+308,20,19,20,21,22,1.79769e+308,24,1.79769e+308,21,20,19,18,17,16,15,14,15,16,15,16,1.79769e+308,18,1.79769e+308,1.79769e+308,21,22,23,21,20,1.79769e+308,18,17,1.79769e+308,15,14,13,1.79769e+308,15,14,15,16,17,18,19,20,21,22,20,19,18,1.79769e+308,16,15,14,13,12,11,1.79769e+308,13,14,1.79769e+308,18,17,18,1.79769e+308,20,1.79769e+308,19,1.79769e+308,17,16,15,1.79769e+308,13,12,11,10,11,12,13,14,1.79769e+308,16,17,18,19,20,18,17,1.79769e+308,15,14,15,14,1.79769e+308,10,9,10,1.79769e+308,1.79769e+308,1.79769e+308,1.79769e+308,15,16,1.79769e+308,18,19,1.79769e+308,16,15,14,13,14,1.79769e+308,10,9,8,9,1.79769e+308,13,12,13,14,15,16,17,18,16,1.79769e+308,14,13,12,13,1.79769e+308,9,8,7,8,1.79769e+308,12,11,12,13,14,15,16,17,15,14,13,1.79769e+308,11,1.79769e+308,9,8,7,6,7,1.79769e+308,1.79769e+308,10,11,12,13,14,15,16,14,13,12,11,10,9,8,7,6,5,6,1.79769e+308,1.79769e+308,9,1.79769e+308,11,12,13,14,15,13,12,11,10,9,8,7,6,1.79769e+308,4,5,6,7,8,9,10,11,12,13,14,12,1.79769e+308,1.79769e+308,9,8,7,6,5,4,3,4,5,6,1.79769e+308,8,9,10,11,12,13,11,10,9,8,7,6,5,4,1.79769e+308,2,3,4,5,1.79769e+308,7,8,9,10,11,12,1.79769e+308,11,1.79769e+308,7,6,5,4,3,2,1,2,3,4,5,6,7,1.79769e+308,1.79769e+308,1.79769e+308,11,1.79769e+308,1.79769e+308,7,6,5,4,3,2,1,0,1,2,3,4,5,6,7,8,9,10,
0
0,1,2,1.79769e+308,1.79769e+308,1.79769e+308,10,11,1.79769e+308,13,14,1.79769e+308,1.79769e+308,1.79769e+308,1.79769e+308,21,22,1.79769e+308,28,27,1.79769e+308,2,3,4,5,1.79769e+308,9,10,11,12,13,14,1.79769e+308,1.79769e+308,19,20,21,1.79769e+308,1.79769e+308,26,4,3,4,5,6,7,8,1.79769e+308,1.79769e+308,13,14,15,16,17,18,1.79769e+308,22,23,24,25,1.79769e+308,1.79769e+308,5,6,7,8,9,10,11,1.79769e+308,15,16,17,18,19,20,21,22,23,24,8,7,6,7,8,9,10,11,12,1.79769e+308,16,17,1.79769e+308,1.79769e+308,20,21,1.79769e+308,23,24,1.79769e+308,9,1.79769e+308,7,8,9,10,11,12,13,14,15,1.79769e+308,1.79769e+308,22,21,22,23,24,1.79769e+308,28,1.79769e+308,9,8,9,10,11,12,13,14,15,16,17,18,1.79769e+308,22,1.79769e+308,1.79769e+308,25,26,27,11,10,1.79769e+308,10,11,1.79769e+308,13,14,15,1.79769e+308,17,18,19,20,21,22,23,24,25,26,12,11,12,1.79769e+308,12,13,14,15,16,17,1.79769e+308,19,20,1.79769e+308,22,23,24,1.79769e+308,26,1.79769e+308,13,1.79769e+308,13,14,13,1.79769e+308,15,16,17,18,19,20,21,22,1.79769e+308,24,25,26,27,28,14,15,1.79769e+308,15,14,15,16,1.79769e+308,18,19,20,1.79769e+308,1.79769e+308,1.79769e+308,1.79769e+308,25,26,1.79769e+308,28,29,1.79769e+308,16,17,16,15,16,1.79769e+308,20,19,20,21,1.79769e+308,29,28,27,26,27,28,29,30,22,1.79769e+308,18,17,16,17,1.79769e+308,21,20,21,22,1.79769e+308,30,29,28,27,28,29,30,31,21,20,19,1.79769e+308,17,1.79769e+308,21,22,21,22,23,1.79769e+308,1.79769e+308,30,29,28,29,30,31,32,22,21,20,19,18,19,20,21,22,23,24,1.79769e+308,1.79769e+308,29,1.79769e+308,29,30,31,32,33,23,22,21,20,19,20,21,22,1.79769e+308,24,25,26,27,28,29,30,31,32,33,34,24,1.79769e+308,1.79769e+308,21,20,21,22,23,24,25,26,27,28,1.79769e+308,30,31,32,33,34,35,25,24,23,22,21,22,23,24,1.79769e+308,26,27,28,29,1.79769e+308,31,32,33,34,35,36,1.79769e+308,25,1.79769e+308,23,22,23,24,25,26,27,28,29,30,31,32,33,1.79769e+308,1.79769e+308,1.79769e+308,37,1.79769e+308,1.79769e+308,25,24,23,24,25,26,27,28,29,30,31,32,33,34,35,36,37,38,
